site_id,site_name,latitude,longitude,elevation,monitoring,notes,entity_id,entity_name,entity_status,corresponding_current,persist_id,depth_ref,geology,rock_age,wokam,vegetation_type,land_use,copernicus_lcc,cover_type,cover_thickness,host_rock_trace_elements,drip_water_trace_elements,distance_entrance,speleothem_type,drip_type,drip_height,d13C,d18O,iso_std,d18O_water_equilibrium,d18O_dripwater_carbonate_difference,organics,fluid_inclusions,mineralogy_petrology_fabric,clumped_isotopes,noble_gas_temperatures,C14,ODL,Sr_Ca,Sr_Ca_method,Sr_Ca_std,Sr_Ca_downsampled,Sr_Ca_downsampling_method,Mg_Ca,Mg_Ca_method,Mg_Ca_std,Mg_Ca_downsampled,Mg_Ca_downsampling_method,Ba_Ca,Ba_Ca_method,Ba_Ca_std,Ba_Ca_downsampled,Ba_Ca_downsampling_method,U_Ca,U_Ca_method,U_Ca_std,U_Ca_downsampled,U_Ca_downsampling_method,P_Ca,P_Ca_method,P_Ca_std,P_Ca_downsampled,P_Ca_downsampling_method,Sr_isotopes,Sr_isotopes_method,Sr_isotopes_std,trace_elements_datafile,trace_elements_metadatafile,cave_map,contact,data_DOI_URL,depth,dating_id,sample_id,date_type,dating_thickness,lab_num,material_dated,min_weight,max_weight,uncorr_age,uncorr_age_uncert_pos,uncorr_age_uncert_neg,14C_correction,calib_used,date_used,238U_content,238U_uncertainty,232Th_content,232Th_uncertainty,230Th_content,230Th_uncertainty,230Th_232Th_ratio,230Th_232Th_ratio_uncertainty,230Th_238U_activity,230Th_238U_activity_uncertainty,234U_238U_activity,234U_238U_activity_uncertainty,ini_230Th_232Th_ratio,ini_230Th_232Th_ratio_uncertainty,decay_constant,corr_age,corr_age_uncert_pos,corr_age_uncert_neg,date_used_lin_interp,date_used_lin_reg,date_used_Bchron,date_used_Bacon,date_used_OxCal,date_used_copRa,date_used_StalAge,depth_lam,lam_thickness,lam_age,lam_age_uncert_pos,lam_age_uncert_neg,sample_thickness,depth_sample,mineralogy,arag_corr,hiatus,Ba_Ca_measurement,Ba_Ca_precision,Mg_Ca_measurement,Mg_Ca_precision,P_Ca_measurement,P_Ca_precision,Sr_Ca_measurement,Sr_Ca_precision,U_Ca_measurement,U_Ca_precision,Sr_isotopes_measurement,Sr_isotopes_precision,d18O_measurement,d18O_precision,d13C_measurement,d13C_precision,interp_age,interp_age_uncert_pos,interp_age_uncert_neg,age_model_type,ann_lam_check,dep_rate_check,lin_interp_age,lin_interp_age_uncert_pos,lin_interp_age_uncert_neg,lin_reg_age,lin_reg_age_uncert_pos,lin_reg_age_uncert_neg,Bchron_age,Bchron_age_uncert_pos,Bchron_age_uncert_neg,Bacon_age,Bacon_age_uncert_pos,Bacon_age_uncert_neg,OxCal_age,OxCal_age_uncert_pos,OxCal_age_uncert_neg,copRa_age,copRa_age_uncert_pos,copRa_age_uncert_neg,StalAge_age,StalAge_age_uncert_pos,StalAge_age_uncert_neg,composite_entity_id,agetype,d13C_measurement_units,d13C_precision_units,d18O_measurement_units,d18O_precision_units,Sr_isotopes_measurement_units,Sr_isotopes_precision_units,Sr_Ca_measurement_units,Sr_Ca_precision_units,Mg_Ca_measurement_units,Mg_Ca_precision_units,Ba_Ca_measurement_units,Ba_Ca_precision_units,U_Ca_measurement_units,U_Ca_precision_units,P_Ca_measurement_units,P_Ca_precision_units,depth_lam_units,lam_thickness_units,dating_thickness_units,min_weight_units,max_weight_units,14C_correction_units,238U_content_units,238U_uncertainty_units,232Th_content_units,232Th_uncertainty_units,230Th_content_units,230Th_uncertainty_units,230Th_232Th_ratio_units,230Th_232Th_ratio_uncertainty_units,230Th_238U_activity_units,230Th_238U_activity_uncertainty_units,234U_238U_activity_units,234U_238U_activity_uncertainty_units,ini_230Th_232Th_ratio_units,ini_230Th_232Th_ratio_uncertainty_units,cover_thickness_units,distance_entrance_units,drip_height_units,d18O_dripwater_carbonate_difference_units,latitude_units,longitude_units,elevation_units,lam_age_units,lam_age_uncert_pos_units,uncorr_age_units,uncorr_age_uncert_pos_units,uncorr_age_uncert_neg_units,corr_age_units,corr_age_uncert_pos_units,corr_age_uncert_neg_units,ref_id,publication_DOI,citation,doi_database,external_description
1,Bittoo cave,30.7903,77.7764,3000.0,yes,,5,BT-2.4,current,,1-BT24,from top,limestone,Pleistocene,discontinuous carbonate,unknown,unknown,"closed forest, evergreen needle leaf",unknown,30.0,no,no,32.4,stalagmite,unknown,,yes,yes,Vienna-PDB,unknown,,no,no,yes,no,no,no,no,no,,,,,no,,,,,no,,,,,no,,,,,no,,,,,no,,,no,,no,"Cheng, Hai",https://www.ncdc.noaa.gov/paleo/study/20449,9.6,,289637,,,,,,,,,,,,,,,,,,,,,,,,,,,,,,,,,,,,,,,,,,,,9.6,calcite,not applicable,,,,,,,,,,,,,,-7.84,0.08,-9.65,0.04,179279.9152,,,StalAge,not applicable,not applicable,179550.1226,975.8046215,1246.644906,179636.0735,1291.415288,1334.318748,179714.5,847.8,1352.3,179801.0621,778.748992,920.65136,,,,179598.4306,951.5265224,1304.076566,179555.5241,899.4470079,912.7734519,,Calibrated radiocarbon years BP,per mille,per mille,per mille,per mille,mol/mol,mol/mol,mmol/mol,mmol/mol,mmol/mol,mmol/mol,mmol/mol,mmol/mol,mmol/mol,mmol/mol,mmol/mol,mmol/mol,mm,mm,mm,mg,mg,%,ppb,ppb (2-sigma uncertainty),ppt,ppt (2-sigma uncertainty),ppt,ppt (2-sigma uncertainty),activity ratio,activity ratio (2-sigma uncertainty),activity ratio,activity ratio (2-sigma uncertainty),activity ratio,activity ratio (2-sigma uncertainty),activity ratio,activity ratio (2-sigma uncertainty),m,m,m,per mille,degrees decimal,degrees decimal,meters a.s.l. ,year,year,year,year,year,year,year,year,1,10.1038/srep24374,"Kathayat, G., Cheng, H., Sinha, A., Spötl, C., Edwards, R. L., Zhang, H., Li, X., Yi, L., Ning, Y., Cai, Y., Lui, W. L. and Breitenbach, S. F. M.: Indian monsoon variability on millennial-orbital timescales, Sci. Rep., 6(1), 2016.",NOAA,"d13C, d18O, mineralogy_petrology_fabric"
1,Bittoo cave,30.7903,77.7764,3000.0,yes,,5,BT-2.4,current,,1-BT24,from top,limestone,Pleistocene,discontinuous carbonate,unknown,unknown,"closed forest, evergreen needle leaf",unknown,30.0,no,no,32.4,stalagmite,unknown,,yes,yes,Vienna-PDB,unknown,,no,no,yes,no,no,no,no,no,,,,,no,,,,,no,,,,,no,,,,,no,,,,,no,,,no,,no,"Cheng, Hai",https://www.ncdc.noaa.gov/paleo/study/20449,10.8,,289638,,,,,,,,,,,,,,,,,,,,,,,,,,,,,,,,,,,,,,,,,,,,10.8,calcite,not applicable,,,,,,,,,,,,,,-8.06,0.08,-9.24,0.04,179355.5296,,,StalAge,not applicable,not applicable,179588.7127,952.4819399,1189.831153,179682.7136,1274.24353,1312.170326,179735.5,838.55,1322.4,179855.2886,766.746092,900.197788,,,,179634.3194,928.5788714,1245.311467,179603.4032,875.7729586,884.4222867,,Calibrated radiocarbon years BP,per mille,per mille,per mille,per mille,mol/mol,mol/mol,mmol/mol,mmol/mol,mmol/mol,mmol/mol,mmol/mol,mmol/mol,mmol/mol,mmol/mol,mmol/mol,mmol/mol,mm,mm,mm,mg,mg,%,ppb,ppb (2-sigma uncertainty),ppt,ppt (2-sigma uncertainty),ppt,ppt (2-sigma uncertainty),activity ratio,activity ratio (2-sigma uncertainty),activity ratio,activity ratio (2-sigma uncertainty),activity ratio,activity ratio (2-sigma uncertainty),activity ratio,activity ratio (2-sigma uncertainty),m,m,m,per mille,degrees decimal,degrees decimal,meters a.s.l. ,year,year,year,year,year,year,year,year,1,10.1038/srep24374,"Kathayat, G., Cheng, H., Sinha, A., Spötl, C., Edwards, R. L., Zhang, H., Li, X., Yi, L., Ning, Y., Cai, Y., Lui, W. L. and Breitenbach, S. F. M.: Indian monsoon variability on millennial-orbital timescales, Sci. Rep., 6(1), 2016.",NOAA,"d13C, d18O, mineralogy_petrology_fabric"
1,Bittoo cave,30.7903,77.7764,3000.0,yes,,5,BT-2.4,current,,1-BT24,from top,limestone,Pleistocene,discontinuous carbonate,unknown,unknown,"closed forest, evergreen needle leaf",unknown,30.0,no,no,32.4,stalagmite,unknown,,yes,yes,Vienna-PDB,unknown,,no,no,yes,no,no,no,no,no,,,,,no,,,,,no,,,,,no,,,,,no,,,,,no,,,no,,no,"Cheng, Hai",https://www.ncdc.noaa.gov/paleo/study/20449,12.0,,289639,,,,,,,,,,,,,,,,,,,,,,,,,,,,,,,,,,,,,,,,,,,,12.0,calcite,not applicable,,,,,,,,,,,,,,-7.32,0.08,-9.74,0.04,179431.144,,,StalAge,not applicable,not applicable,179629.7669,917.9241873,1152.604765,179729.9761,1258.001343,1290.644401,179762.5,817.1,1324.2,179906.5562,755.7878,859.98138,,,,179668.7099,910.7071182,1182.606624,179652.1041,852.0300119,857.4292726,,Calibrated radiocarbon years BP,per mille,per mille,per mille,per mille,mol/mol,mol/mol,mmol/mol,mmol/mol,mmol/mol,mmol/mol,mmol/mol,mmol/mol,mmol/mol,mmol/mol,mmol/mol,mmol/mol,mm,mm,mm,mg,mg,%,ppb,ppb (2-sigma uncertainty),ppt,ppt (2-sigma uncertainty),ppt,ppt (2-sigma uncertainty),activity ratio,activity ratio (2-sigma uncertainty),activity ratio,activity ratio (2-sigma uncertainty),activity ratio,activity ratio (2-sigma uncertainty),activity ratio,activity ratio (2-sigma uncertainty),m,m,m,per mille,degrees decimal,degrees decimal,meters a.s.l. ,year,year,year,year,year,year,year,year,1,10.1038/srep24374,"Kathayat, G., Cheng, H., Sinha, A., Spötl, C., Edwards, R. L., Zhang, H., Li, X., Yi, L., Ning, Y., Cai, Y., Lui, W. L. and Breitenbach, S. F. M.: Indian monsoon variability on millennial-orbital timescales, Sci. Rep., 6(1), 2016.",NOAA,"d13C, d18O, mineralogy_petrology_fabric"
1,Bittoo cave,30.7903,77.7764,3000.0,yes,,5,BT-2.4,current,,1-BT24,from top,limestone,Pleistocene,discontinuous carbonate,unknown,unknown,"closed forest, evergreen needle leaf",unknown,30.0,no,no,32.4,stalagmite,unknown,,yes,yes,Vienna-PDB,unknown,,no,no,yes,no,no,no,no,no,,,,,no,,,,,no,,,,,no,,,,,no,,,,,no,,,no,,no,"Cheng, Hai",https://www.ncdc.noaa.gov/paleo/study/20449,13.2,,289640,,,,,,,,,,,,,,,,,,,,,,,,,,,,,,,,,,,,,,,,,,,,13.2,calcite,not applicable,,,,,,,,,,,,,,-7.39,0.08,-9.75,0.04,179506.7584,,,StalAge,not applicable,not applicable,179676.0238,884.6630596,1098.533869,179777.6583,1240.563565,1269.918425,179795.0,801.1,1276.2,179956.3734,745.550268,835.633572,,,,179708.9199,895.1776852,1138.744817,179701.5789,836.1322948,839.2814311,,Calibrated radiocarbon years BP,per mille,per mille,per mille,per mille,mol/mol,mol/mol,mmol/mol,mmol/mol,mmol/mol,mmol/mol,mmol/mol,mmol/mol,mmol/mol,mmol/mol,mmol/mol,mmol/mol,mm,mm,mm,mg,mg,%,ppb,ppb (2-sigma uncertainty),ppt,ppt (2-sigma uncertainty),ppt,ppt (2-sigma uncertainty),activity ratio,activity ratio (2-sigma uncertainty),activity ratio,activity ratio (2-sigma uncertainty),activity ratio,activity ratio (2-sigma uncertainty),activity ratio,activity ratio (2-sigma uncertainty),m,m,m,per mille,degrees decimal,degrees decimal,meters a.s.l. ,year,year,year,year,year,year,year,year,1,10.1038/srep24374,"Kathayat, G., Cheng, H., Sinha, A., Spötl, C., Edwards, R. L., Zhang, H., Li, X., Yi, L., Ning, Y., Cai, Y., Lui, W. L. and Breitenbach, S. F. M.: Indian monsoon variability on millennial-orbital timescales, Sci. Rep., 6(1), 2016.",NOAA,"d13C, d18O, mineralogy_petrology_fabric"
1,Bittoo cave,30.7903,77.7764,3000.0,yes,,5,BT-2.4,current,,1-BT24,from top,limestone,Pleistocene,discontinuous carbonate,unknown,unknown,"closed forest, evergreen needle leaf",unknown,30.0,no,no,32.4,stalagmite,unknown,,yes,yes,Vienna-PDB,unknown,,no,no,yes,no,no,no,no,no,,,,,no,,,,,no,,,,,no,,,,,no,,,,,no,,,no,,no,"Cheng, Hai",https://www.ncdc.noaa.gov/paleo/study/20449,14.4,,289641,,,,,,,,,,,,,,,,,,,,,,,,,,,,,,,,,,,,,,,,,,,,14.4,calcite,not applicable,,,,,,,,,,,,,,-7.23,0.08,-9.37,0.04,179582.3728,,,StalAge,not applicable,not applicable,179719.7305,853.9635774,1067.690727,179826.5258,1221.94037,1248.722785,179820.5,782.05,1197.5,180010.2394,734.482892,817.207728,,,,179748.8455,874.9223175,1079.269561,179751.9634,817.4411701,823.250455,,Calibrated radiocarbon years BP,per mille,per mille,per mille,per mille,mol/mol,mol/mol,mmol/mol,mmol/mol,mmol/mol,mmol/mol,mmol/mol,mmol/mol,mmol/mol,mmol/mol,mmol/mol,mmol/mol,mm,mm,mm,mg,mg,%,ppb,ppb (2-sigma uncertainty),ppt,ppt (2-sigma uncertainty),ppt,ppt (2-sigma uncertainty),activity ratio,activity ratio (2-sigma uncertainty),activity ratio,activity ratio (2-sigma uncertainty),activity ratio,activity ratio (2-sigma uncertainty),activity ratio,activity ratio (2-sigma uncertainty),m,m,m,per mille,degrees decimal,degrees decimal,meters a.s.l. ,year,year,year,year,year,year,year,year,1,10.1038/srep24374,"Kathayat, G., Cheng, H., Sinha, A., Spötl, C., Edwards, R. L., Zhang, H., Li, X., Yi, L., Ning, Y., Cai, Y., Lui, W. L. and Breitenbach, S. F. M.: Indian monsoon variability on millennial-orbital timescales, Sci. Rep., 6(1), 2016.",NOAA,"d13C, d18O, mineralogy_petrology_fabric"
1,Bittoo cave,30.7903,77.7764,3000.0,yes,,5,BT-2.4,current,,1-BT24,from top,limestone,Pleistocene,discontinuous carbonate,unknown,unknown,"closed forest, evergreen needle leaf",unknown,30.0,no,no,32.4,stalagmite,unknown,,yes,yes,Vienna-PDB,unknown,,no,no,yes,no,no,no,no,no,,,,,no,,,,,no,,,,,no,,,,,no,,,,,no,,,no,,no,"Cheng, Hai",https://www.ncdc.noaa.gov/paleo/study/20449,15.6,,289642,,,,,,,,,,,,,,,,,,,,,,,,,,,,,,,,,,,,,,,,,,,,15.6,calcite,not applicable,,,,,,,,,,,,,,-7.14,0.08,-9.43,0.04,179657.9872,,,StalAge,not applicable,not applicable,179757.8883,828.0163196,1018.612023,179875.4621,1203.248508,1228.292579,179844.5,771.6,1094.9,180065.0139,721.916076,811.824972,,,,179787.796,851.9838771,1013.637852,179802.7569,798.0399726,806.0548846,,Calibrated radiocarbon years BP,per mille,per mille,per mille,per mille,mol/mol,mol/mol,mmol/mol,mmol/mol,mmol/mol,mmol/mol,mmol/mol,mmol/mol,mmol/mol,mmol/mol,mmol/mol,mmol/mol,mm,mm,mm,mg,mg,%,ppb,ppb (2-sigma uncertainty),ppt,ppt (2-sigma uncertainty),ppt,ppt (2-sigma uncertainty),activity ratio,activity ratio (2-sigma uncertainty),activity ratio,activity ratio (2-sigma uncertainty),activity ratio,activity ratio (2-sigma uncertainty),activity ratio,activity ratio (2-sigma uncertainty),m,m,m,per mille,degrees decimal,degrees decimal,meters a.s.l. ,year,year,year,year,year,year,year,year,1,10.1038/srep24374,"Kathayat, G., Cheng, H., Sinha, A., Spötl, C., Edwards, R. L., Zhang, H., Li, X., Yi, L., Ning, Y., Cai, Y., Lui, W. L. and Breitenbach, S. F. M.: Indian monsoon variability on millennial-orbital timescales, Sci. Rep., 6(1), 2016.",NOAA,"d13C, d18O, mineralogy_petrology_fabric"
1,Bittoo cave,30.7903,77.7764,3000.0,yes,,5,BT-2.4,current,,1-BT24,from top,limestone,Pleistocene,discontinuous carbonate,unknown,unknown,"closed forest, evergreen needle leaf",unknown,30.0,no,no,32.4,stalagmite,unknown,,yes,yes,Vienna-PDB,unknown,,no,no,yes,no,no,no,no,no,,,,,no,,,,,no,,,,,no,,,,,no,,,,,no,,,no,,no,"Cheng, Hai",https://www.ncdc.noaa.gov/paleo/study/20449,16.8,,289643,,,,,,,,,,,,,,,,,,,,,,,,,,,,,,,,,,,,,,,,,,,,16.8,calcite,not applicable,,,,,,,,,,,,,,-7.7,0.08,-9.57,0.04,179733.6016,,,StalAge,not applicable,not applicable,179797.0246,803.6144929,977.0872093,179922.0752,1186.879767,1205.539253,179876.0,755.0,1035.05,180120.3099,716.329924,802.888932,,,,179829.1025,832.1724368,981.0200008,179852.9739,786.1561508,787.009564,,Calibrated radiocarbon years BP,per mille,per mille,per mille,per mille,mol/mol,mol/mol,mmol/mol,mmol/mol,mmol/mol,mmol/mol,mmol/mol,mmol/mol,mmol/mol,mmol/mol,mmol/mol,mmol/mol,mm,mm,mm,mg,mg,%,ppb,ppb (2-sigma uncertainty),ppt,ppt (2-sigma uncertainty),ppt,ppt (2-sigma uncertainty),activity ratio,activity ratio (2-sigma uncertainty),activity ratio,activity ratio (2-sigma uncertainty),activity ratio,activity ratio (2-sigma uncertainty),activity ratio,activity ratio (2-sigma uncertainty),m,m,m,per mille,degrees decimal,degrees decimal,meters a.s.l. ,year,year,year,year,year,year,year,year,1,10.1038/srep24374,"Kathayat, G., Cheng, H., Sinha, A., Spötl, C., Edwards, R. L., Zhang, H., Li, X., Yi, L., Ning, Y., Cai, Y., Lui, W. L. and Breitenbach, S. F. M.: Indian monsoon variability on millennial-orbital timescales, Sci. Rep., 6(1), 2016.",NOAA,"d13C, d18O, mineralogy_petrology_fabric"
1,Bittoo cave,30.7903,77.7764,3000.0,yes,,5,BT-2.4,current,,1-BT24,from top,limestone,Pleistocene,discontinuous carbonate,unknown,unknown,"closed forest, evergreen needle leaf",unknown,30.0,no,no,32.4,stalagmite,unknown,,yes,yes,Vienna-PDB,unknown,,no,no,yes,no,no,no,no,no,,,,,no,,,,,no,,,,,no,,,,,no,,,,,no,,,no,,no,"Cheng, Hai",https://www.ncdc.noaa.gov/paleo/study/20449,18.0,,289644,,,,,,,,,,,,,,,,,,,,,,,,,,,,,,,,,,,,,,,,,,,,18.0,calcite,not applicable,,,,,,,,,,,,,,-7.77,0.08,-9.69,0.04,179809.216,,,StalAge,not applicable,not applicable,179831.4731,785.4958824,931.4017649,179968.1481,1171.051173,1183.434585,179911.5,736.65,981.55,180173.7696,716.84448,806.27694,,,,179863.6084,816.3535537,929.1627673,179901.4155,777.5573638,763.7948292,,Calibrated radiocarbon years BP,per mille,per mille,per mille,per mille,mol/mol,mol/mol,mmol/mol,mmol/mol,mmol/mol,mmol/mol,mmol/mol,mmol/mol,mmol/mol,mmol/mol,mmol/mol,mmol/mol,mm,mm,mm,mg,mg,%,ppb,ppb (2-sigma uncertainty),ppt,ppt (2-sigma uncertainty),ppt,ppt (2-sigma uncertainty),activity ratio,activity ratio (2-sigma uncertainty),activity ratio,activity ratio (2-sigma uncertainty),activity ratio,activity ratio (2-sigma uncertainty),activity ratio,activity ratio (2-sigma uncertainty),m,m,m,per mille,degrees decimal,degrees decimal,meters a.s.l. ,year,year,year,year,year,year,year,year,1,10.1038/srep24374,"Kathayat, G., Cheng, H., Sinha, A., Spötl, C., Edwards, R. L., Zhang, H., Li, X., Yi, L., Ning, Y., Cai, Y., Lui, W. L. and Breitenbach, S. F. M.: Indian monsoon variability on millennial-orbital timescales, Sci. Rep., 6(1), 2016.",NOAA,"d13C, d18O, mineralogy_petrology_fabric"
1,Bittoo cave,30.7903,77.7764,3000.0,yes,,5,BT-2.4,current,,1-BT24,from top,limestone,Pleistocene,discontinuous carbonate,unknown,unknown,"closed forest, evergreen needle leaf",unknown,30.0,no,no,32.4,stalagmite,unknown,,yes,yes,Vienna-PDB,unknown,,no,no,yes,no,no,no,no,no,,,,,no,,,,,no,,,,,no,,,,,no,,,,,no,,,no,,no,"Cheng, Hai",https://www.ncdc.noaa.gov/paleo/study/20449,19.2,,289645,,,,,,,,,,,,,,,,,,,,,,,,,,,,,,,,,,,,,,,,,,,,19.2,calcite,not applicable,,,,,,,,,,,,,,-7.42,0.08,-9.71,0.04,179884.8304,,,StalAge,not applicable,not applicable,179871.4836,764.0894943,885.5602819,180016.6762,1150.555967,1167.991244,179944.5,721.55,928.95,180229.3858,726.080008,805.9463888,,,,179901.5681,793.6915698,868.6439227,179949.0767,766.8618887,737.869483,,Calibrated radiocarbon years BP,per mille,per mille,per mille,per mille,mol/mol,mol/mol,mmol/mol,mmol/mol,mmol/mol,mmol/mol,mmol/mol,mmol/mol,mmol/mol,mmol/mol,mmol/mol,mmol/mol,mm,mm,mm,mg,mg,%,ppb,ppb (2-sigma uncertainty),ppt,ppt (2-sigma uncertainty),ppt,ppt (2-sigma uncertainty),activity ratio,activity ratio (2-sigma uncertainty),activity ratio,activity ratio (2-sigma uncertainty),activity ratio,activity ratio (2-sigma uncertainty),activity ratio,activity ratio (2-sigma uncertainty),m,m,m,per mille,degrees decimal,degrees decimal,meters a.s.l. ,year,year,year,year,year,year,year,year,1,10.1038/srep24374,"Kathayat, G., Cheng, H., Sinha, A., Spötl, C., Edwards, R. L., Zhang, H., Li, X., Yi, L., Ning, Y., Cai, Y., Lui, W. L. and Breitenbach, S. F. M.: Indian monsoon variability on millennial-orbital timescales, Sci. Rep., 6(1), 2016.",NOAA,"d13C, d18O, mineralogy_petrology_fabric"
1,Bittoo cave,30.7903,77.7764,3000.0,yes,,5,BT-2.4,current,,1-BT24,from top,limestone,Pleistocene,discontinuous carbonate,unknown,unknown,"closed forest, evergreen needle leaf",unknown,30.0,no,no,32.4,stalagmite,unknown,,yes,yes,Vienna-PDB,unknown,,no,no,yes,no,no,no,no,no,,,,,no,,,,,no,,,,,no,,,,,no,,,,,no,,,no,,no,"Cheng, Hai",https://www.ncdc.noaa.gov/paleo/study/20449,20.4,,289646,,,,,,,,,,,,,,,,,,,,,,,,,,,,,,,,,,,,,,,,,,,,20.4,calcite,not applicable,,,,,,,,,,,,,,-7.62,0.08,-9.7,0.04,179960.4448,,,StalAge,not applicable,not applicable,179916.1815,739.9244456,845.4422549,180065.0325,1134.438591,1147.293182,179975.0,720.0,868.1,180281.7285,733.353456,804.122448,,,,179939.7318,772.29727,830.702605,179999.9225,752.217491,716.6437753,,Calibrated radiocarbon years BP,per mille,per mille,per mille,per mille,mol/mol,mol/mol,mmol/mol,mmol/mol,mmol/mol,mmol/mol,mmol/mol,mmol/mol,mmol/mol,mmol/mol,mmol/mol,mmol/mol,mm,mm,mm,mg,mg,%,ppb,ppb (2-sigma uncertainty),ppt,ppt (2-sigma uncertainty),ppt,ppt (2-sigma uncertainty),activity ratio,activity ratio (2-sigma uncertainty),activity ratio,activity ratio (2-sigma uncertainty),activity ratio,activity ratio (2-sigma uncertainty),activity ratio,activity ratio (2-sigma uncertainty),m,m,m,per mille,degrees decimal,degrees decimal,meters a.s.l. ,year,year,year,year,year,year,year,year,1,10.1038/srep24374,"Kathayat, G., Cheng, H., Sinha, A., Spötl, C., Edwards, R. L., Zhang, H., Li, X., Yi, L., Ning, Y., Cai, Y., Lui, W. L. and Breitenbach, S. F. M.: Indian monsoon variability on millennial-orbital timescales, Sci. Rep., 6(1), 2016.",NOAA,"d13C, d18O, mineralogy_petrology_fabric"
1,Bittoo cave,30.7903,77.7764,3000.0,yes,,5,BT-2.4,current,,1-BT24,from top,limestone,Pleistocene,discontinuous carbonate,unknown,unknown,"closed forest, evergreen needle leaf",unknown,30.0,no,no,32.4,stalagmite,unknown,,yes,yes,Vienna-PDB,unknown,,no,no,yes,no,no,no,no,no,,,,,no,,,,,no,,,,,no,,,,,no,,,,,no,,,no,,no,"Cheng, Hai",https://www.ncdc.noaa.gov/paleo/study/20449,21.6,,289647,,,,,,,,,,,,,,,,,,,,,,,,,,,,,,,,,,,,,,,,,,,,21.6,calcite,not applicable,,,,,,,,,,,,,,-7.2,0.08,-9.64,0.04,180036.0592,,,StalAge,not applicable,not applicable,179953.5813,715.8172935,807.51275,180111.5814,1119.251521,1129.703598,180013.0,711.2,783.15,180329.9555,718.573088,781.928948,,,,179981.3914,760.2021268,791.2658458,180052.1176,736.8037759,701.2851205,,Calibrated radiocarbon years BP,per mille,per mille,per mille,per mille,mol/mol,mol/mol,mmol/mol,mmol/mol,mmol/mol,mmol/mol,mmol/mol,mmol/mol,mmol/mol,mmol/mol,mmol/mol,mmol/mol,mm,mm,mm,mg,mg,%,ppb,ppb (2-sigma uncertainty),ppt,ppt (2-sigma uncertainty),ppt,ppt (2-sigma uncertainty),activity ratio,activity ratio (2-sigma uncertainty),activity ratio,activity ratio (2-sigma uncertainty),activity ratio,activity ratio (2-sigma uncertainty),activity ratio,activity ratio (2-sigma uncertainty),m,m,m,per mille,degrees decimal,degrees decimal,meters a.s.l. ,year,year,year,year,year,year,year,year,1,10.1038/srep24374,"Kathayat, G., Cheng, H., Sinha, A., Spötl, C., Edwards, R. L., Zhang, H., Li, X., Yi, L., Ning, Y., Cai, Y., Lui, W. L. and Breitenbach, S. F. M.: Indian monsoon variability on millennial-orbital timescales, Sci. Rep., 6(1), 2016.",NOAA,"d13C, d18O, mineralogy_petrology_fabric"
1,Bittoo cave,30.7903,77.7764,3000.0,yes,,5,BT-2.4,current,,1-BT24,from top,limestone,Pleistocene,discontinuous carbonate,unknown,unknown,"closed forest, evergreen needle leaf",unknown,30.0,no,no,32.4,stalagmite,unknown,,yes,yes,Vienna-PDB,unknown,,no,no,yes,no,no,no,no,no,,,,,no,,,,,no,,,,,no,,,,,no,,,,,no,,,no,,no,"Cheng, Hai",https://www.ncdc.noaa.gov/paleo/study/20449,22.8,,289648,,,,,,,,,,,,,,,,,,,,,,,,,,,,,,,,,,,,,,,,,,,,22.8,calcite,not applicable,,,,,,,,,,,,,,-6.59,0.08,-9.27,0.04,180111.6736,,,StalAge,not applicable,not applicable,179997.4512,696.199336,782.2783845,180158.0793,1104.987748,1108.755839,180057.5,721.6,709.5,180378.5474,708.889678,760.486346,,,,180019.6203,742.535165,750.920593,180101.2129,725.2048522,688.174361,,Calibrated radiocarbon years BP,per mille,per mille,per mille,per mille,mol/mol,mol/mol,mmol/mol,mmol/mol,mmol/mol,mmol/mol,mmol/mol,mmol/mol,mmol/mol,mmol/mol,mmol/mol,mmol/mol,mm,mm,mm,mg,mg,%,ppb,ppb (2-sigma uncertainty),ppt,ppt (2-sigma uncertainty),ppt,ppt (2-sigma uncertainty),activity ratio,activity ratio (2-sigma uncertainty),activity ratio,activity ratio (2-sigma uncertainty),activity ratio,activity ratio (2-sigma uncertainty),activity ratio,activity ratio (2-sigma uncertainty),m,m,m,per mille,degrees decimal,degrees decimal,meters a.s.l. ,year,year,year,year,year,year,year,year,1,10.1038/srep24374,"Kathayat, G., Cheng, H., Sinha, A., Spötl, C., Edwards, R. L., Zhang, H., Li, X., Yi, L., Ning, Y., Cai, Y., Lui, W. L. and Breitenbach, S. F. M.: Indian monsoon variability on millennial-orbital timescales, Sci. Rep., 6(1), 2016.",NOAA,"d13C, d18O, mineralogy_petrology_fabric"
1,Bittoo cave,30.7903,77.7764,3000.0,yes,,5,BT-2.4,current,,1-BT24,from top,limestone,Pleistocene,discontinuous carbonate,unknown,unknown,"closed forest, evergreen needle leaf",unknown,30.0,no,no,32.4,stalagmite,unknown,,yes,yes,Vienna-PDB,unknown,,no,no,yes,no,no,no,no,no,,,,,no,,,,,no,,,,,no,,,,,no,,,,,no,,,no,,no,"Cheng, Hai",https://www.ncdc.noaa.gov/paleo/study/20449,24.0,,289649,MC-ICP-MS U/Th,,BT2(4)-6,calcite,,,180259.0,985.0,985.0,,,yes,815.1,1.0,318.0,7.0,,,7149.976266,157.6358471,0.9128,0.0015,1.10586204,0.001364107,0.814430125,0.407215062,Cheng et al. 2013,180187.0,985.0,985.0,yes,yes,yes,yes,,yes,yes,,,,,,,24.0,calcite,not applicable,,,,,,,,,,,,,,-7.03,0.08,-9.33,0.04,180187.288,,,StalAge,not applicable,not applicable,180041.1726,668.2109209,743.7383618,180205.9621,1086.406272,1092.173617,180120.5,705.95,698.6,180424.3916,705.593742,750.45564,,,,180052.2196,733.0827372,710.062003,180148.0028,715.3911272,672.1277421,,Calibrated radiocarbon years BP,per mille,per mille,per mille,per mille,mol/mol,mol/mol,mmol/mol,mmol/mol,mmol/mol,mmol/mol,mmol/mol,mmol/mol,mmol/mol,mmol/mol,mmol/mol,mmol/mol,mm,mm,mm,mg,mg,%,ppb,ppb (2-sigma uncertainty),ppt,ppt (2-sigma uncertainty),ppt,ppt (2-sigma uncertainty),activity ratio,activity ratio (2-sigma uncertainty),activity ratio,activity ratio (2-sigma uncertainty),activity ratio,activity ratio (2-sigma uncertainty),activity ratio,activity ratio (2-sigma uncertainty),m,m,m,per mille,degrees decimal,degrees decimal,meters a.s.l. ,year,year,year,year,year,year,year,year,1,10.1038/srep24374,"Kathayat, G., Cheng, H., Sinha, A., Spötl, C., Edwards, R. L., Zhang, H., Li, X., Yi, L., Ning, Y., Cai, Y., Lui, W. L. and Breitenbach, S. F. M.: Indian monsoon variability on millennial-orbital timescales, Sci. Rep., 6(1), 2016.",NOAA,"d13C, d18O, mineralogy_petrology_fabric"
1,Bittoo cave,30.7903,77.7764,3000.0,yes,,5,BT-2.4,current,,1-BT24,from top,limestone,Pleistocene,discontinuous carbonate,unknown,unknown,"closed forest, evergreen needle leaf",unknown,30.0,no,no,32.4,stalagmite,unknown,,yes,yes,Vienna-PDB,unknown,,no,no,yes,no,no,no,no,no,,,,,no,,,,,no,,,,,no,,,,,no,,,,,no,,,no,,no,"Cheng, Hai",https://www.ncdc.noaa.gov/paleo/study/20449,25.2,,289650,,,,,,,,,,,,,,,,,,,,,,,,,,,,,,,,,,,,,,,,,,,,25.2,calcite,not applicable,,,,,,,,,,,,,,-6.95,0.08,-9.33,0.04,180217.0128,,,StalAge,not applicable,not applicable,180086.9042,645.2631251,708.7494873,180253.123,1066.561959,1079.835621,180177.0,686.3,669.95,180474.9306,703.773796,749.371676,,,,180090.5355,709.032935,674.2833806,180195.7959,704.2586425,653.1574898,,Calibrated radiocarbon years BP,per mille,per mille,per mille,per mille,mol/mol,mol/mol,mmol/mol,mmol/mol,mmol/mol,mmol/mol,mmol/mol,mmol/mol,mmol/mol,mmol/mol,mmol/mol,mmol/mol,mm,mm,mm,mg,mg,%,ppb,ppb (2-sigma uncertainty),ppt,ppt (2-sigma uncertainty),ppt,ppt (2-sigma uncertainty),activity ratio,activity ratio (2-sigma uncertainty),activity ratio,activity ratio (2-sigma uncertainty),activity ratio,activity ratio (2-sigma uncertainty),activity ratio,activity ratio (2-sigma uncertainty),m,m,m,per mille,degrees decimal,degrees decimal,meters a.s.l. ,year,year,year,year,year,year,year,year,1,10.1038/srep24374,"Kathayat, G., Cheng, H., Sinha, A., Spötl, C., Edwards, R. L., Zhang, H., Li, X., Yi, L., Ning, Y., Cai, Y., Lui, W. L. and Breitenbach, S. F. M.: Indian monsoon variability on millennial-orbital timescales, Sci. Rep., 6(1), 2016.",NOAA,"d13C, d18O, mineralogy_petrology_fabric"
1,Bittoo cave,30.7903,77.7764,3000.0,yes,,5,BT-2.4,current,,1-BT24,from top,limestone,Pleistocene,discontinuous carbonate,unknown,unknown,"closed forest, evergreen needle leaf",unknown,30.0,no,no,32.4,stalagmite,unknown,,yes,yes,Vienna-PDB,unknown,,no,no,yes,no,no,no,no,no,,,,,no,,,,,no,,,,,no,,,,,no,,,,,no,,,no,,no,"Cheng, Hai",https://www.ncdc.noaa.gov/paleo/study/20449,25.4,,289651,,,,,,,,,,,,,,,,,,,,,,,,,,,,,,,,,,,,,,,,,,,,25.4,calcite,not applicable,,,,,,,,,,,,,,-7.0,0.08,-9.44,0.04,180221.9256,,,StalAge,not applicable,not applicable,180095.3321,641.3637209,702.4440985,180260.7801,1063.98654,1077.576288,180187.0,681.05,659.55,180483.1473,704.359746,749.596196,,,,180096.4872,704.7818638,670.965882,180204.2167,702.1196129,650.3008806,,Calibrated radiocarbon years BP,per mille,per mille,per mille,per mille,mol/mol,mol/mol,mmol/mol,mmol/mol,mmol/mol,mmol/mol,mmol/mol,mmol/mol,mmol/mol,mmol/mol,mmol/mol,mmol/mol,mm,mm,mm,mg,mg,%,ppb,ppb (2-sigma uncertainty),ppt,ppt (2-sigma uncertainty),ppt,ppt (2-sigma uncertainty),activity ratio,activity ratio (2-sigma uncertainty),activity ratio,activity ratio (2-sigma uncertainty),activity ratio,activity ratio (2-sigma uncertainty),activity ratio,activity ratio (2-sigma uncertainty),m,m,m,per mille,degrees decimal,degrees decimal,meters a.s.l. ,year,year,year,year,year,year,year,year,1,10.1038/srep24374,"Kathayat, G., Cheng, H., Sinha, A., Spötl, C., Edwards, R. L., Zhang, H., Li, X., Yi, L., Ning, Y., Cai, Y., Lui, W. L. and Breitenbach, S. F. M.: Indian monsoon variability on millennial-orbital timescales, Sci. Rep., 6(1), 2016.",NOAA,"d13C, d18O, mineralogy_petrology_fabric"
1,Bittoo cave,30.7903,77.7764,3000.0,yes,,5,BT-2.4,current,,1-BT24,from top,limestone,Pleistocene,discontinuous carbonate,unknown,unknown,"closed forest, evergreen needle leaf",unknown,30.0,no,no,32.4,stalagmite,unknown,,yes,yes,Vienna-PDB,unknown,,no,no,yes,no,no,no,no,no,,,,,no,,,,,no,,,,,no,,,,,no,,,,,no,,,no,,no,"Cheng, Hai",https://www.ncdc.noaa.gov/paleo/study/20449,26.4,,289652,,,,,,,,,,,,,,,,,,,,,,,,,,,,,,,,,,,,,,,,,,,,26.4,calcite,not applicable,,,,,,,,,,,,,,-6.21,0.08,-9.19,0.04,180246.4896,,,StalAge,not applicable,not applicable,180131.3455,635.4532359,680.6204098,180299.2963,1050.37926,1066.300132,180235.5,661.8,648.95,180525.0539,704.114956,755.489052,,,,180127.4889,690.7056319,647.8476289,180248.919,690.2221751,638.9803577,,Calibrated radiocarbon years BP,per mille,per mille,per mille,per mille,mol/mol,mol/mol,mmol/mol,mmol/mol,mmol/mol,mmol/mol,mmol/mol,mmol/mol,mmol/mol,mmol/mol,mmol/mol,mmol/mol,mm,mm,mm,mg,mg,%,ppb,ppb (2-sigma uncertainty),ppt,ppt (2-sigma uncertainty),ppt,ppt (2-sigma uncertainty),activity ratio,activity ratio (2-sigma uncertainty),activity ratio,activity ratio (2-sigma uncertainty),activity ratio,activity ratio (2-sigma uncertainty),activity ratio,activity ratio (2-sigma uncertainty),m,m,m,per mille,degrees decimal,degrees decimal,meters a.s.l. ,year,year,year,year,year,year,year,year,1,10.1038/srep24374,"Kathayat, G., Cheng, H., Sinha, A., Spötl, C., Edwards, R. L., Zhang, H., Li, X., Yi, L., Ning, Y., Cai, Y., Lui, W. L. and Breitenbach, S. F. M.: Indian monsoon variability on millennial-orbital timescales, Sci. Rep., 6(1), 2016.",NOAA,"d13C, d18O, mineralogy_petrology_fabric"
1,Bittoo cave,30.7903,77.7764,3000.0,yes,,5,BT-2.4,current,,1-BT24,from top,limestone,Pleistocene,discontinuous carbonate,unknown,unknown,"closed forest, evergreen needle leaf",unknown,30.0,no,no,32.4,stalagmite,unknown,,yes,yes,Vienna-PDB,unknown,,no,no,yes,no,no,no,no,no,,,,,no,,,,,no,,,,,no,,,,,no,,,,,no,,,no,,no,"Cheng, Hai",https://www.ncdc.noaa.gov/paleo/study/20449,27.6,,289653,,,,,,,,,,,,,,,,,,,,,,,,,,,,,,,,,,,,,,,,,,,,27.6,calcite,not applicable,,,,,,,,,,,,,,-6.34,0.08,-9.33,0.04,180275.9664,,,StalAge,not applicable,not applicable,180173.3466,615.4620731,652.954399,180349.5708,1026.952599,1052.616118,180293.0,641.8,641.0,180574.5943,702.223568,761.7191068,,,,180163.4728,682.5291111,635.781249,180302.2201,678.7217613,626.8605384,,Calibrated radiocarbon years BP,per mille,per mille,per mille,per mille,mol/mol,mol/mol,mmol/mol,mmol/mol,mmol/mol,mmol/mol,mmol/mol,mmol/mol,mmol/mol,mmol/mol,mmol/mol,mmol/mol,mm,mm,mm,mg,mg,%,ppb,ppb (2-sigma uncertainty),ppt,ppt (2-sigma uncertainty),ppt,ppt (2-sigma uncertainty),activity ratio,activity ratio (2-sigma uncertainty),activity ratio,activity ratio (2-sigma uncertainty),activity ratio,activity ratio (2-sigma uncertainty),activity ratio,activity ratio (2-sigma uncertainty),m,m,m,per mille,degrees decimal,degrees decimal,meters a.s.l. ,year,year,year,year,year,year,year,year,1,10.1038/srep24374,"Kathayat, G., Cheng, H., Sinha, A., Spötl, C., Edwards, R. L., Zhang, H., Li, X., Yi, L., Ning, Y., Cai, Y., Lui, W. L. and Breitenbach, S. F. M.: Indian monsoon variability on millennial-orbital timescales, Sci. Rep., 6(1), 2016.",NOAA,"d13C, d18O, mineralogy_petrology_fabric"
1,Bittoo cave,30.7903,77.7764,3000.0,yes,,5,BT-2.4,current,,1-BT24,from top,limestone,Pleistocene,discontinuous carbonate,unknown,unknown,"closed forest, evergreen needle leaf",unknown,30.0,no,no,32.4,stalagmite,unknown,,yes,yes,Vienna-PDB,unknown,,no,no,yes,no,no,no,no,no,,,,,no,,,,,no,,,,,no,,,,,no,,,,,no,,,no,,no,"Cheng, Hai",https://www.ncdc.noaa.gov/paleo/study/20449,28.8,,289654,,,,,,,,,,,,,,,,,,,,,,,,,,,,,,,,,,,,,,,,,,,,28.8,calcite,not applicable,,,,,,,,,,,,,,-6.25,0.08,-9.37,0.04,180305.4432,,,StalAge,not applicable,not applicable,180218.7001,598.1774832,641.7570957,180395.1492,1014.539584,1029.588922,180335.0,645.15,605.05,180622.3687,718.958928,770.6803032,,,,180210.2511,667.5649689,623.7144908,180347.9937,676.1802388,610.5378828,,Calibrated radiocarbon years BP,per mille,per mille,per mille,per mille,mol/mol,mol/mol,mmol/mol,mmol/mol,mmol/mol,mmol/mol,mmol/mol,mmol/mol,mmol/mol,mmol/mol,mmol/mol,mmol/mol,mm,mm,mm,mg,mg,%,ppb,ppb (2-sigma uncertainty),ppt,ppt (2-sigma uncertainty),ppt,ppt (2-sigma uncertainty),activity ratio,activity ratio (2-sigma uncertainty),activity ratio,activity ratio (2-sigma uncertainty),activity ratio,activity ratio (2-sigma uncertainty),activity ratio,activity ratio (2-sigma uncertainty),m,m,m,per mille,degrees decimal,degrees decimal,meters a.s.l. ,year,year,year,year,year,year,year,year,1,10.1038/srep24374,"Kathayat, G., Cheng, H., Sinha, A., Spötl, C., Edwards, R. L., Zhang, H., Li, X., Yi, L., Ning, Y., Cai, Y., Lui, W. L. and Breitenbach, S. F. M.: Indian monsoon variability on millennial-orbital timescales, Sci. Rep., 6(1), 2016.",NOAA,"d13C, d18O, mineralogy_petrology_fabric"
1,Bittoo cave,30.7903,77.7764,3000.0,yes,,5,BT-2.4,current,,1-BT24,from top,limestone,Pleistocene,discontinuous carbonate,unknown,unknown,"closed forest, evergreen needle leaf",unknown,30.0,no,no,32.4,stalagmite,unknown,,yes,yes,Vienna-PDB,unknown,,no,no,yes,no,no,no,no,no,,,,,no,,,,,no,,,,,no,,,,,no,,,,,no,,,no,,no,"Cheng, Hai",https://www.ncdc.noaa.gov/paleo/study/20449,30.0,,289655,,,,,,,,,,,,,,,,,,,,,,,,,,,,,,,,,,,,,,,,,,,,30.0,calcite,not applicable,,,,,,,,,,,,,,-6.51,0.08,-9.51,0.04,180334.92,,,StalAge,not applicable,not applicable,180265.8472,581.6877405,633.3722343,180444.3856,995.5994272,1012.929616,180384.5,639.5,610.55,180668.558,734.3324,773.7027,,,,180252.5865,669.4263709,626.0539167,180393.0037,675.2176948,598.3375247,,Calibrated radiocarbon years BP,per mille,per mille,per mille,per mille,mol/mol,mol/mol,mmol/mol,mmol/mol,mmol/mol,mmol/mol,mmol/mol,mmol/mol,mmol/mol,mmol/mol,mmol/mol,mmol/mol,mm,mm,mm,mg,mg,%,ppb,ppb (2-sigma uncertainty),ppt,ppt (2-sigma uncertainty),ppt,ppt (2-sigma uncertainty),activity ratio,activity ratio (2-sigma uncertainty),activity ratio,activity ratio (2-sigma uncertainty),activity ratio,activity ratio (2-sigma uncertainty),activity ratio,activity ratio (2-sigma uncertainty),m,m,m,per mille,degrees decimal,degrees decimal,meters a.s.l. ,year,year,year,year,year,year,year,year,1,10.1038/srep24374,"Kathayat, G., Cheng, H., Sinha, A., Spötl, C., Edwards, R. L., Zhang, H., Li, X., Yi, L., Ning, Y., Cai, Y., Lui, W. L. and Breitenbach, S. F. M.: Indian monsoon variability on millennial-orbital timescales, Sci. Rep., 6(1), 2016.",NOAA,"d13C, d18O, mineralogy_petrology_fabric"
1,Bittoo cave,30.7903,77.7764,3000.0,yes,,5,BT-2.4,current,,1-BT24,from top,limestone,Pleistocene,discontinuous carbonate,unknown,unknown,"closed forest, evergreen needle leaf",unknown,30.0,no,no,32.4,stalagmite,unknown,,yes,yes,Vienna-PDB,unknown,,no,no,yes,no,no,no,no,no,,,,,no,,,,,no,,,,,no,,,,,no,,,,,no,,,no,,no,"Cheng, Hai",https://www.ncdc.noaa.gov/paleo/study/20449,31.2,,289656,,,,,,,,,,,,,,,,,,,,,,,,,,,,,,,,,,,,,,,,,,,,31.2,calcite,not applicable,,,,,,,,,,,,,,-6.98,0.08,-9.32,0.04,180364.3968,,,StalAge,not applicable,not applicable,180313.5413,571.512828,625.1959,180493.4698,975.1181044,994.7832624,180438.0,616.3,610.5,180719.6752,721.656204,745.205228,,,,180293.8651,670.5606879,611.4399964,180442.54,671.9488406,596.55688,,Calibrated radiocarbon years BP,per mille,per mille,per mille,per mille,mol/mol,mol/mol,mmol/mol,mmol/mol,mmol/mol,mmol/mol,mmol/mol,mmol/mol,mmol/mol,mmol/mol,mmol/mol,mmol/mol,mm,mm,mm,mg,mg,%,ppb,ppb (2-sigma uncertainty),ppt,ppt (2-sigma uncertainty),ppt,ppt (2-sigma uncertainty),activity ratio,activity ratio (2-sigma uncertainty),activity ratio,activity ratio (2-sigma uncertainty),activity ratio,activity ratio (2-sigma uncertainty),activity ratio,activity ratio (2-sigma uncertainty),m,m,m,per mille,degrees decimal,degrees decimal,meters a.s.l. ,year,year,year,year,year,year,year,year,1,10.1038/srep24374,"Kathayat, G., Cheng, H., Sinha, A., Spötl, C., Edwards, R. L., Zhang, H., Li, X., Yi, L., Ning, Y., Cai, Y., Lui, W. L. and Breitenbach, S. F. M.: Indian monsoon variability on millennial-orbital timescales, Sci. Rep., 6(1), 2016.",NOAA,"d13C, d18O, mineralogy_petrology_fabric"
1,Bittoo cave,30.7903,77.7764,3000.0,yes,,5,BT-2.4,current,,1-BT24,from top,limestone,Pleistocene,discontinuous carbonate,unknown,unknown,"closed forest, evergreen needle leaf",unknown,30.0,no,no,32.4,stalagmite,unknown,,yes,yes,Vienna-PDB,unknown,,no,no,yes,no,no,no,no,no,,,,,no,,,,,no,,,,,no,,,,,no,,,,,no,,,no,,no,"Cheng, Hai",https://www.ncdc.noaa.gov/paleo/study/20449,32.4,,289657,,,,,,,,,,,,,,,,,,,,,,,,,,,,,,,,,,,,,,,,,,,,32.4,calcite,not applicable,,,,,,,,,,,,,,-6.14,0.08,-9.03,0.04,180393.8736,,,StalAge,not applicable,not applicable,180353.9699,563.7294775,603.539548,180538.3666,960.9647855,975.5308285,180481.0,605.15,611.25,180768.1751,712.4943968,720.401168,,,,180336.1516,661.8713185,613.1574329,180494.0101,673.4290734,602.4299668,,Calibrated radiocarbon years BP,per mille,per mille,per mille,per mille,mol/mol,mol/mol,mmol/mol,mmol/mol,mmol/mol,mmol/mol,mmol/mol,mmol/mol,mmol/mol,mmol/mol,mmol/mol,mmol/mol,mm,mm,mm,mg,mg,%,ppb,ppb (2-sigma uncertainty),ppt,ppt (2-sigma uncertainty),ppt,ppt (2-sigma uncertainty),activity ratio,activity ratio (2-sigma uncertainty),activity ratio,activity ratio (2-sigma uncertainty),activity ratio,activity ratio (2-sigma uncertainty),activity ratio,activity ratio (2-sigma uncertainty),m,m,m,per mille,degrees decimal,degrees decimal,meters a.s.l. ,year,year,year,year,year,year,year,year,1,10.1038/srep24374,"Kathayat, G., Cheng, H., Sinha, A., Spötl, C., Edwards, R. L., Zhang, H., Li, X., Yi, L., Ning, Y., Cai, Y., Lui, W. L. and Breitenbach, S. F. M.: Indian monsoon variability on millennial-orbital timescales, Sci. Rep., 6(1), 2016.",NOAA,"d13C, d18O, mineralogy_petrology_fabric"
1,Bittoo cave,30.7903,77.7764,3000.0,yes,,5,BT-2.4,current,,1-BT24,from top,limestone,Pleistocene,discontinuous carbonate,unknown,unknown,"closed forest, evergreen needle leaf",unknown,30.0,no,no,32.4,stalagmite,unknown,,yes,yes,Vienna-PDB,unknown,,no,no,yes,no,no,no,no,no,,,,,no,,,,,no,,,,,no,,,,,no,,,,,no,,,no,,no,"Cheng, Hai",https://www.ncdc.noaa.gov/paleo/study/20449,33.6,,289658,,,,,,,,,,,,,,,,,,,,,,,,,,,,,,,,,,,,,,,,,,,,33.6,calcite,not applicable,,,,,,,,,,,,,,-6.01,0.08,-9.04,0.04,180423.3504,,,StalAge,not applicable,not applicable,180397.6708,557.7078452,589.9699327,180585.1218,944.9980464,960.0279403,180521.0,588.05,606.15,180819.2338,706.667474,701.86388,,,,180378.3475,683.3798481,610.9426725,180545.1002,688.824364,610.2766173,,Calibrated radiocarbon years BP,per mille,per mille,per mille,per mille,mol/mol,mol/mol,mmol/mol,mmol/mol,mmol/mol,mmol/mol,mmol/mol,mmol/mol,mmol/mol,mmol/mol,mmol/mol,mmol/mol,mm,mm,mm,mg,mg,%,ppb,ppb (2-sigma uncertainty),ppt,ppt (2-sigma uncertainty),ppt,ppt (2-sigma uncertainty),activity ratio,activity ratio (2-sigma uncertainty),activity ratio,activity ratio (2-sigma uncertainty),activity ratio,activity ratio (2-sigma uncertainty),activity ratio,activity ratio (2-sigma uncertainty),m,m,m,per mille,degrees decimal,degrees decimal,meters a.s.l. ,year,year,year,year,year,year,year,year,1,10.1038/srep24374,"Kathayat, G., Cheng, H., Sinha, A., Spötl, C., Edwards, R. L., Zhang, H., Li, X., Yi, L., Ning, Y., Cai, Y., Lui, W. L. and Breitenbach, S. F. M.: Indian monsoon variability on millennial-orbital timescales, Sci. Rep., 6(1), 2016.",NOAA,"d13C, d18O, mineralogy_petrology_fabric"
1,Bittoo cave,30.7903,77.7764,3000.0,yes,,5,BT-2.4,current,,1-BT24,from top,limestone,Pleistocene,discontinuous carbonate,unknown,unknown,"closed forest, evergreen needle leaf",unknown,30.0,no,no,32.4,stalagmite,unknown,,yes,yes,Vienna-PDB,unknown,,no,no,yes,no,no,no,no,no,,,,,no,,,,,no,,,,,no,,,,,no,,,,,no,,,no,,no,"Cheng, Hai",https://www.ncdc.noaa.gov/paleo/study/20449,34.8,,289659,,,,,,,,,,,,,,,,,,,,,,,,,,,,,,,,,,,,,,,,,,,,34.8,calcite,not applicable,,,,,,,,,,,,,,-5.96,0.08,-8.87,0.04,180452.8272,,,StalAge,not applicable,not applicable,180441.7554,556.0087646,591.697852,180629.3082,930.7621436,937.0694519,180570.0,578.2,619.1,180871.5469,695.6554448,699.217732,,,,180424.4695,694.4856585,618.901387,180594.7815,720.6753132,616.0838622,,Calibrated radiocarbon years BP,per mille,per mille,per mille,per mille,mol/mol,mol/mol,mmol/mol,mmol/mol,mmol/mol,mmol/mol,mmol/mol,mmol/mol,mmol/mol,mmol/mol,mmol/mol,mmol/mol,mm,mm,mm,mg,mg,%,ppb,ppb (2-sigma uncertainty),ppt,ppt (2-sigma uncertainty),ppt,ppt (2-sigma uncertainty),activity ratio,activity ratio (2-sigma uncertainty),activity ratio,activity ratio (2-sigma uncertainty),activity ratio,activity ratio (2-sigma uncertainty),activity ratio,activity ratio (2-sigma uncertainty),m,m,m,per mille,degrees decimal,degrees decimal,meters a.s.l. ,year,year,year,year,year,year,year,year,1,10.1038/srep24374,"Kathayat, G., Cheng, H., Sinha, A., Spötl, C., Edwards, R. L., Zhang, H., Li, X., Yi, L., Ning, Y., Cai, Y., Lui, W. L. and Breitenbach, S. F. M.: Indian monsoon variability on millennial-orbital timescales, Sci. Rep., 6(1), 2016.",NOAA,"d13C, d18O, mineralogy_petrology_fabric"
1,Bittoo cave,30.7903,77.7764,3000.0,yes,,5,BT-2.4,current,,1-BT24,from top,limestone,Pleistocene,discontinuous carbonate,unknown,unknown,"closed forest, evergreen needle leaf",unknown,30.0,no,no,32.4,stalagmite,unknown,,yes,yes,Vienna-PDB,unknown,,no,no,yes,no,no,no,no,no,,,,,no,,,,,no,,,,,no,,,,,no,,,,,no,,,no,,no,"Cheng, Hai",https://www.ncdc.noaa.gov/paleo/study/20449,36.0,,289660,,,,,,,,,,,,,,,,,,,,,,,,,,,,,,,,,,,,,,,,,,,,36.0,calcite,not applicable,,,,,,,,,,,,,,-5.27,0.08,-8.83,0.04,180482.304,,,StalAge,not applicable,not applicable,180489.2564,560.0158103,603.3669086,180676.9236,913.8919361,913.540664,180611.0,573.2,618.0,180922.5032,699.71871,696.40708,,,,180461.6487,722.5403278,619.1404944,180644.6713,742.3857855,627.8543156,,Calibrated radiocarbon years BP,per mille,per mille,per mille,per mille,mol/mol,mol/mol,mmol/mol,mmol/mol,mmol/mol,mmol/mol,mmol/mol,mmol/mol,mmol/mol,mmol/mol,mmol/mol,mmol/mol,mm,mm,mm,mg,mg,%,ppb,ppb (2-sigma uncertainty),ppt,ppt (2-sigma uncertainty),ppt,ppt (2-sigma uncertainty),activity ratio,activity ratio (2-sigma uncertainty),activity ratio,activity ratio (2-sigma uncertainty),activity ratio,activity ratio (2-sigma uncertainty),activity ratio,activity ratio (2-sigma uncertainty),m,m,m,per mille,degrees decimal,degrees decimal,meters a.s.l. ,year,year,year,year,year,year,year,year,1,10.1038/srep24374,"Kathayat, G., Cheng, H., Sinha, A., Spötl, C., Edwards, R. L., Zhang, H., Li, X., Yi, L., Ning, Y., Cai, Y., Lui, W. L. and Breitenbach, S. F. M.: Indian monsoon variability on millennial-orbital timescales, Sci. Rep., 6(1), 2016.",NOAA,"d13C, d18O, mineralogy_petrology_fabric"
1,Bittoo cave,30.7903,77.7764,3000.0,yes,,5,BT-2.4,current,,1-BT24,from top,limestone,Pleistocene,discontinuous carbonate,unknown,unknown,"closed forest, evergreen needle leaf",unknown,30.0,no,no,32.4,stalagmite,unknown,,yes,yes,Vienna-PDB,unknown,,no,no,yes,no,no,no,no,no,,,,,no,,,,,no,,,,,no,,,,,no,,,,,no,,,no,,no,"Cheng, Hai",https://www.ncdc.noaa.gov/paleo/study/20449,37.2,,289661,,,,,,,,,,,,,,,,,,,,,,,,,,,,,,,,,,,,,,,,,,,,37.2,calcite,not applicable,,,,,,,,,,,,,,-5.19,0.08,-9.06,0.04,180511.7808,,,StalAge,not applicable,not applicable,180541.8662,556.4473631,618.0490269,180724.7395,898.0592689,894.7644776,180650.0,576.3,620.05,180973.9228,693.543588,699.208016,,,,180506.8012,737.4685691,627.062053,180695.9828,743.523085,645.8666738,,Calibrated radiocarbon years BP,per mille,per mille,per mille,per mille,mol/mol,mol/mol,mmol/mol,mmol/mol,mmol/mol,mmol/mol,mmol/mol,mmol/mol,mmol/mol,mmol/mol,mmol/mol,mmol/mol,mm,mm,mm,mg,mg,%,ppb,ppb (2-sigma uncertainty),ppt,ppt (2-sigma uncertainty),ppt,ppt (2-sigma uncertainty),activity ratio,activity ratio (2-sigma uncertainty),activity ratio,activity ratio (2-sigma uncertainty),activity ratio,activity ratio (2-sigma uncertainty),activity ratio,activity ratio (2-sigma uncertainty),m,m,m,per mille,degrees decimal,degrees decimal,meters a.s.l. ,year,year,year,year,year,year,year,year,1,10.1038/srep24374,"Kathayat, G., Cheng, H., Sinha, A., Spötl, C., Edwards, R. L., Zhang, H., Li, X., Yi, L., Ning, Y., Cai, Y., Lui, W. L. and Breitenbach, S. F. M.: Indian monsoon variability on millennial-orbital timescales, Sci. Rep., 6(1), 2016.",NOAA,"d13C, d18O, mineralogy_petrology_fabric"
1,Bittoo cave,30.7903,77.7764,3000.0,yes,,5,BT-2.4,current,,1-BT24,from top,limestone,Pleistocene,discontinuous carbonate,unknown,unknown,"closed forest, evergreen needle leaf",unknown,30.0,no,no,32.4,stalagmite,unknown,,yes,yes,Vienna-PDB,unknown,,no,no,yes,no,no,no,no,no,,,,,no,,,,,no,,,,,no,,,,,no,,,,,no,,,no,,no,"Cheng, Hai",https://www.ncdc.noaa.gov/paleo/study/20449,38.4,,289662,,,,,,,,,,,,,,,,,,,,,,,,,,,,,,,,,,,,,,,,,,,,38.4,calcite,not applicable,,,,,,,,,,,,,,-5.4,0.08,-9.16,0.04,180541.2576,,,StalAge,not applicable,not applicable,180582.5647,575.2202487,633.3205779,180772.0714,881.5635217,873.7222147,180697.0,591.15,628.05,181025.7905,700.410708,707.70936,,,,180549.509,771.3255356,638.0666301,180748.2866,747.5861346,655.1546875,,Calibrated radiocarbon years BP,per mille,per mille,per mille,per mille,mol/mol,mol/mol,mmol/mol,mmol/mol,mmol/mol,mmol/mol,mmol/mol,mmol/mol,mmol/mol,mmol/mol,mmol/mol,mmol/mol,mm,mm,mm,mg,mg,%,ppb,ppb (2-sigma uncertainty),ppt,ppt (2-sigma uncertainty),ppt,ppt (2-sigma uncertainty),activity ratio,activity ratio (2-sigma uncertainty),activity ratio,activity ratio (2-sigma uncertainty),activity ratio,activity ratio (2-sigma uncertainty),activity ratio,activity ratio (2-sigma uncertainty),m,m,m,per mille,degrees decimal,degrees decimal,meters a.s.l. ,year,year,year,year,year,year,year,year,1,10.1038/srep24374,"Kathayat, G., Cheng, H., Sinha, A., Spötl, C., Edwards, R. L., Zhang, H., Li, X., Yi, L., Ning, Y., Cai, Y., Lui, W. L. and Breitenbach, S. F. M.: Indian monsoon variability on millennial-orbital timescales, Sci. Rep., 6(1), 2016.",NOAA,"d13C, d18O, mineralogy_petrology_fabric"
1,Bittoo cave,30.7903,77.7764,3000.0,yes,,5,BT-2.4,current,,1-BT24,from top,limestone,Pleistocene,discontinuous carbonate,unknown,unknown,"closed forest, evergreen needle leaf",unknown,30.0,no,no,32.4,stalagmite,unknown,,yes,yes,Vienna-PDB,unknown,,no,no,yes,no,no,no,no,no,,,,,no,,,,,no,,,,,no,,,,,no,,,,,no,,,no,,no,"Cheng, Hai",https://www.ncdc.noaa.gov/paleo/study/20449,39.6,,289663,,,,,,,,,,,,,,,,,,,,,,,,,,,,,,,,,,,,,,,,,,,,39.6,calcite,not applicable,,,,,,,,,,,,,,-4.99,0.08,-9.06,0.04,180570.7344,,,StalAge,not applicable,not applicable,180626.7138,600.0433528,653.3624995,180818.0036,866.2506453,850.9653695,180735.0,592.1,637.15,181074.8464,718.497816,715.762228,,,,180593.0794,794.5971408,645.7538645,180801.1441,751.3468299,656.3076608,,Calibrated radiocarbon years BP,per mille,per mille,per mille,per mille,mol/mol,mol/mol,mmol/mol,mmol/mol,mmol/mol,mmol/mol,mmol/mol,mmol/mol,mmol/mol,mmol/mol,mmol/mol,mmol/mol,mm,mm,mm,mg,mg,%,ppb,ppb (2-sigma uncertainty),ppt,ppt (2-sigma uncertainty),ppt,ppt (2-sigma uncertainty),activity ratio,activity ratio (2-sigma uncertainty),activity ratio,activity ratio (2-sigma uncertainty),activity ratio,activity ratio (2-sigma uncertainty),activity ratio,activity ratio (2-sigma uncertainty),m,m,m,per mille,degrees decimal,degrees decimal,meters a.s.l. ,year,year,year,year,year,year,year,year,1,10.1038/srep24374,"Kathayat, G., Cheng, H., Sinha, A., Spötl, C., Edwards, R. L., Zhang, H., Li, X., Yi, L., Ning, Y., Cai, Y., Lui, W. L. and Breitenbach, S. F. M.: Indian monsoon variability on millennial-orbital timescales, Sci. Rep., 6(1), 2016.",NOAA,"d13C, d18O, mineralogy_petrology_fabric"
1,Bittoo cave,30.7903,77.7764,3000.0,yes,,5,BT-2.4,current,,1-BT24,from top,limestone,Pleistocene,discontinuous carbonate,unknown,unknown,"closed forest, evergreen needle leaf",unknown,30.0,no,no,32.4,stalagmite,unknown,,yes,yes,Vienna-PDB,unknown,,no,no,yes,no,no,no,no,no,,,,,no,,,,,no,,,,,no,,,,,no,,,,,no,,,no,,no,"Cheng, Hai",https://www.ncdc.noaa.gov/paleo/study/20449,40.8,,289664,,,,,,,,,,,,,,,,,,,,,,,,,,,,,,,,,,,,,,,,,,,,40.8,calcite,not applicable,,,,,,,,,,,,,,-4.46,0.08,-8.56,0.04,180600.2112,,,StalAge,not applicable,not applicable,180662.0342,621.5163902,664.8665616,180864.9813,848.0745372,827.3212469,180773.0,599.1,633.1,181128.3262,716.87408,702.423544,,,,180636.122,817.4338637,661.1686256,180853.9042,739.416637,657.6057034,,Calibrated radiocarbon years BP,per mille,per mille,per mille,per mille,mol/mol,mol/mol,mmol/mol,mmol/mol,mmol/mol,mmol/mol,mmol/mol,mmol/mol,mmol/mol,mmol/mol,mmol/mol,mmol/mol,mm,mm,mm,mg,mg,%,ppb,ppb (2-sigma uncertainty),ppt,ppt (2-sigma uncertainty),ppt,ppt (2-sigma uncertainty),activity ratio,activity ratio (2-sigma uncertainty),activity ratio,activity ratio (2-sigma uncertainty),activity ratio,activity ratio (2-sigma uncertainty),activity ratio,activity ratio (2-sigma uncertainty),m,m,m,per mille,degrees decimal,degrees decimal,meters a.s.l. ,year,year,year,year,year,year,year,year,1,10.1038/srep24374,"Kathayat, G., Cheng, H., Sinha, A., Spötl, C., Edwards, R. L., Zhang, H., Li, X., Yi, L., Ning, Y., Cai, Y., Lui, W. L. and Breitenbach, S. F. M.: Indian monsoon variability on millennial-orbital timescales, Sci. Rep., 6(1), 2016.",NOAA,"d13C, d18O, mineralogy_petrology_fabric"
1,Bittoo cave,30.7903,77.7764,3000.0,yes,,5,BT-2.4,current,,1-BT24,from top,limestone,Pleistocene,discontinuous carbonate,unknown,unknown,"closed forest, evergreen needle leaf",unknown,30.0,no,no,32.4,stalagmite,unknown,,yes,yes,Vienna-PDB,unknown,,no,no,yes,no,no,no,no,no,,,,,no,,,,,no,,,,,no,,,,,no,,,,,no,,,no,,no,"Cheng, Hai",https://www.ncdc.noaa.gov/paleo/study/20449,42.0,,289665,,,,,,,,,,,,,,,,,,,,,,,,,,,,,,,,,,,,,,,,,,,,42.0,calcite,not applicable,,,,,,,,,,,,,,-4.56,0.08,-8.89,0.04,180629.688,,,StalAge,not applicable,not applicable,180698.3928,649.1358689,674.4248511,180911.7341,828.8195615,806.6300412,180823.0,598.15,660.25,181180.0688,701.6027,696.99017,,,,180682.3951,814.5743913,677.2461039,180904.7622,724.3426026,654.5430493,,Calibrated radiocarbon years BP,per mille,per mille,per mille,per mille,mol/mol,mol/mol,mmol/mol,mmol/mol,mmol/mol,mmol/mol,mmol/mol,mmol/mol,mmol/mol,mmol/mol,mmol/mol,mmol/mol,mm,mm,mm,mg,mg,%,ppb,ppb (2-sigma uncertainty),ppt,ppt (2-sigma uncertainty),ppt,ppt (2-sigma uncertainty),activity ratio,activity ratio (2-sigma uncertainty),activity ratio,activity ratio (2-sigma uncertainty),activity ratio,activity ratio (2-sigma uncertainty),activity ratio,activity ratio (2-sigma uncertainty),m,m,m,per mille,degrees decimal,degrees decimal,meters a.s.l. ,year,year,year,year,year,year,year,year,1,10.1038/srep24374,"Kathayat, G., Cheng, H., Sinha, A., Spötl, C., Edwards, R. L., Zhang, H., Li, X., Yi, L., Ning, Y., Cai, Y., Lui, W. L. and Breitenbach, S. F. M.: Indian monsoon variability on millennial-orbital timescales, Sci. Rep., 6(1), 2016.",NOAA,"d13C, d18O, mineralogy_petrology_fabric"
1,Bittoo cave,30.7903,77.7764,3000.0,yes,,5,BT-2.4,current,,1-BT24,from top,limestone,Pleistocene,discontinuous carbonate,unknown,unknown,"closed forest, evergreen needle leaf",unknown,30.0,no,no,32.4,stalagmite,unknown,,yes,yes,Vienna-PDB,unknown,,no,no,yes,no,no,no,no,no,,,,,no,,,,,no,,,,,no,,,,,no,,,,,no,,,no,,no,"Cheng, Hai",https://www.ncdc.noaa.gov/paleo/study/20449,43.2,,289666,,,,,,,,,,,,,,,,,,,,,,,,,,,,,,,,,,,,,,,,,,,,43.2,calcite,not applicable,,,,,,,,,,,,,,-3.84,0.08,-8.24,0.04,180659.1648,,,StalAge,not applicable,not applicable,180738.491,683.9647316,682.1317529,180958.886,811.5416048,784.8446868,180866.0,611.1,681.2,181235.4856,697.140276,698.957668,,,,180733.0432,826.8643771,693.1103353,180954.0241,715.1376639,646.5586382,,Calibrated radiocarbon years BP,per mille,per mille,per mille,per mille,mol/mol,mol/mol,mmol/mol,mmol/mol,mmol/mol,mmol/mol,mmol/mol,mmol/mol,mmol/mol,mmol/mol,mmol/mol,mmol/mol,mm,mm,mm,mg,mg,%,ppb,ppb (2-sigma uncertainty),ppt,ppt (2-sigma uncertainty),ppt,ppt (2-sigma uncertainty),activity ratio,activity ratio (2-sigma uncertainty),activity ratio,activity ratio (2-sigma uncertainty),activity ratio,activity ratio (2-sigma uncertainty),activity ratio,activity ratio (2-sigma uncertainty),m,m,m,per mille,degrees decimal,degrees decimal,meters a.s.l. ,year,year,year,year,year,year,year,year,1,10.1038/srep24374,"Kathayat, G., Cheng, H., Sinha, A., Spötl, C., Edwards, R. L., Zhang, H., Li, X., Yi, L., Ning, Y., Cai, Y., Lui, W. L. and Breitenbach, S. F. M.: Indian monsoon variability on millennial-orbital timescales, Sci. Rep., 6(1), 2016.",NOAA,"d13C, d18O, mineralogy_petrology_fabric"
1,Bittoo cave,30.7903,77.7764,3000.0,yes,,5,BT-2.4,current,,1-BT24,from top,limestone,Pleistocene,discontinuous carbonate,unknown,unknown,"closed forest, evergreen needle leaf",unknown,30.0,no,no,32.4,stalagmite,unknown,,yes,yes,Vienna-PDB,unknown,,no,no,yes,no,no,no,no,no,,,,,no,,,,,no,,,,,no,,,,,no,,,,,no,,,no,,no,"Cheng, Hai",https://www.ncdc.noaa.gov/paleo/study/20449,44.4,,289667,,,,,,,,,,,,,,,,,,,,,,,,,,,,,,,,,,,,,,,,,,,,44.4,calcite,not applicable,,,,,,,,,,,,,,-4.19,0.08,-8.58,0.04,180688.6416,,,StalAge,not applicable,not applicable,180777.3365,722.3724125,702.2042848,181005.146,794.8736482,767.2966402,180914.0,636.6,682.55,181291.5474,696.968488,703.673246,,,,180780.9205,833.0471178,713.2253068,181005.2999,705.0734122,643.1380971,,Calibrated radiocarbon years BP,per mille,per mille,per mille,per mille,mol/mol,mol/mol,mmol/mol,mmol/mol,mmol/mol,mmol/mol,mmol/mol,mmol/mol,mmol/mol,mmol/mol,mmol/mol,mmol/mol,mm,mm,mm,mg,mg,%,ppb,ppb (2-sigma uncertainty),ppt,ppt (2-sigma uncertainty),ppt,ppt (2-sigma uncertainty),activity ratio,activity ratio (2-sigma uncertainty),activity ratio,activity ratio (2-sigma uncertainty),activity ratio,activity ratio (2-sigma uncertainty),activity ratio,activity ratio (2-sigma uncertainty),m,m,m,per mille,degrees decimal,degrees decimal,meters a.s.l. ,year,year,year,year,year,year,year,year,1,10.1038/srep24374,"Kathayat, G., Cheng, H., Sinha, A., Spötl, C., Edwards, R. L., Zhang, H., Li, X., Yi, L., Ning, Y., Cai, Y., Lui, W. L. and Breitenbach, S. F. M.: Indian monsoon variability on millennial-orbital timescales, Sci. Rep., 6(1), 2016.",NOAA,"d13C, d18O, mineralogy_petrology_fabric"
1,Bittoo cave,30.7903,77.7764,3000.0,yes,,5,BT-2.4,current,,1-BT24,from top,limestone,Pleistocene,discontinuous carbonate,unknown,unknown,"closed forest, evergreen needle leaf",unknown,30.0,no,no,32.4,stalagmite,unknown,,yes,yes,Vienna-PDB,unknown,,no,no,yes,no,no,no,no,no,,,,,no,,,,,no,,,,,no,,,,,no,,,,,no,,,no,,no,"Cheng, Hai",https://www.ncdc.noaa.gov/paleo/study/20449,44.6,,289668,,,,,,,,,,,,,,,,,,,,,,,,,,,,,,,,,,,,,,,,,,,,44.6,calcite,not applicable,,,,,,,,,,,,,,-4.06,0.08,-8.46,0.04,180693.5544,,,StalAge,not applicable,not applicable,180783.3359,729.0679597,704.4148092,181012.6383,791.4614538,763.0547668,180923.5,656.6,678.6,181300.9299,696.906762,706.604904,,,,180790.8282,829.466218,720.1954161,181014.0515,703.2076122,643.0399244,,Calibrated radiocarbon years BP,per mille,per mille,per mille,per mille,mol/mol,mol/mol,mmol/mol,mmol/mol,mmol/mol,mmol/mol,mmol/mol,mmol/mol,mmol/mol,mmol/mol,mmol/mol,mmol/mol,mm,mm,mm,mg,mg,%,ppb,ppb (2-sigma uncertainty),ppt,ppt (2-sigma uncertainty),ppt,ppt (2-sigma uncertainty),activity ratio,activity ratio (2-sigma uncertainty),activity ratio,activity ratio (2-sigma uncertainty),activity ratio,activity ratio (2-sigma uncertainty),activity ratio,activity ratio (2-sigma uncertainty),m,m,m,per mille,degrees decimal,degrees decimal,meters a.s.l. ,year,year,year,year,year,year,year,year,1,10.1038/srep24374,"Kathayat, G., Cheng, H., Sinha, A., Spötl, C., Edwards, R. L., Zhang, H., Li, X., Yi, L., Ning, Y., Cai, Y., Lui, W. L. and Breitenbach, S. F. M.: Indian monsoon variability on millennial-orbital timescales, Sci. Rep., 6(1), 2016.",NOAA,"d13C, d18O, mineralogy_petrology_fabric"
1,Bittoo cave,30.7903,77.7764,3000.0,yes,,5,BT-2.4,current,,1-BT24,from top,limestone,Pleistocene,discontinuous carbonate,unknown,unknown,"closed forest, evergreen needle leaf",unknown,30.0,no,no,32.4,stalagmite,unknown,,yes,yes,Vienna-PDB,unknown,,no,no,yes,no,no,no,no,no,,,,,no,,,,,no,,,,,no,,,,,no,,,,,no,,,no,,no,"Cheng, Hai",https://www.ncdc.noaa.gov/paleo/study/20449,45.6,,289669,,,,,,,,,,,,,,,,,,,,,,,,,,,,,,,,,,,,,,,,,,,,45.6,calcite,not applicable,,,,,,,,,,,,,,-4.21,0.08,-8.77,0.04,180718.1184,,,StalAge,not applicable,not applicable,180814.7231,761.9816512,716.7925988,181051.3251,778.5413538,745.0299405,180968.5,673.55,671.55,181348.205,703.072628,712.448412,,,,180827.7333,841.399847,729.1693321,181057.5207,694.7762822,641.4820992,,Calibrated radiocarbon years BP,per mille,per mille,per mille,per mille,mol/mol,mol/mol,mmol/mol,mmol/mol,mmol/mol,mmol/mol,mmol/mol,mmol/mol,mmol/mol,mmol/mol,mmol/mol,mmol/mol,mm,mm,mm,mg,mg,%,ppb,ppb (2-sigma uncertainty),ppt,ppt (2-sigma uncertainty),ppt,ppt (2-sigma uncertainty),activity ratio,activity ratio (2-sigma uncertainty),activity ratio,activity ratio (2-sigma uncertainty),activity ratio,activity ratio (2-sigma uncertainty),activity ratio,activity ratio (2-sigma uncertainty),m,m,m,per mille,degrees decimal,degrees decimal,meters a.s.l. ,year,year,year,year,year,year,year,year,1,10.1038/srep24374,"Kathayat, G., Cheng, H., Sinha, A., Spötl, C., Edwards, R. L., Zhang, H., Li, X., Yi, L., Ning, Y., Cai, Y., Lui, W. L. and Breitenbach, S. F. M.: Indian monsoon variability on millennial-orbital timescales, Sci. Rep., 6(1), 2016.",NOAA,"d13C, d18O, mineralogy_petrology_fabric"
1,Bittoo cave,30.7903,77.7764,3000.0,yes,,5,BT-2.4,current,,1-BT24,from top,limestone,Pleistocene,discontinuous carbonate,unknown,unknown,"closed forest, evergreen needle leaf",unknown,30.0,no,no,32.4,stalagmite,unknown,,yes,yes,Vienna-PDB,unknown,,no,no,yes,no,no,no,no,no,,,,,no,,,,,no,,,,,no,,,,,no,,,,,no,,,no,,no,"Cheng, Hai",https://www.ncdc.noaa.gov/paleo/study/20449,46.8,,289670,MC-ICP-MS U/Th,,BT2(4)-8,calcite,,,180822.0,1105.0,1105.0,,,yes,699.8,0.9,346.0,8.0,,,5662.413229,123.8602605,0.917582191,0.0017,1.109571098,0.001530141,0.814430125,0.407215062,Cheng et al. 2013,180747.0,1105.0,1105.0,yes,yes,yes,yes,,yes,yes,,,,,,,46.8,calcite,not applicable,,,,,,,,,,,,,,-3.83,0.08,-8.2,0.04,180747.5952,,,StalAge,not applicable,not applicable,180857.7729,797.4176302,745.0138155,181095.7584,765.0859452,727.7744705,181027.5,674.8,666.7,181403.9872,710.672478,718.77606,,,,180871.4274,842.6686182,742.0822506,181107.6986,687.5952415,633.8169251,,Calibrated radiocarbon years BP,per mille,per mille,per mille,per mille,mol/mol,mol/mol,mmol/mol,mmol/mol,mmol/mol,mmol/mol,mmol/mol,mmol/mol,mmol/mol,mmol/mol,mmol/mol,mmol/mol,mm,mm,mm,mg,mg,%,ppb,ppb (2-sigma uncertainty),ppt,ppt (2-sigma uncertainty),ppt,ppt (2-sigma uncertainty),activity ratio,activity ratio (2-sigma uncertainty),activity ratio,activity ratio (2-sigma uncertainty),activity ratio,activity ratio (2-sigma uncertainty),activity ratio,activity ratio (2-sigma uncertainty),m,m,m,per mille,degrees decimal,degrees decimal,meters a.s.l. ,year,year,year,year,year,year,year,year,1,10.1038/srep24374,"Kathayat, G., Cheng, H., Sinha, A., Spötl, C., Edwards, R. L., Zhang, H., Li, X., Yi, L., Ning, Y., Cai, Y., Lui, W. L. and Breitenbach, S. F. M.: Indian monsoon variability on millennial-orbital timescales, Sci. Rep., 6(1), 2016.",NOAA,"d13C, d18O, mineralogy_petrology_fabric"
1,Bittoo cave,30.7903,77.7764,3000.0,yes,,5,BT-2.4,current,,1-BT24,from top,limestone,Pleistocene,discontinuous carbonate,unknown,unknown,"closed forest, evergreen needle leaf",unknown,30.0,no,no,32.4,stalagmite,unknown,,yes,yes,Vienna-PDB,unknown,,no,no,yes,no,no,no,no,no,,,,,no,,,,,no,,,,,no,,,,,no,,,,,no,,,no,,no,"Cheng, Hai",https://www.ncdc.noaa.gov/paleo/study/20449,48.0,,289671,,,,,,,,,,,,,,,,,,,,,,,,,,,,,,,,,,,,,,,,,,,,48.0,calcite,not applicable,,,,,,,,,,,,,,-4.13,0.08,-8.65,0.04,180839.152,,,StalAge,not applicable,not applicable,180936.0361,769.0181123,714.9918692,181144.0931,746.5004325,710.2930552,181105.5,659.6,659.8,181457.977,724.52557,730.82034,,,,180923.8794,837.0741219,757.0435868,181157.9842,675.4476643,626.4088576,,Calibrated radiocarbon years BP,per mille,per mille,per mille,per mille,mol/mol,mol/mol,mmol/mol,mmol/mol,mmol/mol,mmol/mol,mmol/mol,mmol/mol,mmol/mol,mmol/mol,mmol/mol,mmol/mol,mm,mm,mm,mg,mg,%,ppb,ppb (2-sigma uncertainty),ppt,ppt (2-sigma uncertainty),ppt,ppt (2-sigma uncertainty),activity ratio,activity ratio (2-sigma uncertainty),activity ratio,activity ratio (2-sigma uncertainty),activity ratio,activity ratio (2-sigma uncertainty),activity ratio,activity ratio (2-sigma uncertainty),m,m,m,per mille,degrees decimal,degrees decimal,meters a.s.l. ,year,year,year,year,year,year,year,year,1,10.1038/srep24374,"Kathayat, G., Cheng, H., Sinha, A., Spötl, C., Edwards, R. L., Zhang, H., Li, X., Yi, L., Ning, Y., Cai, Y., Lui, W. L. and Breitenbach, S. F. M.: Indian monsoon variability on millennial-orbital timescales, Sci. Rep., 6(1), 2016.",NOAA,"d13C, d18O, mineralogy_petrology_fabric"
1,Bittoo cave,30.7903,77.7764,3000.0,yes,,5,BT-2.4,current,,1-BT24,from top,limestone,Pleistocene,discontinuous carbonate,unknown,unknown,"closed forest, evergreen needle leaf",unknown,30.0,no,no,32.4,stalagmite,unknown,,yes,yes,Vienna-PDB,unknown,,no,no,yes,no,no,no,no,no,,,,,no,,,,,no,,,,,no,,,,,no,,,,,no,,,no,,no,"Cheng, Hai",https://www.ncdc.noaa.gov/paleo/study/20449,49.2,,289672,,,,,,,,,,,,,,,,,,,,,,,,,,,,,,,,,,,,,,,,,,,,49.2,calcite,not applicable,,,,,,,,,,,,,,-4.35,0.08,-8.89,0.04,180931.2808,,,StalAge,not applicable,not applicable,181013.7983,741.2032651,678.6169021,181189.4322,731.3569535,700.2481778,181167.0,662.25,656.05,181511.3987,751.042144,748.369664,,,,180986.5384,819.213801,765.3376589,181209.6527,660.8823056,622.7163317,,Calibrated radiocarbon years BP,per mille,per mille,per mille,per mille,mol/mol,mol/mol,mmol/mol,mmol/mol,mmol/mol,mmol/mol,mmol/mol,mmol/mol,mmol/mol,mmol/mol,mmol/mol,mmol/mol,mm,mm,mm,mg,mg,%,ppb,ppb (2-sigma uncertainty),ppt,ppt (2-sigma uncertainty),ppt,ppt (2-sigma uncertainty),activity ratio,activity ratio (2-sigma uncertainty),activity ratio,activity ratio (2-sigma uncertainty),activity ratio,activity ratio (2-sigma uncertainty),activity ratio,activity ratio (2-sigma uncertainty),m,m,m,per mille,degrees decimal,degrees decimal,meters a.s.l. ,year,year,year,year,year,year,year,year,1,10.1038/srep24374,"Kathayat, G., Cheng, H., Sinha, A., Spötl, C., Edwards, R. L., Zhang, H., Li, X., Yi, L., Ning, Y., Cai, Y., Lui, W. L. and Breitenbach, S. F. M.: Indian monsoon variability on millennial-orbital timescales, Sci. Rep., 6(1), 2016.",NOAA,"d13C, d18O, mineralogy_petrology_fabric"
1,Bittoo cave,30.7903,77.7764,3000.0,yes,,5,BT-2.4,current,,1-BT24,from top,limestone,Pleistocene,discontinuous carbonate,unknown,unknown,"closed forest, evergreen needle leaf",unknown,30.0,no,no,32.4,stalagmite,unknown,,yes,yes,Vienna-PDB,unknown,,no,no,yes,no,no,no,no,no,,,,,no,,,,,no,,,,,no,,,,,no,,,,,no,,,no,,no,"Cheng, Hai",https://www.ncdc.noaa.gov/paleo/study/20449,50.4,,289673,,,,,,,,,,,,,,,,,,,,,,,,,,,,,,,,,,,,,,,,,,,,50.4,calcite,not applicable,,,,,,,,,,,,,,-4.84,0.08,-9.28,0.04,181023.4096,,,StalAge,not applicable,not applicable,181102.6356,695.0445815,658.2348562,181236.6304,715.5122859,682.6872327,181245.5,672.65,649.75,181563.5022,773.83645,750.200978,,,,181063.9402,799.1830672,759.8700746,181260.8798,665.1328271,617.1593949,,Calibrated radiocarbon years BP,per mille,per mille,per mille,per mille,mol/mol,mol/mol,mmol/mol,mmol/mol,mmol/mol,mmol/mol,mmol/mol,mmol/mol,mmol/mol,mmol/mol,mmol/mol,mmol/mol,mm,mm,mm,mg,mg,%,ppb,ppb (2-sigma uncertainty),ppt,ppt (2-sigma uncertainty),ppt,ppt (2-sigma uncertainty),activity ratio,activity ratio (2-sigma uncertainty),activity ratio,activity ratio (2-sigma uncertainty),activity ratio,activity ratio (2-sigma uncertainty),activity ratio,activity ratio (2-sigma uncertainty),m,m,m,per mille,degrees decimal,degrees decimal,meters a.s.l. ,year,year,year,year,year,year,year,year,1,10.1038/srep24374,"Kathayat, G., Cheng, H., Sinha, A., Spötl, C., Edwards, R. L., Zhang, H., Li, X., Yi, L., Ning, Y., Cai, Y., Lui, W. L. and Breitenbach, S. F. M.: Indian monsoon variability on millennial-orbital timescales, Sci. Rep., 6(1), 2016.",NOAA,"d13C, d18O, mineralogy_petrology_fabric"
1,Bittoo cave,30.7903,77.7764,3000.0,yes,,5,BT-2.4,current,,1-BT24,from top,limestone,Pleistocene,discontinuous carbonate,unknown,unknown,"closed forest, evergreen needle leaf",unknown,30.0,no,no,32.4,stalagmite,unknown,,yes,yes,Vienna-PDB,unknown,,no,no,yes,no,no,no,no,no,,,,,no,,,,,no,,,,,no,,,,,no,,,,,no,,,no,,no,"Cheng, Hai",https://www.ncdc.noaa.gov/paleo/study/20449,51.6,,289674,,,,,,,,,,,,,,,,,,,,,,,,,,,,,,,,,,,,,,,,,,,,51.6,calcite,not applicable,,,,,,,,,,,,,,-4.18,0.08,-8.43,0.04,181115.5384,,,StalAge,not applicable,not applicable,181189.5546,663.145452,645.7795221,181284.0558,698.3966608,666.0333794,181312.0,673.1,651.05,181618.9589,756.0220424,733.469876,,,,181138.0409,783.4578517,740.6137756,181312.8415,683.9504914,613.1965665,,Calibrated radiocarbon years BP,per mille,per mille,per mille,per mille,mol/mol,mol/mol,mmol/mol,mmol/mol,mmol/mol,mmol/mol,mmol/mol,mmol/mol,mmol/mol,mmol/mol,mmol/mol,mmol/mol,mm,mm,mm,mg,mg,%,ppb,ppb (2-sigma uncertainty),ppt,ppt (2-sigma uncertainty),ppt,ppt (2-sigma uncertainty),activity ratio,activity ratio (2-sigma uncertainty),activity ratio,activity ratio (2-sigma uncertainty),activity ratio,activity ratio (2-sigma uncertainty),activity ratio,activity ratio (2-sigma uncertainty),m,m,m,per mille,degrees decimal,degrees decimal,meters a.s.l. ,year,year,year,year,year,year,year,year,1,10.1038/srep24374,"Kathayat, G., Cheng, H., Sinha, A., Spötl, C., Edwards, R. L., Zhang, H., Li, X., Yi, L., Ning, Y., Cai, Y., Lui, W. L. and Breitenbach, S. F. M.: Indian monsoon variability on millennial-orbital timescales, Sci. Rep., 6(1), 2016.",NOAA,"d13C, d18O, mineralogy_petrology_fabric"
1,Bittoo cave,30.7903,77.7764,3000.0,yes,,5,BT-2.4,current,,1-BT24,from top,limestone,Pleistocene,discontinuous carbonate,unknown,unknown,"closed forest, evergreen needle leaf",unknown,30.0,no,no,32.4,stalagmite,unknown,,yes,yes,Vienna-PDB,unknown,,no,no,yes,no,no,no,no,no,,,,,no,,,,,no,,,,,no,,,,,no,,,,,no,,,no,,no,"Cheng, Hai",https://www.ncdc.noaa.gov/paleo/study/20449,52.8,,289675,,,,,,,,,,,,,,,,,,,,,,,,,,,,,,,,,,,,,,,,,,,,52.8,calcite,not applicable,,,,,,,,,,,,,,-4.24,0.08,-8.42,0.04,181207.6672,,,StalAge,not applicable,not applicable,181267.1383,638.0183419,628.1525203,181332.2738,680.9385895,649.7864291,181366.0,663.2,642.1,181675.6816,740.6009484,727.851616,,,,181215.8674,783.0273292,714.1507974,181367.8355,700.5727264,617.5058443,,Calibrated radiocarbon years BP,per mille,per mille,per mille,per mille,mol/mol,mol/mol,mmol/mol,mmol/mol,mmol/mol,mmol/mol,mmol/mol,mmol/mol,mmol/mol,mmol/mol,mmol/mol,mmol/mol,mm,mm,mm,mg,mg,%,ppb,ppb (2-sigma uncertainty),ppt,ppt (2-sigma uncertainty),ppt,ppt (2-sigma uncertainty),activity ratio,activity ratio (2-sigma uncertainty),activity ratio,activity ratio (2-sigma uncertainty),activity ratio,activity ratio (2-sigma uncertainty),activity ratio,activity ratio (2-sigma uncertainty),m,m,m,per mille,degrees decimal,degrees decimal,meters a.s.l. ,year,year,year,year,year,year,year,year,1,10.1038/srep24374,"Kathayat, G., Cheng, H., Sinha, A., Spötl, C., Edwards, R. L., Zhang, H., Li, X., Yi, L., Ning, Y., Cai, Y., Lui, W. L. and Breitenbach, S. F. M.: Indian monsoon variability on millennial-orbital timescales, Sci. Rep., 6(1), 2016.",NOAA,"d13C, d18O, mineralogy_petrology_fabric"
1,Bittoo cave,30.7903,77.7764,3000.0,yes,,5,BT-2.4,current,,1-BT24,from top,limestone,Pleistocene,discontinuous carbonate,unknown,unknown,"closed forest, evergreen needle leaf",unknown,30.0,no,no,32.4,stalagmite,unknown,,yes,yes,Vienna-PDB,unknown,,no,no,yes,no,no,no,no,no,,,,,no,,,,,no,,,,,no,,,,,no,,,,,no,,,no,,no,"Cheng, Hai",https://www.ncdc.noaa.gov/paleo/study/20449,54.0,,289676,,,,,,,,,,,,,,,,,,,,,,,,,,,,,,,,,,,,,,,,,,,,54.0,calcite,not applicable,,,,,,,,,,,,,,-4.34,0.08,-8.5,0.04,181299.796,,,StalAge,not applicable,not applicable,181345.4634,625.9170064,614.2576026,181377.4615,666.0757829,633.6772679,181434.0,656.6,636.05,181728.379,734.80519,721.65123,,,,181304.1929,766.5976137,700.8206903,181424.2156,718.5824926,624.3154165,,Calibrated radiocarbon years BP,per mille,per mille,per mille,per mille,mol/mol,mol/mol,mmol/mol,mmol/mol,mmol/mol,mmol/mol,mmol/mol,mmol/mol,mmol/mol,mmol/mol,mmol/mol,mmol/mol,mm,mm,mm,mg,mg,%,ppb,ppb (2-sigma uncertainty),ppt,ppt (2-sigma uncertainty),ppt,ppt (2-sigma uncertainty),activity ratio,activity ratio (2-sigma uncertainty),activity ratio,activity ratio (2-sigma uncertainty),activity ratio,activity ratio (2-sigma uncertainty),activity ratio,activity ratio (2-sigma uncertainty),m,m,m,per mille,degrees decimal,degrees decimal,meters a.s.l. ,year,year,year,year,year,year,year,year,1,10.1038/srep24374,"Kathayat, G., Cheng, H., Sinha, A., Spötl, C., Edwards, R. L., Zhang, H., Li, X., Yi, L., Ning, Y., Cai, Y., Lui, W. L. and Breitenbach, S. F. M.: Indian monsoon variability on millennial-orbital timescales, Sci. Rep., 6(1), 2016.",NOAA,"d13C, d18O, mineralogy_petrology_fabric"
1,Bittoo cave,30.7903,77.7764,3000.0,yes,,5,BT-2.4,current,,1-BT24,from top,limestone,Pleistocene,discontinuous carbonate,unknown,unknown,"closed forest, evergreen needle leaf",unknown,30.0,no,no,32.4,stalagmite,unknown,,yes,yes,Vienna-PDB,unknown,,no,no,yes,no,no,no,no,no,,,,,no,,,,,no,,,,,no,,,,,no,,,,,no,,,no,,no,"Cheng, Hai",https://www.ncdc.noaa.gov/paleo/study/20449,55.2,,289677,,,,,,,,,,,,,,,,,,,,,,,,,,,,,,,,,,,,,,,,,,,,55.2,calcite,not applicable,,,,,,,,,,,,,,-4.64,0.08,-8.73,0.04,181391.9248,,,StalAge,not applicable,not applicable,181425.605,613.139669,617.8620692,181427.7667,642.4931394,619.4699055,181495.0,660.2,642.3,181783.7572,727.850336,725.686198,,,,181388.8948,765.9058245,679.2341628,181481.1002,762.5118003,629.8715297,,Calibrated radiocarbon years BP,per mille,per mille,per mille,per mille,mol/mol,mol/mol,mmol/mol,mmol/mol,mmol/mol,mmol/mol,mmol/mol,mmol/mol,mmol/mol,mmol/mol,mmol/mol,mmol/mol,mm,mm,mm,mg,mg,%,ppb,ppb (2-sigma uncertainty),ppt,ppt (2-sigma uncertainty),ppt,ppt (2-sigma uncertainty),activity ratio,activity ratio (2-sigma uncertainty),activity ratio,activity ratio (2-sigma uncertainty),activity ratio,activity ratio (2-sigma uncertainty),activity ratio,activity ratio (2-sigma uncertainty),m,m,m,per mille,degrees decimal,degrees decimal,meters a.s.l. ,year,year,year,year,year,year,year,year,1,10.1038/srep24374,"Kathayat, G., Cheng, H., Sinha, A., Spötl, C., Edwards, R. L., Zhang, H., Li, X., Yi, L., Ning, Y., Cai, Y., Lui, W. L. and Breitenbach, S. F. M.: Indian monsoon variability on millennial-orbital timescales, Sci. Rep., 6(1), 2016.",NOAA,"d13C, d18O, mineralogy_petrology_fabric"
1,Bittoo cave,30.7903,77.7764,3000.0,yes,,5,BT-2.4,current,,1-BT24,from top,limestone,Pleistocene,discontinuous carbonate,unknown,unknown,"closed forest, evergreen needle leaf",unknown,30.0,no,no,32.4,stalagmite,unknown,,yes,yes,Vienna-PDB,unknown,,no,no,yes,no,no,no,no,no,,,,,no,,,,,no,,,,,no,,,,,no,,,,,no,,,no,,no,"Cheng, Hai",https://www.ncdc.noaa.gov/paleo/study/20449,56.4,,289678,,,,,,,,,,,,,,,,,,,,,,,,,,,,,,,,,,,,,,,,,,,,56.4,calcite,not applicable,,,,,,,,,,,,,,-4.47,0.08,-8.66,0.04,181484.0536,,,StalAge,not applicable,not applicable,181504.5561,600.5226213,623.540239,181474.6157,626.1915165,604.1979745,181551.5,661.8,662.55,181841.0172,729.613184,740.096576,,,,181481.4398,761.8637518,669.0071955,181540.096,873.4484454,637.9915727,,Calibrated radiocarbon years BP,per mille,per mille,per mille,per mille,mol/mol,mol/mol,mmol/mol,mmol/mol,mmol/mol,mmol/mol,mmol/mol,mmol/mol,mmol/mol,mmol/mol,mmol/mol,mmol/mol,mm,mm,mm,mg,mg,%,ppb,ppb (2-sigma uncertainty),ppt,ppt (2-sigma uncertainty),ppt,ppt (2-sigma uncertainty),activity ratio,activity ratio (2-sigma uncertainty),activity ratio,activity ratio (2-sigma uncertainty),activity ratio,activity ratio (2-sigma uncertainty),activity ratio,activity ratio (2-sigma uncertainty),m,m,m,per mille,degrees decimal,degrees decimal,meters a.s.l. ,year,year,year,year,year,year,year,year,1,10.1038/srep24374,"Kathayat, G., Cheng, H., Sinha, A., Spötl, C., Edwards, R. L., Zhang, H., Li, X., Yi, L., Ning, Y., Cai, Y., Lui, W. L. and Breitenbach, S. F. M.: Indian monsoon variability on millennial-orbital timescales, Sci. Rep., 6(1), 2016.",NOAA,"d13C, d18O, mineralogy_petrology_fabric"
1,Bittoo cave,30.7903,77.7764,3000.0,yes,,5,BT-2.4,current,,1-BT24,from top,limestone,Pleistocene,discontinuous carbonate,unknown,unknown,"closed forest, evergreen needle leaf",unknown,30.0,no,no,32.4,stalagmite,unknown,,yes,yes,Vienna-PDB,unknown,,no,no,yes,no,no,no,no,no,,,,,no,,,,,no,,,,,no,,,,,no,,,,,no,,,no,,no,"Cheng, Hai",https://www.ncdc.noaa.gov/paleo/study/20449,57.6,,289679,,,,,,,,,,,,,,,,,,,,,,,,,,,,,,,,,,,,,,,,,,,,57.6,calcite,not applicable,,,,,,,,,,,,,,-4.37,0.08,-8.34,0.04,181576.1824,,,StalAge,not applicable,not applicable,181578.0418,604.01887,631.2490247,181520.5507,615.7185672,587.7298387,181615.5,631.5,679.5,181896.2749,739.1053344,747.66776,,,,181587.887,749.0206802,680.0481822,181600.1496,1001.3614,647.8847462,,Calibrated radiocarbon years BP,per mille,per mille,per mille,per mille,mol/mol,mol/mol,mmol/mol,mmol/mol,mmol/mol,mmol/mol,mmol/mol,mmol/mol,mmol/mol,mmol/mol,mmol/mol,mmol/mol,mm,mm,mm,mg,mg,%,ppb,ppb (2-sigma uncertainty),ppt,ppt (2-sigma uncertainty),ppt,ppt (2-sigma uncertainty),activity ratio,activity ratio (2-sigma uncertainty),activity ratio,activity ratio (2-sigma uncertainty),activity ratio,activity ratio (2-sigma uncertainty),activity ratio,activity ratio (2-sigma uncertainty),m,m,m,per mille,degrees decimal,degrees decimal,meters a.s.l. ,year,year,year,year,year,year,year,year,1,10.1038/srep24374,"Kathayat, G., Cheng, H., Sinha, A., Spötl, C., Edwards, R. L., Zhang, H., Li, X., Yi, L., Ning, Y., Cai, Y., Lui, W. L. and Breitenbach, S. F. M.: Indian monsoon variability on millennial-orbital timescales, Sci. Rep., 6(1), 2016.",NOAA,"d13C, d18O, mineralogy_petrology_fabric"
1,Bittoo cave,30.7903,77.7764,3000.0,yes,,5,BT-2.4,current,,1-BT24,from top,limestone,Pleistocene,discontinuous carbonate,unknown,unknown,"closed forest, evergreen needle leaf",unknown,30.0,no,no,32.4,stalagmite,unknown,,yes,yes,Vienna-PDB,unknown,,no,no,yes,no,no,no,no,no,,,,,no,,,,,no,,,,,no,,,,,no,,,,,no,,,no,,no,"Cheng, Hai",https://www.ncdc.noaa.gov/paleo/study/20449,58.8,,289680,,,,,,,,,,,,,,,,,,,,,,,,,,,,,,,,,,,,,,,,,,,,58.8,calcite,not applicable,,,,,,,,,,,,,,-4.53,0.08,-8.49,0.04,181668.3112,,,StalAge,not applicable,not applicable,181656.3628,623.2534494,642.4453614,181569.7646,599.3687869,574.3835904,181673.0,639.45,680.3,181951.9248,754.297716,758.597598,,,,181687.8012,745.7491027,703.0083643,181659.0271,1066.934587,656.0782786,,Calibrated radiocarbon years BP,per mille,per mille,per mille,per mille,mol/mol,mol/mol,mmol/mol,mmol/mol,mmol/mol,mmol/mol,mmol/mol,mmol/mol,mmol/mol,mmol/mol,mmol/mol,mmol/mol,mm,mm,mm,mg,mg,%,ppb,ppb (2-sigma uncertainty),ppt,ppt (2-sigma uncertainty),ppt,ppt (2-sigma uncertainty),activity ratio,activity ratio (2-sigma uncertainty),activity ratio,activity ratio (2-sigma uncertainty),activity ratio,activity ratio (2-sigma uncertainty),activity ratio,activity ratio (2-sigma uncertainty),m,m,m,per mille,degrees decimal,degrees decimal,meters a.s.l. ,year,year,year,year,year,year,year,year,1,10.1038/srep24374,"Kathayat, G., Cheng, H., Sinha, A., Spötl, C., Edwards, R. L., Zhang, H., Li, X., Yi, L., Ning, Y., Cai, Y., Lui, W. L. and Breitenbach, S. F. M.: Indian monsoon variability on millennial-orbital timescales, Sci. Rep., 6(1), 2016.",NOAA,"d13C, d18O, mineralogy_petrology_fabric"
1,Bittoo cave,30.7903,77.7764,3000.0,yes,,5,BT-2.4,current,,1-BT24,from top,limestone,Pleistocene,discontinuous carbonate,unknown,unknown,"closed forest, evergreen needle leaf",unknown,30.0,no,no,32.4,stalagmite,unknown,,yes,yes,Vienna-PDB,unknown,,no,no,yes,no,no,no,no,no,,,,,no,,,,,no,,,,,no,,,,,no,,,,,no,,,no,,no,"Cheng, Hai",https://www.ncdc.noaa.gov/paleo/study/20449,60.0,,289681,,,,,,,,,,,,,,,,,,,,,,,,,,,,,,,,,,,,,,,,,,,,60.0,calcite,not applicable,,,,,,,,,,,,,,-4.02,0.08,-8.07,0.04,181760.44,,,StalAge,not applicable,not applicable,181739.8252,643.1324608,667.3359639,181614.7941,585.4044062,555.5185285,181732.5,647.7,695.65,182004.748,777.56994,776.8342,,,,181785.9795,752.0884714,725.4733068,181717.1918,1112.565776,661.9951022,,Calibrated radiocarbon years BP,per mille,per mille,per mille,per mille,mol/mol,mol/mol,mmol/mol,mmol/mol,mmol/mol,mmol/mol,mmol/mol,mmol/mol,mmol/mol,mmol/mol,mmol/mol,mmol/mol,mm,mm,mm,mg,mg,%,ppb,ppb (2-sigma uncertainty),ppt,ppt (2-sigma uncertainty),ppt,ppt (2-sigma uncertainty),activity ratio,activity ratio (2-sigma uncertainty),activity ratio,activity ratio (2-sigma uncertainty),activity ratio,activity ratio (2-sigma uncertainty),activity ratio,activity ratio (2-sigma uncertainty),m,m,m,per mille,degrees decimal,degrees decimal,meters a.s.l. ,year,year,year,year,year,year,year,year,1,10.1038/srep24374,"Kathayat, G., Cheng, H., Sinha, A., Spötl, C., Edwards, R. L., Zhang, H., Li, X., Yi, L., Ning, Y., Cai, Y., Lui, W. L. and Breitenbach, S. F. M.: Indian monsoon variability on millennial-orbital timescales, Sci. Rep., 6(1), 2016.",NOAA,"d13C, d18O, mineralogy_petrology_fabric"
1,Bittoo cave,30.7903,77.7764,3000.0,yes,,5,BT-2.4,current,,1-BT24,from top,limestone,Pleistocene,discontinuous carbonate,unknown,unknown,"closed forest, evergreen needle leaf",unknown,30.0,no,no,32.4,stalagmite,unknown,,yes,yes,Vienna-PDB,unknown,,no,no,yes,no,no,no,no,no,,,,,no,,,,,no,,,,,no,,,,,no,,,,,no,,,no,,no,"Cheng, Hai",https://www.ncdc.noaa.gov/paleo/study/20449,61.2,,289682,,,,,,,,,,,,,,,,,,,,,,,,,,,,,,,,,,,,,,,,,,,,61.2,calcite,not applicable,,,,,,,,,,,,,,-4.0,0.08,-8.18,0.04,181852.5688,,,StalAge,not applicable,not applicable,181813.5636,664.6114758,688.7280452,181662.5456,571.6501772,537.5917922,181803.5,641.6,730.55,182052.7343,773.615644,769.710566,,,,181882.0227,763.389799,739.4830646,181774.512,1166.853353,666.1881455,,Calibrated radiocarbon years BP,per mille,per mille,per mille,per mille,mol/mol,mol/mol,mmol/mol,mmol/mol,mmol/mol,mmol/mol,mmol/mol,mmol/mol,mmol/mol,mmol/mol,mmol/mol,mmol/mol,mm,mm,mm,mg,mg,%,ppb,ppb (2-sigma uncertainty),ppt,ppt (2-sigma uncertainty),ppt,ppt (2-sigma uncertainty),activity ratio,activity ratio (2-sigma uncertainty),activity ratio,activity ratio (2-sigma uncertainty),activity ratio,activity ratio (2-sigma uncertainty),activity ratio,activity ratio (2-sigma uncertainty),m,m,m,per mille,degrees decimal,degrees decimal,meters a.s.l. ,year,year,year,year,year,year,year,year,1,10.1038/srep24374,"Kathayat, G., Cheng, H., Sinha, A., Spötl, C., Edwards, R. L., Zhang, H., Li, X., Yi, L., Ning, Y., Cai, Y., Lui, W. L. and Breitenbach, S. F. M.: Indian monsoon variability on millennial-orbital timescales, Sci. Rep., 6(1), 2016.",NOAA,"d13C, d18O, mineralogy_petrology_fabric"
1,Bittoo cave,30.7903,77.7764,3000.0,yes,,5,BT-2.4,current,,1-BT24,from top,limestone,Pleistocene,discontinuous carbonate,unknown,unknown,"closed forest, evergreen needle leaf",unknown,30.0,no,no,32.4,stalagmite,unknown,,yes,yes,Vienna-PDB,unknown,,no,no,yes,no,no,no,no,no,,,,,no,,,,,no,,,,,no,,,,,no,,,,,no,,,no,,no,"Cheng, Hai",https://www.ncdc.noaa.gov/paleo/study/20449,62.4,,289683,,,,,,,,,,,,,,,,,,,,,,,,,,,,,,,,,,,,,,,,,,,,62.4,calcite,not applicable,,,,,,,,,,,,,,-3.79,0.08,-8.18,0.04,181944.6976,,,StalAge,not applicable,not applicable,181890.4465,689.8485623,721.2154886,181709.1114,561.4284239,520.4415655,181879.0,641.4,767.15,182103.1863,760.171104,773.4068624,,,,181978.7813,799.5314895,765.6849673,181829.1593,1192.869931,669.6734697,,Calibrated radiocarbon years BP,per mille,per mille,per mille,per mille,mol/mol,mol/mol,mmol/mol,mmol/mol,mmol/mol,mmol/mol,mmol/mol,mmol/mol,mmol/mol,mmol/mol,mmol/mol,mmol/mol,mm,mm,mm,mg,mg,%,ppb,ppb (2-sigma uncertainty),ppt,ppt (2-sigma uncertainty),ppt,ppt (2-sigma uncertainty),activity ratio,activity ratio (2-sigma uncertainty),activity ratio,activity ratio (2-sigma uncertainty),activity ratio,activity ratio (2-sigma uncertainty),activity ratio,activity ratio (2-sigma uncertainty),m,m,m,per mille,degrees decimal,degrees decimal,meters a.s.l. ,year,year,year,year,year,year,year,year,1,10.1038/srep24374,"Kathayat, G., Cheng, H., Sinha, A., Spötl, C., Edwards, R. L., Zhang, H., Li, X., Yi, L., Ning, Y., Cai, Y., Lui, W. L. and Breitenbach, S. F. M.: Indian monsoon variability on millennial-orbital timescales, Sci. Rep., 6(1), 2016.",NOAA,"d13C, d18O, mineralogy_petrology_fabric"
1,Bittoo cave,30.7903,77.7764,3000.0,yes,,5,BT-2.4,current,,1-BT24,from top,limestone,Pleistocene,discontinuous carbonate,unknown,unknown,"closed forest, evergreen needle leaf",unknown,30.0,no,no,32.4,stalagmite,unknown,,yes,yes,Vienna-PDB,unknown,,no,no,yes,no,no,no,no,no,,,,,no,,,,,no,,,,,no,,,,,no,,,,,no,,,no,,no,"Cheng, Hai",https://www.ncdc.noaa.gov/paleo/study/20449,63.6,,289684,,,,,,,,,,,,,,,,,,,,,,,,,,,,,,,,,,,,,,,,,,,,63.6,calcite,not applicable,,,,,,,,,,,,,,-3.67,0.08,-8.07,0.04,182036.8264,,,StalAge,not applicable,not applicable,181963.6724,723.8277656,741.3824438,181759.7427,542.0620657,509.2839934,181936.5,656.6,788.75,182151.5039,756.932898,773.724748,,,,182065.2382,839.2055142,784.6557272,181882.5176,1190.795512,671.8137399,,Calibrated radiocarbon years BP,per mille,per mille,per mille,per mille,mol/mol,mol/mol,mmol/mol,mmol/mol,mmol/mol,mmol/mol,mmol/mol,mmol/mol,mmol/mol,mmol/mol,mmol/mol,mmol/mol,mm,mm,mm,mg,mg,%,ppb,ppb (2-sigma uncertainty),ppt,ppt (2-sigma uncertainty),ppt,ppt (2-sigma uncertainty),activity ratio,activity ratio (2-sigma uncertainty),activity ratio,activity ratio (2-sigma uncertainty),activity ratio,activity ratio (2-sigma uncertainty),activity ratio,activity ratio (2-sigma uncertainty),m,m,m,per mille,degrees decimal,degrees decimal,meters a.s.l. ,year,year,year,year,year,year,year,year,1,10.1038/srep24374,"Kathayat, G., Cheng, H., Sinha, A., Spötl, C., Edwards, R. L., Zhang, H., Li, X., Yi, L., Ning, Y., Cai, Y., Lui, W. L. and Breitenbach, S. F. M.: Indian monsoon variability on millennial-orbital timescales, Sci. Rep., 6(1), 2016.",NOAA,"d13C, d18O, mineralogy_petrology_fabric"
1,Bittoo cave,30.7903,77.7764,3000.0,yes,,5,BT-2.4,current,,1-BT24,from top,limestone,Pleistocene,discontinuous carbonate,unknown,unknown,"closed forest, evergreen needle leaf",unknown,30.0,no,no,32.4,stalagmite,unknown,,yes,yes,Vienna-PDB,unknown,,no,no,yes,no,no,no,no,no,,,,,no,,,,,no,,,,,no,,,,,no,,,,,no,,,no,,no,"Cheng, Hai",https://www.ncdc.noaa.gov/paleo/study/20449,63.8,,289685,,,,,,,,,,,,,,,,,,,,,,,,,,,,,,,,,,,,,,,,,,,,63.8,calcite,not applicable,,,,,,,,,,,,,,-3.89,0.08,-8.45,0.04,182052.1812,,,StalAge,not applicable,not applicable,181976.221,728.8187323,748.39868,181767.9509,538.0424363,507.9445209,181945.0,660.15,795.1,182159.2574,756.479096,774.70648,,,,182078.8452,844.092939,790.6832553,181891.5289,1189.645395,671.9206469,,Calibrated radiocarbon years BP,per mille,per mille,per mille,per mille,mol/mol,mol/mol,mmol/mol,mmol/mol,mmol/mol,mmol/mol,mmol/mol,mmol/mol,mmol/mol,mmol/mol,mmol/mol,mmol/mol,mm,mm,mm,mg,mg,%,ppb,ppb (2-sigma uncertainty),ppt,ppt (2-sigma uncertainty),ppt,ppt (2-sigma uncertainty),activity ratio,activity ratio (2-sigma uncertainty),activity ratio,activity ratio (2-sigma uncertainty),activity ratio,activity ratio (2-sigma uncertainty),activity ratio,activity ratio (2-sigma uncertainty),m,m,m,per mille,degrees decimal,degrees decimal,meters a.s.l. ,year,year,year,year,year,year,year,year,1,10.1038/srep24374,"Kathayat, G., Cheng, H., Sinha, A., Spötl, C., Edwards, R. L., Zhang, H., Li, X., Yi, L., Ning, Y., Cai, Y., Lui, W. L. and Breitenbach, S. F. M.: Indian monsoon variability on millennial-orbital timescales, Sci. Rep., 6(1), 2016.",NOAA,"d13C, d18O, mineralogy_petrology_fabric"
1,Bittoo cave,30.7903,77.7764,3000.0,yes,,5,BT-2.4,current,,1-BT24,from top,limestone,Pleistocene,discontinuous carbonate,unknown,unknown,"closed forest, evergreen needle leaf",unknown,30.0,no,no,32.4,stalagmite,unknown,,yes,yes,Vienna-PDB,unknown,,no,no,yes,no,no,no,no,no,,,,,no,,,,,no,,,,,no,,,,,no,,,,,no,,,no,,no,"Cheng, Hai",https://www.ncdc.noaa.gov/paleo/study/20449,64.8,,289686,,,,,,,,,,,,,,,,,,,,,,,,,,,,,,,,,,,,,,,,,,,,64.8,calcite,not applicable,,,,,,,,,,,,,,-3.69,0.08,-8.31,0.04,182128.9552,,,StalAge,not applicable,not applicable,182040.2716,760.0319973,783.5021405,181807.0154,529.0797742,499.0934357,181994.0,672.4,794.05,182199.3618,759.756444,782.25155,,,,182153.03,851.2267001,829.2847673,181936.8841,1183.362547,671.4103507,,Calibrated radiocarbon years BP,per mille,per mille,per mille,per mille,mol/mol,mol/mol,mmol/mol,mmol/mol,mmol/mol,mmol/mol,mmol/mol,mmol/mol,mmol/mol,mmol/mol,mmol/mol,mmol/mol,mm,mm,mm,mg,mg,%,ppb,ppb (2-sigma uncertainty),ppt,ppt (2-sigma uncertainty),ppt,ppt (2-sigma uncertainty),activity ratio,activity ratio (2-sigma uncertainty),activity ratio,activity ratio (2-sigma uncertainty),activity ratio,activity ratio (2-sigma uncertainty),activity ratio,activity ratio (2-sigma uncertainty),m,m,m,per mille,degrees decimal,degrees decimal,meters a.s.l. ,year,year,year,year,year,year,year,year,1,10.1038/srep24374,"Kathayat, G., Cheng, H., Sinha, A., Spötl, C., Edwards, R. L., Zhang, H., Li, X., Yi, L., Ning, Y., Cai, Y., Lui, W. L. and Breitenbach, S. F. M.: Indian monsoon variability on millennial-orbital timescales, Sci. Rep., 6(1), 2016.",NOAA,"d13C, d18O, mineralogy_petrology_fabric"
1,Bittoo cave,30.7903,77.7764,3000.0,yes,,5,BT-2.4,current,,1-BT24,from top,limestone,Pleistocene,discontinuous carbonate,unknown,unknown,"closed forest, evergreen needle leaf",unknown,30.0,no,no,32.4,stalagmite,unknown,,yes,yes,Vienna-PDB,unknown,,no,no,yes,no,no,no,no,no,,,,,no,,,,,no,,,,,no,,,,,no,,,,,no,,,no,,no,"Cheng, Hai",https://www.ncdc.noaa.gov/paleo/study/20449,66.0,,289687,,,,,,,,,,,,,,,,,,,,,,,,,,,,,,,,,,,,,,,,,,,,66.0,calcite,not applicable,,,,,,,,,,,,,,-3.63,0.08,-7.85,0.04,182221.084,,,StalAge,not applicable,not applicable,182112.9683,811.07198,824.6697217,181856.8363,513.7628934,490.622677,182048.0,710.0,778.85,182245.2364,767.17306,788.99299,,,,182232.3537,875.7787895,871.1293817,181989.5533,1172.885385,669.3791962,,Calibrated radiocarbon years BP,per mille,per mille,per mille,per mille,mol/mol,mol/mol,mmol/mol,mmol/mol,mmol/mol,mmol/mol,mmol/mol,mmol/mol,mmol/mol,mmol/mol,mmol/mol,mmol/mol,mm,mm,mm,mg,mg,%,ppb,ppb (2-sigma uncertainty),ppt,ppt (2-sigma uncertainty),ppt,ppt (2-sigma uncertainty),activity ratio,activity ratio (2-sigma uncertainty),activity ratio,activity ratio (2-sigma uncertainty),activity ratio,activity ratio (2-sigma uncertainty),activity ratio,activity ratio (2-sigma uncertainty),m,m,m,per mille,degrees decimal,degrees decimal,meters a.s.l. ,year,year,year,year,year,year,year,year,1,10.1038/srep24374,"Kathayat, G., Cheng, H., Sinha, A., Spötl, C., Edwards, R. L., Zhang, H., Li, X., Yi, L., Ning, Y., Cai, Y., Lui, W. L. and Breitenbach, S. F. M.: Indian monsoon variability on millennial-orbital timescales, Sci. Rep., 6(1), 2016.",NOAA,"d13C, d18O, mineralogy_petrology_fabric"
1,Bittoo cave,30.7903,77.7764,3000.0,yes,,5,BT-2.4,current,,1-BT24,from top,limestone,Pleistocene,discontinuous carbonate,unknown,unknown,"closed forest, evergreen needle leaf",unknown,30.0,no,no,32.4,stalagmite,unknown,,yes,yes,Vienna-PDB,unknown,,no,no,yes,no,no,no,no,no,,,,,no,,,,,no,,,,,no,,,,,no,,,,,no,,,no,,no,"Cheng, Hai",https://www.ncdc.noaa.gov/paleo/study/20449,67.2,,289688,,,,,,,,,,,,,,,,,,,,,,,,,,,,,,,,,,,,,,,,,,,,67.2,calcite,not applicable,,,,,,,,,,,,,,-3.39,0.08,-7.98,0.04,182313.2128,,,StalAge,not applicable,not applicable,182190.8843,856.8299508,856.6226263,181903.1044,500.6191646,480.0541875,182113.5,726.55,816.7,182293.9671,774.470852,804.0589032,,,,182297.824,907.4570739,882.5043851,182038.7597,1158.758705,665.7181567,,Calibrated radiocarbon years BP,per mille,per mille,per mille,per mille,mol/mol,mol/mol,mmol/mol,mmol/mol,mmol/mol,mmol/mol,mmol/mol,mmol/mol,mmol/mol,mmol/mol,mmol/mol,mmol/mol,mm,mm,mm,mg,mg,%,ppb,ppb (2-sigma uncertainty),ppt,ppt (2-sigma uncertainty),ppt,ppt (2-sigma uncertainty),activity ratio,activity ratio (2-sigma uncertainty),activity ratio,activity ratio (2-sigma uncertainty),activity ratio,activity ratio (2-sigma uncertainty),activity ratio,activity ratio (2-sigma uncertainty),m,m,m,per mille,degrees decimal,degrees decimal,meters a.s.l. ,year,year,year,year,year,year,year,year,1,10.1038/srep24374,"Kathayat, G., Cheng, H., Sinha, A., Spötl, C., Edwards, R. L., Zhang, H., Li, X., Yi, L., Ning, Y., Cai, Y., Lui, W. L. and Breitenbach, S. F. M.: Indian monsoon variability on millennial-orbital timescales, Sci. Rep., 6(1), 2016.",NOAA,"d13C, d18O, mineralogy_petrology_fabric"
1,Bittoo cave,30.7903,77.7764,3000.0,yes,,5,BT-2.4,current,,1-BT24,from top,limestone,Pleistocene,discontinuous carbonate,unknown,unknown,"closed forest, evergreen needle leaf",unknown,30.0,no,no,32.4,stalagmite,unknown,,yes,yes,Vienna-PDB,unknown,,no,no,yes,no,no,no,no,no,,,,,no,,,,,no,,,,,no,,,,,no,,,,,no,,,no,,no,"Cheng, Hai",https://www.ncdc.noaa.gov/paleo/study/20449,68.4,,289689,,,,,,,,,,,,,,,,,,,,,,,,,,,,,,,,,,,,,,,,,,,,68.4,calcite,not applicable,,,,,,,,,,,,,,-3.7,0.08,-8.16,0.04,182405.3416,,,StalAge,not applicable,not applicable,182264.4928,916.7019936,891.1029133,181950.2528,491.054696,465.0207951,182184.0,739.15,836.55,182341.0853,788.977408,818.7244016,,,,182362.4009,924.1741411,916.3786628,182086.0469,1144.093507,658.4957835,,Calibrated radiocarbon years BP,per mille,per mille,per mille,per mille,mol/mol,mol/mol,mmol/mol,mmol/mol,mmol/mol,mmol/mol,mmol/mol,mmol/mol,mmol/mol,mmol/mol,mmol/mol,mmol/mol,mm,mm,mm,mg,mg,%,ppb,ppb (2-sigma uncertainty),ppt,ppt (2-sigma uncertainty),ppt,ppt (2-sigma uncertainty),activity ratio,activity ratio (2-sigma uncertainty),activity ratio,activity ratio (2-sigma uncertainty),activity ratio,activity ratio (2-sigma uncertainty),activity ratio,activity ratio (2-sigma uncertainty),m,m,m,per mille,degrees decimal,degrees decimal,meters a.s.l. ,year,year,year,year,year,year,year,year,1,10.1038/srep24374,"Kathayat, G., Cheng, H., Sinha, A., Spötl, C., Edwards, R. L., Zhang, H., Li, X., Yi, L., Ning, Y., Cai, Y., Lui, W. L. and Breitenbach, S. F. M.: Indian monsoon variability on millennial-orbital timescales, Sci. Rep., 6(1), 2016.",NOAA,"d13C, d18O, mineralogy_petrology_fabric"
1,Bittoo cave,30.7903,77.7764,3000.0,yes,,5,BT-2.4,current,,1-BT24,from top,limestone,Pleistocene,discontinuous carbonate,unknown,unknown,"closed forest, evergreen needle leaf",unknown,30.0,no,no,32.4,stalagmite,unknown,,yes,yes,Vienna-PDB,unknown,,no,no,yes,no,no,no,no,no,,,,,no,,,,,no,,,,,no,,,,,no,,,,,no,,,no,,no,"Cheng, Hai",https://www.ncdc.noaa.gov/paleo/study/20449,69.6,,289690,,,,,,,,,,,,,,,,,,,,,,,,,,,,,,,,,,,,,,,,,,,,69.6,calcite,not applicable,,,,,,,,,,,,,,-4.38,0.08,-8.38,0.04,182497.4704,,,StalAge,not applicable,not applicable,182338.1957,953.6961284,926.5141038,181998.3885,478.7358586,450.0762593,182264.5,747.7,864.55,182387.5006,812.208416,832.806216,,,,182410.0954,947.6060929,922.3491946,182131.9002,1133.883298,649.4165212,,Calibrated radiocarbon years BP,per mille,per mille,per mille,per mille,mol/mol,mol/mol,mmol/mol,mmol/mol,mmol/mol,mmol/mol,mmol/mol,mmol/mol,mmol/mol,mmol/mol,mmol/mol,mmol/mol,mm,mm,mm,mg,mg,%,ppb,ppb (2-sigma uncertainty),ppt,ppt (2-sigma uncertainty),ppt,ppt (2-sigma uncertainty),activity ratio,activity ratio (2-sigma uncertainty),activity ratio,activity ratio (2-sigma uncertainty),activity ratio,activity ratio (2-sigma uncertainty),activity ratio,activity ratio (2-sigma uncertainty),m,m,m,per mille,degrees decimal,degrees decimal,meters a.s.l. ,year,year,year,year,year,year,year,year,1,10.1038/srep24374,"Kathayat, G., Cheng, H., Sinha, A., Spötl, C., Edwards, R. L., Zhang, H., Li, X., Yi, L., Ning, Y., Cai, Y., Lui, W. L. and Breitenbach, S. F. M.: Indian monsoon variability on millennial-orbital timescales, Sci. Rep., 6(1), 2016.",NOAA,"d13C, d18O, mineralogy_petrology_fabric"
1,Bittoo cave,30.7903,77.7764,3000.0,yes,,5,BT-2.4,current,,1-BT24,from top,limestone,Pleistocene,discontinuous carbonate,unknown,unknown,"closed forest, evergreen needle leaf",unknown,30.0,no,no,32.4,stalagmite,unknown,,yes,yes,Vienna-PDB,unknown,,no,no,yes,no,no,no,no,no,,,,,no,,,,,no,,,,,no,,,,,no,,,,,no,,,no,,no,"Cheng, Hai",https://www.ncdc.noaa.gov/paleo/study/20449,70.8,,289691,MC-ICP-MS U/Th,,BT2(4)-10,calcite,,,182735.0,1340.0,1340.0,,,yes,377.8,0.4,1256.0,26.0,,,840.2254345,17.20141712,0.915488191,0.0022,1.103508453,0.001556226,0.814430125,0.407215062,Cheng et al. 2013,182590.0,1340.0,1340.0,yes,yes,yes,yes,,yes,yes,,,,,,,70.8,calcite,not applicable,,,,,,,,,,,,,,-4.89,0.08,-8.57,0.04,182589.5992,,,StalAge,not applicable,not applicable,182412.7536,1004.698078,965.2140452,182046.5534,470.9809825,437.0406557,182322.5,776.55,881.6,182429.7865,811.93102,829.57588,,,,182456.0423,935.2421477,920.5975394,182176.3958,1130.550171,641.9372655,,Calibrated radiocarbon years BP,per mille,per mille,per mille,per mille,mol/mol,mol/mol,mmol/mol,mmol/mol,mmol/mol,mmol/mol,mmol/mol,mmol/mol,mmol/mol,mmol/mol,mmol/mol,mmol/mol,mm,mm,mm,mg,mg,%,ppb,ppb (2-sigma uncertainty),ppt,ppt (2-sigma uncertainty),ppt,ppt (2-sigma uncertainty),activity ratio,activity ratio (2-sigma uncertainty),activity ratio,activity ratio (2-sigma uncertainty),activity ratio,activity ratio (2-sigma uncertainty),activity ratio,activity ratio (2-sigma uncertainty),m,m,m,per mille,degrees decimal,degrees decimal,meters a.s.l. ,year,year,year,year,year,year,year,year,1,10.1038/srep24374,"Kathayat, G., Cheng, H., Sinha, A., Spötl, C., Edwards, R. L., Zhang, H., Li, X., Yi, L., Ning, Y., Cai, Y., Lui, W. L. and Breitenbach, S. F. M.: Indian monsoon variability on millennial-orbital timescales, Sci. Rep., 6(1), 2016.",NOAA,"d13C, d18O, mineralogy_petrology_fabric"
1,Bittoo cave,30.7903,77.7764,3000.0,yes,,5,BT-2.4,current,,1-BT24,from top,limestone,Pleistocene,discontinuous carbonate,unknown,unknown,"closed forest, evergreen needle leaf",unknown,30.0,no,no,32.4,stalagmite,unknown,,yes,yes,Vienna-PDB,unknown,,no,no,yes,no,no,no,no,no,,,,,no,,,,,no,,,,,no,,,,,no,,,,,no,,,no,,no,"Cheng, Hai",https://www.ncdc.noaa.gov/paleo/study/20449,72.0,,289692,,,,,,,,,,,,,,,,,,,,,,,,,,,,,,,,,,,,,,,,,,,,72.0,calcite,not applicable,,,,,,,,,,,,,,-4.34,0.08,-7.85,0.04,182608.488,,,StalAge,not applicable,not applicable,182441.5038,992.3777335,953.1593504,182095.9794,460.6327964,429.6827829,182372.0,799.35,830.1,182476.2634,802.11693,823.34177,,,,182494.3585,921.0563948,918.8130122,182221.4248,1122.352156,636.6652006,,Calibrated radiocarbon years BP,per mille,per mille,per mille,per mille,mol/mol,mol/mol,mmol/mol,mmol/mol,mmol/mol,mmol/mol,mmol/mol,mmol/mol,mmol/mol,mmol/mol,mmol/mol,mmol/mol,mm,mm,mm,mg,mg,%,ppb,ppb (2-sigma uncertainty),ppt,ppt (2-sigma uncertainty),ppt,ppt (2-sigma uncertainty),activity ratio,activity ratio (2-sigma uncertainty),activity ratio,activity ratio (2-sigma uncertainty),activity ratio,activity ratio (2-sigma uncertainty),activity ratio,activity ratio (2-sigma uncertainty),m,m,m,per mille,degrees decimal,degrees decimal,meters a.s.l. ,year,year,year,year,year,year,year,year,1,10.1038/srep24374,"Kathayat, G., Cheng, H., Sinha, A., Spötl, C., Edwards, R. L., Zhang, H., Li, X., Yi, L., Ning, Y., Cai, Y., Lui, W. L. and Breitenbach, S. F. M.: Indian monsoon variability on millennial-orbital timescales, Sci. Rep., 6(1), 2016.",NOAA,"d13C, d18O, mineralogy_petrology_fabric"
1,Bittoo cave,30.7903,77.7764,3000.0,yes,,5,BT-2.4,current,,1-BT24,from top,limestone,Pleistocene,discontinuous carbonate,unknown,unknown,"closed forest, evergreen needle leaf",unknown,30.0,no,no,32.4,stalagmite,unknown,,yes,yes,Vienna-PDB,unknown,,no,no,yes,no,no,no,no,no,,,,,no,,,,,no,,,,,no,,,,,no,,,,,no,,,no,,no,"Cheng, Hai",https://www.ncdc.noaa.gov/paleo/study/20449,73.2,,289693,,,,,,,,,,,,,,,,,,,,,,,,,,,,,,,,,,,,,,,,,,,,73.2,calcite,not applicable,,,,,,,,,,,,,,-3.98,0.08,-8.06,0.04,182627.6628,,,StalAge,not applicable,not applicable,182463.0061,984.4534006,931.1856427,182143.8096,453.0275694,430.5178043,182414.5,811.55,820.2,182523.4707,796.395556,824.1542016,,,,182527.0135,914.2708107,915.8791266,182267.915,1104.029693,632.5101925,,Calibrated radiocarbon years BP,per mille,per mille,per mille,per mille,mol/mol,mol/mol,mmol/mol,mmol/mol,mmol/mol,mmol/mol,mmol/mol,mmol/mol,mmol/mol,mmol/mol,mmol/mol,mmol/mol,mm,mm,mm,mg,mg,%,ppb,ppb (2-sigma uncertainty),ppt,ppt (2-sigma uncertainty),ppt,ppt (2-sigma uncertainty),activity ratio,activity ratio (2-sigma uncertainty),activity ratio,activity ratio (2-sigma uncertainty),activity ratio,activity ratio (2-sigma uncertainty),activity ratio,activity ratio (2-sigma uncertainty),m,m,m,per mille,degrees decimal,degrees decimal,meters a.s.l. ,year,year,year,year,year,year,year,year,1,10.1038/srep24374,"Kathayat, G., Cheng, H., Sinha, A., Spötl, C., Edwards, R. L., Zhang, H., Li, X., Yi, L., Ning, Y., Cai, Y., Lui, W. L. and Breitenbach, S. F. M.: Indian monsoon variability on millennial-orbital timescales, Sci. Rep., 6(1), 2016.",NOAA,"d13C, d18O, mineralogy_petrology_fabric"
1,Bittoo cave,30.7903,77.7764,3000.0,yes,,5,BT-2.4,current,,1-BT24,from top,limestone,Pleistocene,discontinuous carbonate,unknown,unknown,"closed forest, evergreen needle leaf",unknown,30.0,no,no,32.4,stalagmite,unknown,,yes,yes,Vienna-PDB,unknown,,no,no,yes,no,no,no,no,no,,,,,no,,,,,no,,,,,no,,,,,no,,,,,no,,,no,,no,"Cheng, Hai",https://www.ncdc.noaa.gov/paleo/study/20449,74.4,,289694,,,,,,,,,,,,,,,,,,,,,,,,,,,,,,,,,,,,,,,,,,,,74.4,calcite,not applicable,,,,,,,,,,,,,,-4.47,0.08,-8.39,0.04,182646.8376,,,StalAge,not applicable,not applicable,182488.5461,980.7315578,911.4308593,182189.1289,450.1239043,417.230133,182465.0,782.4,833.1,182568.6298,795.065316,827.437212,,,,182561.0052,898.1873446,910.7848794,182314.6348,1085.427639,627.1871998,,Calibrated radiocarbon years BP,per mille,per mille,per mille,per mille,mol/mol,mol/mol,mmol/mol,mmol/mol,mmol/mol,mmol/mol,mmol/mol,mmol/mol,mmol/mol,mmol/mol,mmol/mol,mmol/mol,mm,mm,mm,mg,mg,%,ppb,ppb (2-sigma uncertainty),ppt,ppt (2-sigma uncertainty),ppt,ppt (2-sigma uncertainty),activity ratio,activity ratio (2-sigma uncertainty),activity ratio,activity ratio (2-sigma uncertainty),activity ratio,activity ratio (2-sigma uncertainty),activity ratio,activity ratio (2-sigma uncertainty),m,m,m,per mille,degrees decimal,degrees decimal,meters a.s.l. ,year,year,year,year,year,year,year,year,1,10.1038/srep24374,"Kathayat, G., Cheng, H., Sinha, A., Spötl, C., Edwards, R. L., Zhang, H., Li, X., Yi, L., Ning, Y., Cai, Y., Lui, W. L. and Breitenbach, S. F. M.: Indian monsoon variability on millennial-orbital timescales, Sci. Rep., 6(1), 2016.",NOAA,"d13C, d18O, mineralogy_petrology_fabric"
1,Bittoo cave,30.7903,77.7764,3000.0,yes,,5,BT-2.4,current,,1-BT24,from top,limestone,Pleistocene,discontinuous carbonate,unknown,unknown,"closed forest, evergreen needle leaf",unknown,30.0,no,no,32.4,stalagmite,unknown,,yes,yes,Vienna-PDB,unknown,,no,no,yes,no,no,no,no,no,,,,,no,,,,,no,,,,,no,,,,,no,,,,,no,,,no,,no,"Cheng, Hai",https://www.ncdc.noaa.gov/paleo/study/20449,75.6,,289695,,,,,,,,,,,,,,,,,,,,,,,,,,,,,,,,,,,,,,,,,,,,75.6,calcite,not applicable,,,,,,,,,,,,,,-4.89,0.08,-8.19,0.04,182666.0124,,,StalAge,not applicable,not applicable,182515.1018,962.7398199,902.2177249,182236.3945,444.8841039,410.8300918,182496.5,781.9,820.75,182613.2328,798.66,827.040124,,,,182586.9611,892.4370888,905.0829065,182360.7696,1071.880461,622.0243493,,Calibrated radiocarbon years BP,per mille,per mille,per mille,per mille,mol/mol,mol/mol,mmol/mol,mmol/mol,mmol/mol,mmol/mol,mmol/mol,mmol/mol,mmol/mol,mmol/mol,mmol/mol,mmol/mol,mm,mm,mm,mg,mg,%,ppb,ppb (2-sigma uncertainty),ppt,ppt (2-sigma uncertainty),ppt,ppt (2-sigma uncertainty),activity ratio,activity ratio (2-sigma uncertainty),activity ratio,activity ratio (2-sigma uncertainty),activity ratio,activity ratio (2-sigma uncertainty),activity ratio,activity ratio (2-sigma uncertainty),m,m,m,per mille,degrees decimal,degrees decimal,meters a.s.l. ,year,year,year,year,year,year,year,year,1,10.1038/srep24374,"Kathayat, G., Cheng, H., Sinha, A., Spötl, C., Edwards, R. L., Zhang, H., Li, X., Yi, L., Ning, Y., Cai, Y., Lui, W. L. and Breitenbach, S. F. M.: Indian monsoon variability on millennial-orbital timescales, Sci. Rep., 6(1), 2016.",NOAA,"d13C, d18O, mineralogy_petrology_fabric"
1,Bittoo cave,30.7903,77.7764,3000.0,yes,,5,BT-2.4,current,,1-BT24,from top,limestone,Pleistocene,discontinuous carbonate,unknown,unknown,"closed forest, evergreen needle leaf",unknown,30.0,no,no,32.4,stalagmite,unknown,,yes,yes,Vienna-PDB,unknown,,no,no,yes,no,no,no,no,no,,,,,no,,,,,no,,,,,no,,,,,no,,,,,no,,,no,,no,"Cheng, Hai",https://www.ncdc.noaa.gov/paleo/study/20449,76.8,,289696,,,,,,,,,,,,,,,,,,,,,,,,,,,,,,,,,,,,,,,,,,,,76.8,calcite,not applicable,,,,,,,,,,,,,,-5.18,0.08,-8.53,0.04,182685.1872,,,StalAge,not applicable,not applicable,182541.7269,950.8538619,895.0101679,182284.9037,431.3017012,406.0887397,182528.5,779.6,806.65,182654.4511,803.762714,832.395244,,,,182614.763,889.3030532,909.5184451,182406.1338,1063.469624,619.3649574,,Calibrated radiocarbon years BP,per mille,per mille,per mille,per mille,mol/mol,mol/mol,mmol/mol,mmol/mol,mmol/mol,mmol/mol,mmol/mol,mmol/mol,mmol/mol,mmol/mol,mmol/mol,mmol/mol,mm,mm,mm,mg,mg,%,ppb,ppb (2-sigma uncertainty),ppt,ppt (2-sigma uncertainty),ppt,ppt (2-sigma uncertainty),activity ratio,activity ratio (2-sigma uncertainty),activity ratio,activity ratio (2-sigma uncertainty),activity ratio,activity ratio (2-sigma uncertainty),activity ratio,activity ratio (2-sigma uncertainty),m,m,m,per mille,degrees decimal,degrees decimal,meters a.s.l. ,year,year,year,year,year,year,year,year,1,10.1038/srep24374,"Kathayat, G., Cheng, H., Sinha, A., Spötl, C., Edwards, R. L., Zhang, H., Li, X., Yi, L., Ning, Y., Cai, Y., Lui, W. L. and Breitenbach, S. F. M.: Indian monsoon variability on millennial-orbital timescales, Sci. Rep., 6(1), 2016.",NOAA,"d13C, d18O, mineralogy_petrology_fabric"
1,Bittoo cave,30.7903,77.7764,3000.0,yes,,5,BT-2.4,current,,1-BT24,from top,limestone,Pleistocene,discontinuous carbonate,unknown,unknown,"closed forest, evergreen needle leaf",unknown,30.0,no,no,32.4,stalagmite,unknown,,yes,yes,Vienna-PDB,unknown,,no,no,yes,no,no,no,no,no,,,,,no,,,,,no,,,,,no,,,,,no,,,,,no,,,no,,no,"Cheng, Hai",https://www.ncdc.noaa.gov/paleo/study/20449,78.0,,289697,,,,,,,,,,,,,,,,,,,,,,,,,,,,,,,,,,,,,,,,,,,,78.0,calcite,not applicable,,,,,,,,,,,,,,-5.35,0.08,-8.37,0.04,182704.362,,,StalAge,not applicable,not applicable,182569.3513,938.1031545,873.3302981,182333.7672,421.495492,402.7560921,182557.0,774.1,791.75,182699.1895,823.04136,842.17399,,,,182645.4551,877.7744787,912.8469425,182451.4833,1054.383223,616.0343814,,Calibrated radiocarbon years BP,per mille,per mille,per mille,per mille,mol/mol,mol/mol,mmol/mol,mmol/mol,mmol/mol,mmol/mol,mmol/mol,mmol/mol,mmol/mol,mmol/mol,mmol/mol,mmol/mol,mm,mm,mm,mg,mg,%,ppb,ppb (2-sigma uncertainty),ppt,ppt (2-sigma uncertainty),ppt,ppt (2-sigma uncertainty),activity ratio,activity ratio (2-sigma uncertainty),activity ratio,activity ratio (2-sigma uncertainty),activity ratio,activity ratio (2-sigma uncertainty),activity ratio,activity ratio (2-sigma uncertainty),m,m,m,per mille,degrees decimal,degrees decimal,meters a.s.l. ,year,year,year,year,year,year,year,year,1,10.1038/srep24374,"Kathayat, G., Cheng, H., Sinha, A., Spötl, C., Edwards, R. L., Zhang, H., Li, X., Yi, L., Ning, Y., Cai, Y., Lui, W. L. and Breitenbach, S. F. M.: Indian monsoon variability on millennial-orbital timescales, Sci. Rep., 6(1), 2016.",NOAA,"d13C, d18O, mineralogy_petrology_fabric"
1,Bittoo cave,30.7903,77.7764,3000.0,yes,,5,BT-2.4,current,,1-BT24,from top,limestone,Pleistocene,discontinuous carbonate,unknown,unknown,"closed forest, evergreen needle leaf",unknown,30.0,no,no,32.4,stalagmite,unknown,,yes,yes,Vienna-PDB,unknown,,no,no,yes,no,no,no,no,no,,,,,no,,,,,no,,,,,no,,,,,no,,,,,no,,,no,,no,"Cheng, Hai",https://www.ncdc.noaa.gov/paleo/study/20449,79.2,,289698,,,,,,,,,,,,,,,,,,,,,,,,,,,,,,,,,,,,,,,,,,,,79.2,calcite,not applicable,,,,,,,,,,,,,,-5.53,0.08,-8.4,0.04,182723.5368,,,StalAge,not applicable,not applicable,182599.461,925.7189604,869.5975535,182379.4705,415.2525524,397.8988688,182589.5,772.9,785.75,182742.7686,842.821766,852.18382,,,,182669.968,874.4485209,912.2410616,182496.9467,1041.955345,609.9827089,,Calibrated radiocarbon years BP,per mille,per mille,per mille,per mille,mol/mol,mol/mol,mmol/mol,mmol/mol,mmol/mol,mmol/mol,mmol/mol,mmol/mol,mmol/mol,mmol/mol,mmol/mol,mmol/mol,mm,mm,mm,mg,mg,%,ppb,ppb (2-sigma uncertainty),ppt,ppt (2-sigma uncertainty),ppt,ppt (2-sigma uncertainty),activity ratio,activity ratio (2-sigma uncertainty),activity ratio,activity ratio (2-sigma uncertainty),activity ratio,activity ratio (2-sigma uncertainty),activity ratio,activity ratio (2-sigma uncertainty),m,m,m,per mille,degrees decimal,degrees decimal,meters a.s.l. ,year,year,year,year,year,year,year,year,1,10.1038/srep24374,"Kathayat, G., Cheng, H., Sinha, A., Spötl, C., Edwards, R. L., Zhang, H., Li, X., Yi, L., Ning, Y., Cai, Y., Lui, W. L. and Breitenbach, S. F. M.: Indian monsoon variability on millennial-orbital timescales, Sci. Rep., 6(1), 2016.",NOAA,"d13C, d18O, mineralogy_petrology_fabric"
1,Bittoo cave,30.7903,77.7764,3000.0,yes,,5,BT-2.4,current,,1-BT24,from top,limestone,Pleistocene,discontinuous carbonate,unknown,unknown,"closed forest, evergreen needle leaf",unknown,30.0,no,no,32.4,stalagmite,unknown,,yes,yes,Vienna-PDB,unknown,,no,no,yes,no,no,no,no,no,,,,,no,,,,,no,,,,,no,,,,,no,,,,,no,,,no,,no,"Cheng, Hai",https://www.ncdc.noaa.gov/paleo/study/20449,80.4,,289699,,,,,,,,,,,,,,,,,,,,,,,,,,,,,,,,,,,,,,,,,,,,80.4,calcite,not applicable,,,,,,,,,,,,,,-5.66,0.08,-8.79,0.04,182742.7116,,,StalAge,not applicable,not applicable,182624.5954,914.8590944,859.5750418,182430.847,405.4943497,397.4563427,182619.5,764.95,776.5,182787.3424,856.4096088,851.256732,,,,182701.5957,865.4376496,926.8788342,182541.4553,1030.073895,602.9914357,,Calibrated radiocarbon years BP,per mille,per mille,per mille,per mille,mol/mol,mol/mol,mmol/mol,mmol/mol,mmol/mol,mmol/mol,mmol/mol,mmol/mol,mmol/mol,mmol/mol,mmol/mol,mmol/mol,mm,mm,mm,mg,mg,%,ppb,ppb (2-sigma uncertainty),ppt,ppt (2-sigma uncertainty),ppt,ppt (2-sigma uncertainty),activity ratio,activity ratio (2-sigma uncertainty),activity ratio,activity ratio (2-sigma uncertainty),activity ratio,activity ratio (2-sigma uncertainty),activity ratio,activity ratio (2-sigma uncertainty),m,m,m,per mille,degrees decimal,degrees decimal,meters a.s.l. ,year,year,year,year,year,year,year,year,1,10.1038/srep24374,"Kathayat, G., Cheng, H., Sinha, A., Spötl, C., Edwards, R. L., Zhang, H., Li, X., Yi, L., Ning, Y., Cai, Y., Lui, W. L. and Breitenbach, S. F. M.: Indian monsoon variability on millennial-orbital timescales, Sci. Rep., 6(1), 2016.",NOAA,"d13C, d18O, mineralogy_petrology_fabric"
1,Bittoo cave,30.7903,77.7764,3000.0,yes,,5,BT-2.4,current,,1-BT24,from top,limestone,Pleistocene,discontinuous carbonate,unknown,unknown,"closed forest, evergreen needle leaf",unknown,30.0,no,no,32.4,stalagmite,unknown,,yes,yes,Vienna-PDB,unknown,,no,no,yes,no,no,no,no,no,,,,,no,,,,,no,,,,,no,,,,,no,,,,,no,,,no,,no,"Cheng, Hai",https://www.ncdc.noaa.gov/paleo/study/20449,81.6,,289700,,,,,,,,,,,,,,,,,,,,,,,,,,,,,,,,,,,,,,,,,,,,81.6,calcite,not applicable,,,,,,,,,,,,,,-4.83,0.08,-8.52,0.04,182761.8864,,,StalAge,not applicable,not applicable,182650.2232,900.6299161,850.5756143,182479.5212,406.4938612,393.2675465,182652.0,800.3,785.05,182832.1314,843.290986,839.629556,,,,182721.1868,870.7253001,928.331393,182585.4821,1016.132969,596.2250149,,Calibrated radiocarbon years BP,per mille,per mille,per mille,per mille,mol/mol,mol/mol,mmol/mol,mmol/mol,mmol/mol,mmol/mol,mmol/mol,mmol/mol,mmol/mol,mmol/mol,mmol/mol,mmol/mol,mm,mm,mm,mg,mg,%,ppb,ppb (2-sigma uncertainty),ppt,ppt (2-sigma uncertainty),ppt,ppt (2-sigma uncertainty),activity ratio,activity ratio (2-sigma uncertainty),activity ratio,activity ratio (2-sigma uncertainty),activity ratio,activity ratio (2-sigma uncertainty),activity ratio,activity ratio (2-sigma uncertainty),m,m,m,per mille,degrees decimal,degrees decimal,meters a.s.l. ,year,year,year,year,year,year,year,year,1,10.1038/srep24374,"Kathayat, G., Cheng, H., Sinha, A., Spötl, C., Edwards, R. L., Zhang, H., Li, X., Yi, L., Ning, Y., Cai, Y., Lui, W. L. and Breitenbach, S. F. M.: Indian monsoon variability on millennial-orbital timescales, Sci. Rep., 6(1), 2016.",NOAA,"d13C, d18O, mineralogy_petrology_fabric"
1,Bittoo cave,30.7903,77.7764,3000.0,yes,,5,BT-2.4,current,,1-BT24,from top,limestone,Pleistocene,discontinuous carbonate,unknown,unknown,"closed forest, evergreen needle leaf",unknown,30.0,no,no,32.4,stalagmite,unknown,,yes,yes,Vienna-PDB,unknown,,no,no,yes,no,no,no,no,no,,,,,no,,,,,no,,,,,no,,,,,no,,,,,no,,,no,,no,"Cheng, Hai",https://www.ncdc.noaa.gov/paleo/study/20449,82.8,,289701,,,,,,,,,,,,,,,,,,,,,,,,,,,,,,,,,,,,,,,,,,,,82.8,calcite,not applicable,,,,,,,,,,,,,,-4.91,0.08,-8.32,0.04,182781.0612,,,StalAge,not applicable,not applicable,182679.5465,885.7723666,847.7398496,182528.5303,401.4534908,391.7021554,182679.5,800.8,781.55,182878.5714,837.850452,828.054398,,,,182749.092,865.9280341,938.9488975,182630.2465,996.5481774,590.1729738,,Calibrated radiocarbon years BP,per mille,per mille,per mille,per mille,mol/mol,mol/mol,mmol/mol,mmol/mol,mmol/mol,mmol/mol,mmol/mol,mmol/mol,mmol/mol,mmol/mol,mmol/mol,mmol/mol,mm,mm,mm,mg,mg,%,ppb,ppb (2-sigma uncertainty),ppt,ppt (2-sigma uncertainty),ppt,ppt (2-sigma uncertainty),activity ratio,activity ratio (2-sigma uncertainty),activity ratio,activity ratio (2-sigma uncertainty),activity ratio,activity ratio (2-sigma uncertainty),activity ratio,activity ratio (2-sigma uncertainty),m,m,m,per mille,degrees decimal,degrees decimal,meters a.s.l. ,year,year,year,year,year,year,year,year,1,10.1038/srep24374,"Kathayat, G., Cheng, H., Sinha, A., Spötl, C., Edwards, R. L., Zhang, H., Li, X., Yi, L., Ning, Y., Cai, Y., Lui, W. L. and Breitenbach, S. F. M.: Indian monsoon variability on millennial-orbital timescales, Sci. Rep., 6(1), 2016.",NOAA,"d13C, d18O, mineralogy_petrology_fabric"
1,Bittoo cave,30.7903,77.7764,3000.0,yes,,5,BT-2.4,current,,1-BT24,from top,limestone,Pleistocene,discontinuous carbonate,unknown,unknown,"closed forest, evergreen needle leaf",unknown,30.0,no,no,32.4,stalagmite,unknown,,yes,yes,Vienna-PDB,unknown,,no,no,yes,no,no,no,no,no,,,,,no,,,,,no,,,,,no,,,,,no,,,,,no,,,no,,no,"Cheng, Hai",https://www.ncdc.noaa.gov/paleo/study/20449,84.0,,289702,,,,,,,,,,,,,,,,,,,,,,,,,,,,,,,,,,,,,,,,,,,,84.0,calcite,not applicable,,,,,,,,,,,,,,-4.52,0.08,-8.07,0.04,182800.236,,,StalAge,not applicable,not applicable,182708.8559,872.7859063,842.7768719,182574.8025,401.2238257,387.387458,182709.5,793.65,772.5,182925.5148,828.723896,835.18043,,,,182765.3948,869.4478785,938.0297981,182675.6953,981.8611891,585.0748612,,Calibrated radiocarbon years BP,per mille,per mille,per mille,per mille,mol/mol,mol/mol,mmol/mol,mmol/mol,mmol/mol,mmol/mol,mmol/mol,mmol/mol,mmol/mol,mmol/mol,mmol/mol,mmol/mol,mm,mm,mm,mg,mg,%,ppb,ppb (2-sigma uncertainty),ppt,ppt (2-sigma uncertainty),ppt,ppt (2-sigma uncertainty),activity ratio,activity ratio (2-sigma uncertainty),activity ratio,activity ratio (2-sigma uncertainty),activity ratio,activity ratio (2-sigma uncertainty),activity ratio,activity ratio (2-sigma uncertainty),m,m,m,per mille,degrees decimal,degrees decimal,meters a.s.l. ,year,year,year,year,year,year,year,year,1,10.1038/srep24374,"Kathayat, G., Cheng, H., Sinha, A., Spötl, C., Edwards, R. L., Zhang, H., Li, X., Yi, L., Ning, Y., Cai, Y., Lui, W. L. and Breitenbach, S. F. M.: Indian monsoon variability on millennial-orbital timescales, Sci. Rep., 6(1), 2016.",NOAA,"d13C, d18O, mineralogy_petrology_fabric"
1,Bittoo cave,30.7903,77.7764,3000.0,yes,,5,BT-2.4,current,,1-BT24,from top,limestone,Pleistocene,discontinuous carbonate,unknown,unknown,"closed forest, evergreen needle leaf",unknown,30.0,no,no,32.4,stalagmite,unknown,,yes,yes,Vienna-PDB,unknown,,no,no,yes,no,no,no,no,no,,,,,no,,,,,no,,,,,no,,,,,no,,,,,no,,,no,,no,"Cheng, Hai",https://www.ncdc.noaa.gov/paleo/study/20449,85.2,,289703,,,,,,,,,,,,,,,,,,,,,,,,,,,,,,,,,,,,,,,,,,,,85.2,calcite,not applicable,,,,,,,,,,,,,,-4.36,0.08,-8.2,0.04,182819.4108,,,StalAge,not applicable,not applicable,182737.087,859.3700529,836.1006351,182623.1465,401.4511833,384.8791855,182737.0,785.3,761.2,182972.4272,826.450012,837.666022,,,,182783.1582,862.9552439,935.5352062,182721.6327,972.2773532,581.0422845,,Calibrated radiocarbon years BP,per mille,per mille,per mille,per mille,mol/mol,mol/mol,mmol/mol,mmol/mol,mmol/mol,mmol/mol,mmol/mol,mmol/mol,mmol/mol,mmol/mol,mmol/mol,mmol/mol,mm,mm,mm,mg,mg,%,ppb,ppb (2-sigma uncertainty),ppt,ppt (2-sigma uncertainty),ppt,ppt (2-sigma uncertainty),activity ratio,activity ratio (2-sigma uncertainty),activity ratio,activity ratio (2-sigma uncertainty),activity ratio,activity ratio (2-sigma uncertainty),activity ratio,activity ratio (2-sigma uncertainty),m,m,m,per mille,degrees decimal,degrees decimal,meters a.s.l. ,year,year,year,year,year,year,year,year,1,10.1038/srep24374,"Kathayat, G., Cheng, H., Sinha, A., Spötl, C., Edwards, R. L., Zhang, H., Li, X., Yi, L., Ning, Y., Cai, Y., Lui, W. L. and Breitenbach, S. F. M.: Indian monsoon variability on millennial-orbital timescales, Sci. Rep., 6(1), 2016.",NOAA,"d13C, d18O, mineralogy_petrology_fabric"
1,Bittoo cave,30.7903,77.7764,3000.0,yes,,5,BT-2.4,current,,1-BT24,from top,limestone,Pleistocene,discontinuous carbonate,unknown,unknown,"closed forest, evergreen needle leaf",unknown,30.0,no,no,32.4,stalagmite,unknown,,yes,yes,Vienna-PDB,unknown,,no,no,yes,no,no,no,no,no,,,,,no,,,,,no,,,,,no,,,,,no,,,,,no,,,no,,no,"Cheng, Hai",https://www.ncdc.noaa.gov/paleo/study/20449,86.4,,289704,,,,,,,,,,,,,,,,,,,,,,,,,,,,,,,,,,,,,,,,,,,,86.4,calcite,not applicable,,,,,,,,,,,,,,-4.67,0.08,-8.4,0.04,182838.5856,,,StalAge,not applicable,not applicable,182765.3283,857.648818,834.1769941,182669.0978,402.1967751,384.9769002,182763.5,776.15,762.55,183018.5611,828.259236,843.661316,,,,182802.9422,858.7759905,931.4169057,182768.025,948.8823437,578.0354419,,Calibrated radiocarbon years BP,per mille,per mille,per mille,per mille,mol/mol,mol/mol,mmol/mol,mmol/mol,mmol/mol,mmol/mol,mmol/mol,mmol/mol,mmol/mol,mmol/mol,mmol/mol,mmol/mol,mm,mm,mm,mg,mg,%,ppb,ppb (2-sigma uncertainty),ppt,ppt (2-sigma uncertainty),ppt,ppt (2-sigma uncertainty),activity ratio,activity ratio (2-sigma uncertainty),activity ratio,activity ratio (2-sigma uncertainty),activity ratio,activity ratio (2-sigma uncertainty),activity ratio,activity ratio (2-sigma uncertainty),m,m,m,per mille,degrees decimal,degrees decimal,meters a.s.l. ,year,year,year,year,year,year,year,year,1,10.1038/srep24374,"Kathayat, G., Cheng, H., Sinha, A., Spötl, C., Edwards, R. L., Zhang, H., Li, X., Yi, L., Ning, Y., Cai, Y., Lui, W. L. and Breitenbach, S. F. M.: Indian monsoon variability on millennial-orbital timescales, Sci. Rep., 6(1), 2016.",NOAA,"d13C, d18O, mineralogy_petrology_fabric"
1,Bittoo cave,30.7903,77.7764,3000.0,yes,,5,BT-2.4,current,,1-BT24,from top,limestone,Pleistocene,discontinuous carbonate,unknown,unknown,"closed forest, evergreen needle leaf",unknown,30.0,no,no,32.4,stalagmite,unknown,,yes,yes,Vienna-PDB,unknown,,no,no,yes,no,no,no,no,no,,,,,no,,,,,no,,,,,no,,,,,no,,,,,no,,,no,,no,"Cheng, Hai",https://www.ncdc.noaa.gov/paleo/study/20449,86.6,,289705,,,,,,,,,,,,,,,,,,,,,,,,,,,,,,,,,,,,,,,,,,,,86.6,calcite,not applicable,,,,,,,,,,,,,,-4.22,0.08,-8.01,0.04,182841.7814,,,StalAge,not applicable,not applicable,182768.4643,859.8071821,832.3383576,182677.9185,400.7413821,386.8664579,182767.0,787.05,762.15,183027.2641,828.1974042,842.58358,,,,182807.7663,856.306156,933.1115521,182775.7277,943.7263271,577.602394,,Calibrated radiocarbon years BP,per mille,per mille,per mille,per mille,mol/mol,mol/mol,mmol/mol,mmol/mol,mmol/mol,mmol/mol,mmol/mol,mmol/mol,mmol/mol,mmol/mol,mmol/mol,mmol/mol,mm,mm,mm,mg,mg,%,ppb,ppb (2-sigma uncertainty),ppt,ppt (2-sigma uncertainty),ppt,ppt (2-sigma uncertainty),activity ratio,activity ratio (2-sigma uncertainty),activity ratio,activity ratio (2-sigma uncertainty),activity ratio,activity ratio (2-sigma uncertainty),activity ratio,activity ratio (2-sigma uncertainty),m,m,m,per mille,degrees decimal,degrees decimal,meters a.s.l. ,year,year,year,year,year,year,year,year,1,10.1038/srep24374,"Kathayat, G., Cheng, H., Sinha, A., Spötl, C., Edwards, R. L., Zhang, H., Li, X., Yi, L., Ning, Y., Cai, Y., Lui, W. L. and Breitenbach, S. F. M.: Indian monsoon variability on millennial-orbital timescales, Sci. Rep., 6(1), 2016.",NOAA,"d13C, d18O, mineralogy_petrology_fabric"
1,Bittoo cave,30.7903,77.7764,3000.0,yes,,5,BT-2.4,current,,1-BT24,from top,limestone,Pleistocene,discontinuous carbonate,unknown,unknown,"closed forest, evergreen needle leaf",unknown,30.0,no,no,32.4,stalagmite,unknown,,yes,yes,Vienna-PDB,unknown,,no,no,yes,no,no,no,no,no,,,,,no,,,,,no,,,,,no,,,,,no,,,,,no,,,no,,no,"Cheng, Hai",https://www.ncdc.noaa.gov/paleo/study/20449,87.6,,289706,,,,,,,,,,,,,,,,,,,,,,,,,,,,,,,,,,,,,,,,,,,,87.6,calcite,not applicable,,,,,,,,,,,,,,-4.36,0.08,-8.21,0.04,182857.7604,,,StalAge,not applicable,not applicable,182789.6881,855.7240809,823.0959202,182718.2667,400.5988002,387.6808135,182783.5,784.65,755.3,183063.7439,833.857088,847.1284676,,,,182820.5238,856.3095529,922.2400816,182813.4937,919.9086416,575.4758846,,Calibrated radiocarbon years BP,per mille,per mille,per mille,per mille,mol/mol,mol/mol,mmol/mol,mmol/mol,mmol/mol,mmol/mol,mmol/mol,mmol/mol,mmol/mol,mmol/mol,mmol/mol,mmol/mol,mm,mm,mm,mg,mg,%,ppb,ppb (2-sigma uncertainty),ppt,ppt (2-sigma uncertainty),ppt,ppt (2-sigma uncertainty),activity ratio,activity ratio (2-sigma uncertainty),activity ratio,activity ratio (2-sigma uncertainty),activity ratio,activity ratio (2-sigma uncertainty),activity ratio,activity ratio (2-sigma uncertainty),m,m,m,per mille,degrees decimal,degrees decimal,meters a.s.l. ,year,year,year,year,year,year,year,year,1,10.1038/srep24374,"Kathayat, G., Cheng, H., Sinha, A., Spötl, C., Edwards, R. L., Zhang, H., Li, X., Yi, L., Ning, Y., Cai, Y., Lui, W. L. and Breitenbach, S. F. M.: Indian monsoon variability on millennial-orbital timescales, Sci. Rep., 6(1), 2016.",NOAA,"d13C, d18O, mineralogy_petrology_fabric"
1,Bittoo cave,30.7903,77.7764,3000.0,yes,,5,BT-2.4,current,,1-BT24,from top,limestone,Pleistocene,discontinuous carbonate,unknown,unknown,"closed forest, evergreen needle leaf",unknown,30.0,no,no,32.4,stalagmite,unknown,,yes,yes,Vienna-PDB,unknown,,no,no,yes,no,no,no,no,no,,,,,no,,,,,no,,,,,no,,,,,no,,,,,no,,,no,,no,"Cheng, Hai",https://www.ncdc.noaa.gov/paleo/study/20449,88.8,,289707,,,,,,,,,,,,,,,,,,,,,,,,,,,,,,,,,,,,,,,,,,,,88.8,calcite,not applicable,,,,,,,,,,,,,,-5.34,0.08,-8.63,0.04,182876.9352,,,StalAge,not applicable,not applicable,182816.943,854.1263532,805.1901241,182766.874,405.8351474,390.2459589,182807.5,773.55,750.8,183106.6302,855.076484,854.788496,,,,182841.5034,855.4726096,917.5093629,182857.0057,905.0684911,572.8832118,,Calibrated radiocarbon years BP,per mille,per mille,per mille,per mille,mol/mol,mol/mol,mmol/mol,mmol/mol,mmol/mol,mmol/mol,mmol/mol,mmol/mol,mmol/mol,mmol/mol,mmol/mol,mmol/mol,mm,mm,mm,mg,mg,%,ppb,ppb (2-sigma uncertainty),ppt,ppt (2-sigma uncertainty),ppt,ppt (2-sigma uncertainty),activity ratio,activity ratio (2-sigma uncertainty),activity ratio,activity ratio (2-sigma uncertainty),activity ratio,activity ratio (2-sigma uncertainty),activity ratio,activity ratio (2-sigma uncertainty),m,m,m,per mille,degrees decimal,degrees decimal,meters a.s.l. ,year,year,year,year,year,year,year,year,1,10.1038/srep24374,"Kathayat, G., Cheng, H., Sinha, A., Spötl, C., Edwards, R. L., Zhang, H., Li, X., Yi, L., Ning, Y., Cai, Y., Lui, W. L. and Breitenbach, S. F. M.: Indian monsoon variability on millennial-orbital timescales, Sci. Rep., 6(1), 2016.",NOAA,"d13C, d18O, mineralogy_petrology_fabric"
1,Bittoo cave,30.7903,77.7764,3000.0,yes,,5,BT-2.4,current,,1-BT24,from top,limestone,Pleistocene,discontinuous carbonate,unknown,unknown,"closed forest, evergreen needle leaf",unknown,30.0,no,no,32.4,stalagmite,unknown,,yes,yes,Vienna-PDB,unknown,,no,no,yes,no,no,no,no,no,,,,,no,,,,,no,,,,,no,,,,,no,,,,,no,,,no,,no,"Cheng, Hai",https://www.ncdc.noaa.gov/paleo/study/20449,90.0,,289708,,,,,,,,,,,,,,,,,,,,,,,,,,,,,,,,,,,,,,,,,,,,90.0,calcite,not applicable,,,,,,,,,,,,,,-4.5,0.08,-8.08,0.04,182896.11,,,StalAge,not applicable,not applicable,182838.5501,852.2035152,784.8808139,182814.7085,401.7933432,397.7214798,182839.5,754.75,763.6,183148.9241,874.35992,864.52806,,,,182855.452,853.7068694,912.0629896,182902.3728,895.572389,571.5268346,,Calibrated radiocarbon years BP,per mille,per mille,per mille,per mille,mol/mol,mol/mol,mmol/mol,mmol/mol,mmol/mol,mmol/mol,mmol/mol,mmol/mol,mmol/mol,mmol/mol,mmol/mol,mmol/mol,mm,mm,mm,mg,mg,%,ppb,ppb (2-sigma uncertainty),ppt,ppt (2-sigma uncertainty),ppt,ppt (2-sigma uncertainty),activity ratio,activity ratio (2-sigma uncertainty),activity ratio,activity ratio (2-sigma uncertainty),activity ratio,activity ratio (2-sigma uncertainty),activity ratio,activity ratio (2-sigma uncertainty),m,m,m,per mille,degrees decimal,degrees decimal,meters a.s.l. ,year,year,year,year,year,year,year,year,1,10.1038/srep24374,"Kathayat, G., Cheng, H., Sinha, A., Spötl, C., Edwards, R. L., Zhang, H., Li, X., Yi, L., Ning, Y., Cai, Y., Lui, W. L. and Breitenbach, S. F. M.: Indian monsoon variability on millennial-orbital timescales, Sci. Rep., 6(1), 2016.",NOAA,"d13C, d18O, mineralogy_petrology_fabric"
1,Bittoo cave,30.7903,77.7764,3000.0,yes,,5,BT-2.4,current,,1-BT24,from top,limestone,Pleistocene,discontinuous carbonate,unknown,unknown,"closed forest, evergreen needle leaf",unknown,30.0,no,no,32.4,stalagmite,unknown,,yes,yes,Vienna-PDB,unknown,,no,no,yes,no,no,no,no,no,,,,,no,,,,,no,,,,,no,,,,,no,,,,,no,,,no,,no,"Cheng, Hai",https://www.ncdc.noaa.gov/paleo/study/20449,91.2,,289709,,,,,,,,,,,,,,,,,,,,,,,,,,,,,,,,,,,,,,,,,,,,91.2,calcite,not applicable,,,,,,,,,,,,,,-4.37,0.08,-8.16,0.04,182915.2848,,,StalAge,not applicable,not applicable,182870.7981,846.5711334,791.9002987,182861.9304,406.2864277,404.2647353,182863.0,755.0,770.1,183194.4592,863.30828,850.5220472,,,,182868.4681,854.1935255,900.9926596,182951.2829,882.7098311,572.9211385,,Calibrated radiocarbon years BP,per mille,per mille,per mille,per mille,mol/mol,mol/mol,mmol/mol,mmol/mol,mmol/mol,mmol/mol,mmol/mol,mmol/mol,mmol/mol,mmol/mol,mmol/mol,mmol/mol,mm,mm,mm,mg,mg,%,ppb,ppb (2-sigma uncertainty),ppt,ppt (2-sigma uncertainty),ppt,ppt (2-sigma uncertainty),activity ratio,activity ratio (2-sigma uncertainty),activity ratio,activity ratio (2-sigma uncertainty),activity ratio,activity ratio (2-sigma uncertainty),activity ratio,activity ratio (2-sigma uncertainty),m,m,m,per mille,degrees decimal,degrees decimal,meters a.s.l. ,year,year,year,year,year,year,year,year,1,10.1038/srep24374,"Kathayat, G., Cheng, H., Sinha, A., Spötl, C., Edwards, R. L., Zhang, H., Li, X., Yi, L., Ning, Y., Cai, Y., Lui, W. L. and Breitenbach, S. F. M.: Indian monsoon variability on millennial-orbital timescales, Sci. Rep., 6(1), 2016.",NOAA,"d13C, d18O, mineralogy_petrology_fabric"
1,Bittoo cave,30.7903,77.7764,3000.0,yes,,5,BT-2.4,current,,1-BT24,from top,limestone,Pleistocene,discontinuous carbonate,unknown,unknown,"closed forest, evergreen needle leaf",unknown,30.0,no,no,32.4,stalagmite,unknown,,yes,yes,Vienna-PDB,unknown,,no,no,yes,no,no,no,no,no,,,,,no,,,,,no,,,,,no,,,,,no,,,,,no,,,no,,no,"Cheng, Hai",https://www.ncdc.noaa.gov/paleo/study/20449,92.4,,289710,,,,,,,,,,,,,,,,,,,,,,,,,,,,,,,,,,,,,,,,,,,,92.4,calcite,not applicable,,,,,,,,,,,,,,-4.67,0.08,-8.19,0.04,182934.4596,,,StalAge,not applicable,not applicable,182898.1793,842.4333018,787.5406367,182909.6643,412.9708067,409.7356931,182894.0,752.85,777.05,183240.2811,848.853972,835.952822,,,,182885.3328,854.0379528,904.2698467,183000.4621,868.9870614,578.1693889,,Calibrated radiocarbon years BP,per mille,per mille,per mille,per mille,mol/mol,mol/mol,mmol/mol,mmol/mol,mmol/mol,mmol/mol,mmol/mol,mmol/mol,mmol/mol,mmol/mol,mmol/mol,mmol/mol,mm,mm,mm,mg,mg,%,ppb,ppb (2-sigma uncertainty),ppt,ppt (2-sigma uncertainty),ppt,ppt (2-sigma uncertainty),activity ratio,activity ratio (2-sigma uncertainty),activity ratio,activity ratio (2-sigma uncertainty),activity ratio,activity ratio (2-sigma uncertainty),activity ratio,activity ratio (2-sigma uncertainty),m,m,m,per mille,degrees decimal,degrees decimal,meters a.s.l. ,year,year,year,year,year,year,year,year,1,10.1038/srep24374,"Kathayat, G., Cheng, H., Sinha, A., Spötl, C., Edwards, R. L., Zhang, H., Li, X., Yi, L., Ning, Y., Cai, Y., Lui, W. L. and Breitenbach, S. F. M.: Indian monsoon variability on millennial-orbital timescales, Sci. Rep., 6(1), 2016.",NOAA,"d13C, d18O, mineralogy_petrology_fabric"
1,Bittoo cave,30.7903,77.7764,3000.0,yes,,5,BT-2.4,current,,1-BT24,from top,limestone,Pleistocene,discontinuous carbonate,unknown,unknown,"closed forest, evergreen needle leaf",unknown,30.0,no,no,32.4,stalagmite,unknown,,yes,yes,Vienna-PDB,unknown,,no,no,yes,no,no,no,no,no,,,,,no,,,,,no,,,,,no,,,,,no,,,,,no,,,no,,no,"Cheng, Hai",https://www.ncdc.noaa.gov/paleo/study/20449,93.6,,289711,,,,,,,,,,,,,,,,,,,,,,,,,,,,,,,,,,,,,,,,,,,,93.6,calcite,not applicable,,,,,,,,,,,,,,-4.16,0.08,-8.52,0.04,182953.6344,,,StalAge,not applicable,not applicable,182931.3628,835.2115214,793.7796014,182958.598,416.1287854,417.7348453,182924.0,753.25,786.1,183287.2472,835.540348,824.54868,,,,182899.5452,861.9567524,905.8218054,183048.912,856.5111158,587.0781053,,Calibrated radiocarbon years BP,per mille,per mille,per mille,per mille,mol/mol,mol/mol,mmol/mol,mmol/mol,mmol/mol,mmol/mol,mmol/mol,mmol/mol,mmol/mol,mmol/mol,mmol/mol,mmol/mol,mm,mm,mm,mg,mg,%,ppb,ppb (2-sigma uncertainty),ppt,ppt (2-sigma uncertainty),ppt,ppt (2-sigma uncertainty),activity ratio,activity ratio (2-sigma uncertainty),activity ratio,activity ratio (2-sigma uncertainty),activity ratio,activity ratio (2-sigma uncertainty),activity ratio,activity ratio (2-sigma uncertainty),m,m,m,per mille,degrees decimal,degrees decimal,meters a.s.l. ,year,year,year,year,year,year,year,year,1,10.1038/srep24374,"Kathayat, G., Cheng, H., Sinha, A., Spötl, C., Edwards, R. L., Zhang, H., Li, X., Yi, L., Ning, Y., Cai, Y., Lui, W. L. and Breitenbach, S. F. M.: Indian monsoon variability on millennial-orbital timescales, Sci. Rep., 6(1), 2016.",NOAA,"d13C, d18O, mineralogy_petrology_fabric"
1,Bittoo cave,30.7903,77.7764,3000.0,yes,,5,BT-2.4,current,,1-BT24,from top,limestone,Pleistocene,discontinuous carbonate,unknown,unknown,"closed forest, evergreen needle leaf",unknown,30.0,no,no,32.4,stalagmite,unknown,,yes,yes,Vienna-PDB,unknown,,no,no,yes,no,no,no,no,no,,,,,no,,,,,no,,,,,no,,,,,no,,,,,no,,,no,,no,"Cheng, Hai",https://www.ncdc.noaa.gov/paleo/study/20449,94.8,,289712,,,,,,,,,,,,,,,,,,,,,,,,,,,,,,,,,,,,,,,,,,,,94.8,calcite,not applicable,,,,,,,,,,,,,,-4.35,0.08,-7.92,0.04,182972.8092,,,StalAge,not applicable,not applicable,182960.3406,827.2146769,802.1318387,183007.6228,418.3062981,425.4963081,182950.5,750.6,784.9,183333.2461,833.141776,820.605364,,,,182913.1875,870.6404655,910.397959,183097.068,846.1792991,598.4000034,,Calibrated radiocarbon years BP,per mille,per mille,per mille,per mille,mol/mol,mol/mol,mmol/mol,mmol/mol,mmol/mol,mmol/mol,mmol/mol,mmol/mol,mmol/mol,mmol/mol,mmol/mol,mmol/mol,mm,mm,mm,mg,mg,%,ppb,ppb (2-sigma uncertainty),ppt,ppt (2-sigma uncertainty),ppt,ppt (2-sigma uncertainty),activity ratio,activity ratio (2-sigma uncertainty),activity ratio,activity ratio (2-sigma uncertainty),activity ratio,activity ratio (2-sigma uncertainty),activity ratio,activity ratio (2-sigma uncertainty),m,m,m,per mille,degrees decimal,degrees decimal,meters a.s.l. ,year,year,year,year,year,year,year,year,1,10.1038/srep24374,"Kathayat, G., Cheng, H., Sinha, A., Spötl, C., Edwards, R. L., Zhang, H., Li, X., Yi, L., Ning, Y., Cai, Y., Lui, W. L. and Breitenbach, S. F. M.: Indian monsoon variability on millennial-orbital timescales, Sci. Rep., 6(1), 2016.",NOAA,"d13C, d18O, mineralogy_petrology_fabric"
1,Bittoo cave,30.7903,77.7764,3000.0,yes,,5,BT-2.4,current,,1-BT24,from top,limestone,Pleistocene,discontinuous carbonate,unknown,unknown,"closed forest, evergreen needle leaf",unknown,30.0,no,no,32.4,stalagmite,unknown,,yes,yes,Vienna-PDB,unknown,,no,no,yes,no,no,no,no,no,,,,,no,,,,,no,,,,,no,,,,,no,,,,,no,,,no,,no,"Cheng, Hai",https://www.ncdc.noaa.gov/paleo/study/20449,96.0,,289713,,,,,,,,,,,,,,,,,,,,,,,,,,,,,,,,,,,,,,,,,,,,96.0,calcite,not applicable,,,,,,,,,,,,,,-4.43,0.08,-7.71,0.04,182991.984,,,StalAge,not applicable,not applicable,182991.9285,831.8647424,808.035637,183053.7612,430.8256914,431.0949989,182977.5,741.75,789.5,183379.513,829.2802,819.467096,,,,182929.6151,875.335424,915.2960782,183144.1271,837.5677336,609.9807751,,Calibrated radiocarbon years BP,per mille,per mille,per mille,per mille,mol/mol,mol/mol,mmol/mol,mmol/mol,mmol/mol,mmol/mol,mmol/mol,mmol/mol,mmol/mol,mmol/mol,mmol/mol,mmol/mol,mm,mm,mm,mg,mg,%,ppb,ppb (2-sigma uncertainty),ppt,ppt (2-sigma uncertainty),ppt,ppt (2-sigma uncertainty),activity ratio,activity ratio (2-sigma uncertainty),activity ratio,activity ratio (2-sigma uncertainty),activity ratio,activity ratio (2-sigma uncertainty),activity ratio,activity ratio (2-sigma uncertainty),m,m,m,per mille,degrees decimal,degrees decimal,meters a.s.l. ,year,year,year,year,year,year,year,year,1,10.1038/srep24374,"Kathayat, G., Cheng, H., Sinha, A., Spötl, C., Edwards, R. L., Zhang, H., Li, X., Yi, L., Ning, Y., Cai, Y., Lui, W. L. and Breitenbach, S. F. M.: Indian monsoon variability on millennial-orbital timescales, Sci. Rep., 6(1), 2016.",NOAA,"d13C, d18O, mineralogy_petrology_fabric"
1,Bittoo cave,30.7903,77.7764,3000.0,yes,,5,BT-2.4,current,,1-BT24,from top,limestone,Pleistocene,discontinuous carbonate,unknown,unknown,"closed forest, evergreen needle leaf",unknown,30.0,no,no,32.4,stalagmite,unknown,,yes,yes,Vienna-PDB,unknown,,no,no,yes,no,no,no,no,no,,,,,no,,,,,no,,,,,no,,,,,no,,,,,no,,,no,,no,"Cheng, Hai",https://www.ncdc.noaa.gov/paleo/study/20449,97.2,,289714,,,,,,,,,,,,,,,,,,,,,,,,,,,,,,,,,,,,,,,,,,,,97.2,calcite,not applicable,,,,,,,,,,,,,,-4.39,0.08,-7.74,0.04,183011.1588,,,StalAge,not applicable,not applicable,183021.229,828.3038233,818.3642765,183100.2168,444.7320486,436.5396118,183003.0,735.0,796.15,183424.9071,821.6586504,812.2718864,,,,182946.079,886.8718809,919.881354,183190.4659,829.0921774,621.9770358,,Calibrated radiocarbon years BP,per mille,per mille,per mille,per mille,mol/mol,mol/mol,mmol/mol,mmol/mol,mmol/mol,mmol/mol,mmol/mol,mmol/mol,mmol/mol,mmol/mol,mmol/mol,mmol/mol,mm,mm,mm,mg,mg,%,ppb,ppb (2-sigma uncertainty),ppt,ppt (2-sigma uncertainty),ppt,ppt (2-sigma uncertainty),activity ratio,activity ratio (2-sigma uncertainty),activity ratio,activity ratio (2-sigma uncertainty),activity ratio,activity ratio (2-sigma uncertainty),activity ratio,activity ratio (2-sigma uncertainty),m,m,m,per mille,degrees decimal,degrees decimal,meters a.s.l. ,year,year,year,year,year,year,year,year,1,10.1038/srep24374,"Kathayat, G., Cheng, H., Sinha, A., Spötl, C., Edwards, R. L., Zhang, H., Li, X., Yi, L., Ning, Y., Cai, Y., Lui, W. L. and Breitenbach, S. F. M.: Indian monsoon variability on millennial-orbital timescales, Sci. Rep., 6(1), 2016.",NOAA,"d13C, d18O, mineralogy_petrology_fabric"
1,Bittoo cave,30.7903,77.7764,3000.0,yes,,5,BT-2.4,current,,1-BT24,from top,limestone,Pleistocene,discontinuous carbonate,unknown,unknown,"closed forest, evergreen needle leaf",unknown,30.0,no,no,32.4,stalagmite,unknown,,yes,yes,Vienna-PDB,unknown,,no,no,yes,no,no,no,no,no,,,,,no,,,,,no,,,,,no,,,,,no,,,,,no,,,no,,no,"Cheng, Hai",https://www.ncdc.noaa.gov/paleo/study/20449,98.4,,289715,,,,,,,,,,,,,,,,,,,,,,,,,,,,,,,,,,,,,,,,,,,,98.4,calcite,not applicable,,,,,,,,,,,,,,-4.62,0.08,-7.99,0.04,183030.3336,,,StalAge,not applicable,not applicable,183053.0308,830.2549719,839.0793336,183147.6219,461.3815648,447.306594,183029.0,739.25,791.4,183472.4001,825.754048,818.2199406,,,,182962.4431,890.9961415,922.9733539,183238.4478,818.3467729,637.7629241,,Calibrated radiocarbon years BP,per mille,per mille,per mille,per mille,mol/mol,mol/mol,mmol/mol,mmol/mol,mmol/mol,mmol/mol,mmol/mol,mmol/mol,mmol/mol,mmol/mol,mmol/mol,mmol/mol,mm,mm,mm,mg,mg,%,ppb,ppb (2-sigma uncertainty),ppt,ppt (2-sigma uncertainty),ppt,ppt (2-sigma uncertainty),activity ratio,activity ratio (2-sigma uncertainty),activity ratio,activity ratio (2-sigma uncertainty),activity ratio,activity ratio (2-sigma uncertainty),activity ratio,activity ratio (2-sigma uncertainty),m,m,m,per mille,degrees decimal,degrees decimal,meters a.s.l. ,year,year,year,year,year,year,year,year,1,10.1038/srep24374,"Kathayat, G., Cheng, H., Sinha, A., Spötl, C., Edwards, R. L., Zhang, H., Li, X., Yi, L., Ning, Y., Cai, Y., Lui, W. L. and Breitenbach, S. F. M.: Indian monsoon variability on millennial-orbital timescales, Sci. Rep., 6(1), 2016.",NOAA,"d13C, d18O, mineralogy_petrology_fabric"
1,Bittoo cave,30.7903,77.7764,3000.0,yes,,5,BT-2.4,current,,1-BT24,from top,limestone,Pleistocene,discontinuous carbonate,unknown,unknown,"closed forest, evergreen needle leaf",unknown,30.0,no,no,32.4,stalagmite,unknown,,yes,yes,Vienna-PDB,unknown,,no,no,yes,no,no,no,no,no,,,,,no,,,,,no,,,,,no,,,,,no,,,,,no,,,no,,no,"Cheng, Hai",https://www.ncdc.noaa.gov/paleo/study/20449,99.6,,289716,,,,,,,,,,,,,,,,,,,,,,,,,,,,,,,,,,,,,,,,,,,,99.6,calcite,not applicable,,,,,,,,,,,,,,-4.54,0.08,-8.58,0.04,183049.5084,,,StalAge,not applicable,not applicable,183083.6527,828.3940562,846.8284243,183192.3862,475.0804085,457.5460634,183056.0,724.15,788.0,183517.0513,829.049596,822.5920832,,,,182977.4649,897.6687399,919.9510231,183286.6409,808.3489629,652.600277,,Calibrated radiocarbon years BP,per mille,per mille,per mille,per mille,mol/mol,mol/mol,mmol/mol,mmol/mol,mmol/mol,mmol/mol,mmol/mol,mmol/mol,mmol/mol,mmol/mol,mmol/mol,mmol/mol,mm,mm,mm,mg,mg,%,ppb,ppb (2-sigma uncertainty),ppt,ppt (2-sigma uncertainty),ppt,ppt (2-sigma uncertainty),activity ratio,activity ratio (2-sigma uncertainty),activity ratio,activity ratio (2-sigma uncertainty),activity ratio,activity ratio (2-sigma uncertainty),activity ratio,activity ratio (2-sigma uncertainty),m,m,m,per mille,degrees decimal,degrees decimal,meters a.s.l. ,year,year,year,year,year,year,year,year,1,10.1038/srep24374,"Kathayat, G., Cheng, H., Sinha, A., Spötl, C., Edwards, R. L., Zhang, H., Li, X., Yi, L., Ning, Y., Cai, Y., Lui, W. L. and Breitenbach, S. F. M.: Indian monsoon variability on millennial-orbital timescales, Sci. Rep., 6(1), 2016.",NOAA,"d13C, d18O, mineralogy_petrology_fabric"
1,Bittoo cave,30.7903,77.7764,3000.0,yes,,5,BT-2.4,current,,1-BT24,from top,limestone,Pleistocene,discontinuous carbonate,unknown,unknown,"closed forest, evergreen needle leaf",unknown,30.0,no,no,32.4,stalagmite,unknown,,yes,yes,Vienna-PDB,unknown,,no,no,yes,no,no,no,no,no,,,,,no,,,,,no,,,,,no,,,,,no,,,,,no,,,no,,no,"Cheng, Hai",https://www.ncdc.noaa.gov/paleo/study/20449,100.8,,289717,,,,,,,,,,,,,,,,,,,,,,,,,,,,,,,,,,,,,,,,,,,,100.8,calcite,not applicable,,,,,,,,,,,,,,-4.7,0.08,-8.21,0.04,183068.6832,,,StalAge,not applicable,not applicable,183116.2335,812.7291409,859.8051945,183241.1563,481.3809257,467.4584057,183088.0,709.25,790.05,183563.1424,823.709828,819.904324,,,,182991.4151,923.6592279,921.3371609,183332.2156,803.0503629,659.244683,,Calibrated radiocarbon years BP,per mille,per mille,per mille,per mille,mol/mol,mol/mol,mmol/mol,mmol/mol,mmol/mol,mmol/mol,mmol/mol,mmol/mol,mmol/mol,mmol/mol,mmol/mol,mmol/mol,mm,mm,mm,mg,mg,%,ppb,ppb (2-sigma uncertainty),ppt,ppt (2-sigma uncertainty),ppt,ppt (2-sigma uncertainty),activity ratio,activity ratio (2-sigma uncertainty),activity ratio,activity ratio (2-sigma uncertainty),activity ratio,activity ratio (2-sigma uncertainty),activity ratio,activity ratio (2-sigma uncertainty),m,m,m,per mille,degrees decimal,degrees decimal,meters a.s.l. ,year,year,year,year,year,year,year,year,1,10.1038/srep24374,"Kathayat, G., Cheng, H., Sinha, A., Spötl, C., Edwards, R. L., Zhang, H., Li, X., Yi, L., Ning, Y., Cai, Y., Lui, W. L. and Breitenbach, S. F. M.: Indian monsoon variability on millennial-orbital timescales, Sci. Rep., 6(1), 2016.",NOAA,"d13C, d18O, mineralogy_petrology_fabric"
1,Bittoo cave,30.7903,77.7764,3000.0,yes,,5,BT-2.4,current,,1-BT24,from top,limestone,Pleistocene,discontinuous carbonate,unknown,unknown,"closed forest, evergreen needle leaf",unknown,30.0,no,no,32.4,stalagmite,unknown,,yes,yes,Vienna-PDB,unknown,,no,no,yes,no,no,no,no,no,,,,,no,,,,,no,,,,,no,,,,,no,,,,,no,,,no,,no,"Cheng, Hai",https://www.ncdc.noaa.gov/paleo/study/20449,102.0,,289718,,,,,,,,,,,,,,,,,,,,,,,,,,,,,,,,,,,,,,,,,,,,102.0,calcite,not applicable,,,,,,,,,,,,,,-3.89,0.08,-7.68,0.04,183087.858,,,StalAge,not applicable,not applicable,183147.9384,803.8172621,877.0606362,183289.2898,487.532075,480.0295913,183114.5,700.5,781.7,183607.6338,816.87526,806.86277,,,,183007.7724,937.8295925,923.2204864,183376.9998,795.9981524,662.1124715,,Calibrated radiocarbon years BP,per mille,per mille,per mille,per mille,mol/mol,mol/mol,mmol/mol,mmol/mol,mmol/mol,mmol/mol,mmol/mol,mmol/mol,mmol/mol,mmol/mol,mmol/mol,mmol/mol,mm,mm,mm,mg,mg,%,ppb,ppb (2-sigma uncertainty),ppt,ppt (2-sigma uncertainty),ppt,ppt (2-sigma uncertainty),activity ratio,activity ratio (2-sigma uncertainty),activity ratio,activity ratio (2-sigma uncertainty),activity ratio,activity ratio (2-sigma uncertainty),activity ratio,activity ratio (2-sigma uncertainty),m,m,m,per mille,degrees decimal,degrees decimal,meters a.s.l. ,year,year,year,year,year,year,year,year,1,10.1038/srep24374,"Kathayat, G., Cheng, H., Sinha, A., Spötl, C., Edwards, R. L., Zhang, H., Li, X., Yi, L., Ning, Y., Cai, Y., Lui, W. L. and Breitenbach, S. F. M.: Indian monsoon variability on millennial-orbital timescales, Sci. Rep., 6(1), 2016.",NOAA,"d13C, d18O, mineralogy_petrology_fabric"
1,Bittoo cave,30.7903,77.7764,3000.0,yes,,5,BT-2.4,current,,1-BT24,from top,limestone,Pleistocene,discontinuous carbonate,unknown,unknown,"closed forest, evergreen needle leaf",unknown,30.0,no,no,32.4,stalagmite,unknown,,yes,yes,Vienna-PDB,unknown,,no,no,yes,no,no,no,no,no,,,,,no,,,,,no,,,,,no,,,,,no,,,,,no,,,no,,no,"Cheng, Hai",https://www.ncdc.noaa.gov/paleo/study/20449,103.2,,289719,,,,,,,,,,,,,,,,,,,,,,,,,,,,,,,,,,,,,,,,,,,,103.2,calcite,not applicable,,,,,,,,,,,,,,-4.67,0.08,-8.27,0.04,183107.0328,,,StalAge,not applicable,not applicable,183177.7998,799.6402525,889.1793212,183332.6738,503.4142624,487.1503721,183144.5,689.2,777.9,183651.2299,805.639524,792.521996,,,,183027.109,944.5483275,927.7290383,183422.7451,783.0864214,666.5256049,,Calibrated radiocarbon years BP,per mille,per mille,per mille,per mille,mol/mol,mol/mol,mmol/mol,mmol/mol,mmol/mol,mmol/mol,mmol/mol,mmol/mol,mmol/mol,mmol/mol,mmol/mol,mmol/mol,mm,mm,mm,mg,mg,%,ppb,ppb (2-sigma uncertainty),ppt,ppt (2-sigma uncertainty),ppt,ppt (2-sigma uncertainty),activity ratio,activity ratio (2-sigma uncertainty),activity ratio,activity ratio (2-sigma uncertainty),activity ratio,activity ratio (2-sigma uncertainty),activity ratio,activity ratio (2-sigma uncertainty),m,m,m,per mille,degrees decimal,degrees decimal,meters a.s.l. ,year,year,year,year,year,year,year,year,1,10.1038/srep24374,"Kathayat, G., Cheng, H., Sinha, A., Spötl, C., Edwards, R. L., Zhang, H., Li, X., Yi, L., Ning, Y., Cai, Y., Lui, W. L. and Breitenbach, S. F. M.: Indian monsoon variability on millennial-orbital timescales, Sci. Rep., 6(1), 2016.",NOAA,"d13C, d18O, mineralogy_petrology_fabric"
1,Bittoo cave,30.7903,77.7764,3000.0,yes,,5,BT-2.4,current,,1-BT24,from top,limestone,Pleistocene,discontinuous carbonate,unknown,unknown,"closed forest, evergreen needle leaf",unknown,30.0,no,no,32.4,stalagmite,unknown,,yes,yes,Vienna-PDB,unknown,,no,no,yes,no,no,no,no,no,,,,,no,,,,,no,,,,,no,,,,,no,,,,,no,,,no,,no,"Cheng, Hai",https://www.ncdc.noaa.gov/paleo/study/20449,104.4,,289720,,,,,,,,,,,,,,,,,,,,,,,,,,,,,,,,,,,,,,,,,,,,104.4,calcite,not applicable,,,,,,,,,,,,,,-4.36,0.08,-7.91,0.04,183126.2076,,,StalAge,not applicable,not applicable,183205.8586,803.4393395,899.5976987,183377.9695,519.522102,493.8356511,183171.0,690.05,780.05,183694.8907,803.240972,784.225344,,,,183047.4539,955.9886782,930.2593819,183469.2503,767.8783939,674.1235395,,Calibrated radiocarbon years BP,per mille,per mille,per mille,per mille,mol/mol,mol/mol,mmol/mol,mmol/mol,mmol/mol,mmol/mol,mmol/mol,mmol/mol,mmol/mol,mmol/mol,mmol/mol,mmol/mol,mm,mm,mm,mg,mg,%,ppb,ppb (2-sigma uncertainty),ppt,ppt (2-sigma uncertainty),ppt,ppt (2-sigma uncertainty),activity ratio,activity ratio (2-sigma uncertainty),activity ratio,activity ratio (2-sigma uncertainty),activity ratio,activity ratio (2-sigma uncertainty),activity ratio,activity ratio (2-sigma uncertainty),m,m,m,per mille,degrees decimal,degrees decimal,meters a.s.l. ,year,year,year,year,year,year,year,year,1,10.1038/srep24374,"Kathayat, G., Cheng, H., Sinha, A., Spötl, C., Edwards, R. L., Zhang, H., Li, X., Yi, L., Ning, Y., Cai, Y., Lui, W. L. and Breitenbach, S. F. M.: Indian monsoon variability on millennial-orbital timescales, Sci. Rep., 6(1), 2016.",NOAA,"d13C, d18O, mineralogy_petrology_fabric"
1,Bittoo cave,30.7903,77.7764,3000.0,yes,,5,BT-2.4,current,,1-BT24,from top,limestone,Pleistocene,discontinuous carbonate,unknown,unknown,"closed forest, evergreen needle leaf",unknown,30.0,no,no,32.4,stalagmite,unknown,,yes,yes,Vienna-PDB,unknown,,no,no,yes,no,no,no,no,no,,,,,no,,,,,no,,,,,no,,,,,no,,,,,no,,,no,,no,"Cheng, Hai",https://www.ncdc.noaa.gov/paleo/study/20449,104.8,,289721,,,,,,,,,,,,,,,,,,,,,,,,,,,,,,,,,,,,,,,,,,,,104.8,calcite,not applicable,,,,,,,,,,,,,,-5.16,0.08,-8.04,0.04,183132.5992,,,StalAge,not applicable,not applicable,183216.3752,809.0000628,906.017959,183392.7971,526.0074959,495.843346,183179.0,686.05,779.05,183710.0059,802.0198304,783.105316,,,,183054.1085,957.4896015,931.838033,183484.8475,762.938019,676.7451582,,Calibrated radiocarbon years BP,per mille,per mille,per mille,per mille,mol/mol,mol/mol,mmol/mol,mmol/mol,mmol/mol,mmol/mol,mmol/mol,mmol/mol,mmol/mol,mmol/mol,mmol/mol,mmol/mol,mm,mm,mm,mg,mg,%,ppb,ppb (2-sigma uncertainty),ppt,ppt (2-sigma uncertainty),ppt,ppt (2-sigma uncertainty),activity ratio,activity ratio (2-sigma uncertainty),activity ratio,activity ratio (2-sigma uncertainty),activity ratio,activity ratio (2-sigma uncertainty),activity ratio,activity ratio (2-sigma uncertainty),m,m,m,per mille,degrees decimal,degrees decimal,meters a.s.l. ,year,year,year,year,year,year,year,year,1,10.1038/srep24374,"Kathayat, G., Cheng, H., Sinha, A., Spötl, C., Edwards, R. L., Zhang, H., Li, X., Yi, L., Ning, Y., Cai, Y., Lui, W. L. and Breitenbach, S. F. M.: Indian monsoon variability on millennial-orbital timescales, Sci. Rep., 6(1), 2016.",NOAA,"d13C, d18O, mineralogy_petrology_fabric"
1,Bittoo cave,30.7903,77.7764,3000.0,yes,,5,BT-2.4,current,,1-BT24,from top,limestone,Pleistocene,discontinuous carbonate,unknown,unknown,"closed forest, evergreen needle leaf",unknown,30.0,no,no,32.4,stalagmite,unknown,,yes,yes,Vienna-PDB,unknown,,no,no,yes,no,no,no,no,no,,,,,no,,,,,no,,,,,no,,,,,no,,,,,no,,,no,,no,"Cheng, Hai",https://www.ncdc.noaa.gov/paleo/study/20449,105.6,,289722,,,,,,,,,,,,,,,,,,,,,,,,,,,,,,,,,,,,,,,,,,,,105.6,calcite,not applicable,,,,,,,,,,,,,,-4.88,0.08,-7.64,0.04,183145.3824,,,StalAge,not applicable,not applicable,183232.3497,817.7569005,914.1164867,183427.3731,533.4661874,508.7271379,183196.5,678.55,776.8,183742.2134,800.1640396,779.201526,,,,183070.5882,959.6369649,936.3089814,183516.0786,753.9560763,680.2366921,,Calibrated radiocarbon years BP,per mille,per mille,per mille,per mille,mol/mol,mol/mol,mmol/mol,mmol/mol,mmol/mol,mmol/mol,mmol/mol,mmol/mol,mmol/mol,mmol/mol,mmol/mol,mmol/mol,mm,mm,mm,mg,mg,%,ppb,ppb (2-sigma uncertainty),ppt,ppt (2-sigma uncertainty),ppt,ppt (2-sigma uncertainty),activity ratio,activity ratio (2-sigma uncertainty),activity ratio,activity ratio (2-sigma uncertainty),activity ratio,activity ratio (2-sigma uncertainty),activity ratio,activity ratio (2-sigma uncertainty),m,m,m,per mille,degrees decimal,degrees decimal,meters a.s.l. ,year,year,year,year,year,year,year,year,1,10.1038/srep24374,"Kathayat, G., Cheng, H., Sinha, A., Spötl, C., Edwards, R. L., Zhang, H., Li, X., Yi, L., Ning, Y., Cai, Y., Lui, W. L. and Breitenbach, S. F. M.: Indian monsoon variability on millennial-orbital timescales, Sci. Rep., 6(1), 2016.",NOAA,"d13C, d18O, mineralogy_petrology_fabric"
1,Bittoo cave,30.7903,77.7764,3000.0,yes,,5,BT-2.4,current,,1-BT24,from top,limestone,Pleistocene,discontinuous carbonate,unknown,unknown,"closed forest, evergreen needle leaf",unknown,30.0,no,no,32.4,stalagmite,unknown,,yes,yes,Vienna-PDB,unknown,,no,no,yes,no,no,no,no,no,,,,,no,,,,,no,,,,,no,,,,,no,,,,,no,,,no,,no,"Cheng, Hai",https://www.ncdc.noaa.gov/paleo/study/20449,106.8,,289723,,,,,,,,,,,,,,,,,,,,,,,,,,,,,,,,,,,,,,,,,,,,106.8,calcite,not applicable,,,,,,,,,,,,,,-4.85,0.08,-7.84,0.04,183164.5572,,,StalAge,not applicable,not applicable,183258.1277,825.0696156,923.6670219,183473.1899,555.0339895,522.3307622,183222.5,672.65,784.95,183788.006,799.341676,782.4690904,,,,183093.2415,959.1437727,947.0535948,183562.7226,743.0679751,678.8481896,,Calibrated radiocarbon years BP,per mille,per mille,per mille,per mille,mol/mol,mol/mol,mmol/mol,mmol/mol,mmol/mol,mmol/mol,mmol/mol,mmol/mol,mmol/mol,mmol/mol,mmol/mol,mmol/mol,mm,mm,mm,mg,mg,%,ppb,ppb (2-sigma uncertainty),ppt,ppt (2-sigma uncertainty),ppt,ppt (2-sigma uncertainty),activity ratio,activity ratio (2-sigma uncertainty),activity ratio,activity ratio (2-sigma uncertainty),activity ratio,activity ratio (2-sigma uncertainty),activity ratio,activity ratio (2-sigma uncertainty),m,m,m,per mille,degrees decimal,degrees decimal,meters a.s.l. ,year,year,year,year,year,year,year,year,1,10.1038/srep24374,"Kathayat, G., Cheng, H., Sinha, A., Spötl, C., Edwards, R. L., Zhang, H., Li, X., Yi, L., Ning, Y., Cai, Y., Lui, W. L. and Breitenbach, S. F. M.: Indian monsoon variability on millennial-orbital timescales, Sci. Rep., 6(1), 2016.",NOAA,"d13C, d18O, mineralogy_petrology_fabric"
1,Bittoo cave,30.7903,77.7764,3000.0,yes,,5,BT-2.4,current,,1-BT24,from top,limestone,Pleistocene,discontinuous carbonate,unknown,unknown,"closed forest, evergreen needle leaf",unknown,30.0,no,no,32.4,stalagmite,unknown,,yes,yes,Vienna-PDB,unknown,,no,no,yes,no,no,no,no,no,,,,,no,,,,,no,,,,,no,,,,,no,,,,,no,,,no,,no,"Cheng, Hai",https://www.ncdc.noaa.gov/paleo/study/20449,108.0,,289724,,,,,,,,,,,,,,,,,,,,,,,,,,,,,,,,,,,,,,,,,,,,108.0,calcite,not applicable,,,,,,,,,,,,,,-4.69,0.08,-7.69,0.04,183183.732,,,StalAge,not applicable,not applicable,183282.8389,845.5643587,931.2696242,183519.9105,565.367592,535.3990963,183245.0,668.15,782.1,183831.9616,801.99851,782.82062,,,,183116.3773,964.6899319,961.5066907,183608.5764,731.3656957,674.0526598,,Calibrated radiocarbon years BP,per mille,per mille,per mille,per mille,mol/mol,mol/mol,mmol/mol,mmol/mol,mmol/mol,mmol/mol,mmol/mol,mmol/mol,mmol/mol,mmol/mol,mmol/mol,mmol/mol,mm,mm,mm,mg,mg,%,ppb,ppb (2-sigma uncertainty),ppt,ppt (2-sigma uncertainty),ppt,ppt (2-sigma uncertainty),activity ratio,activity ratio (2-sigma uncertainty),activity ratio,activity ratio (2-sigma uncertainty),activity ratio,activity ratio (2-sigma uncertainty),activity ratio,activity ratio (2-sigma uncertainty),m,m,m,per mille,degrees decimal,degrees decimal,meters a.s.l. ,year,year,year,year,year,year,year,year,1,10.1038/srep24374,"Kathayat, G., Cheng, H., Sinha, A., Spötl, C., Edwards, R. L., Zhang, H., Li, X., Yi, L., Ning, Y., Cai, Y., Lui, W. L. and Breitenbach, S. F. M.: Indian monsoon variability on millennial-orbital timescales, Sci. Rep., 6(1), 2016.",NOAA,"d13C, d18O, mineralogy_petrology_fabric"
1,Bittoo cave,30.7903,77.7764,3000.0,yes,,5,BT-2.4,current,,1-BT24,from top,limestone,Pleistocene,discontinuous carbonate,unknown,unknown,"closed forest, evergreen needle leaf",unknown,30.0,no,no,32.4,stalagmite,unknown,,yes,yes,Vienna-PDB,unknown,,no,no,yes,no,no,no,no,no,,,,,no,,,,,no,,,,,no,,,,,no,,,,,no,,,no,,no,"Cheng, Hai",https://www.ncdc.noaa.gov/paleo/study/20449,109.2,,289725,,,,,,,,,,,,,,,,,,,,,,,,,,,,,,,,,,,,,,,,,,,,109.2,calcite,not applicable,,,,,,,,,,,,,,-5.05,0.08,-8.08,0.04,183202.9068,,,StalAge,not applicable,not applicable,183306.0024,864.8203891,948.025986,183568.2272,582.0254967,552.0971212,183268.5,669.6,773.1,183878.3962,807.023496,789.085686,,,,183142.3308,965.4453187,967.0364214,183653.6022,718.24614,671.6752934,,Calibrated radiocarbon years BP,per mille,per mille,per mille,per mille,mol/mol,mol/mol,mmol/mol,mmol/mol,mmol/mol,mmol/mol,mmol/mol,mmol/mol,mmol/mol,mmol/mol,mmol/mol,mmol/mol,mm,mm,mm,mg,mg,%,ppb,ppb (2-sigma uncertainty),ppt,ppt (2-sigma uncertainty),ppt,ppt (2-sigma uncertainty),activity ratio,activity ratio (2-sigma uncertainty),activity ratio,activity ratio (2-sigma uncertainty),activity ratio,activity ratio (2-sigma uncertainty),activity ratio,activity ratio (2-sigma uncertainty),m,m,m,per mille,degrees decimal,degrees decimal,meters a.s.l. ,year,year,year,year,year,year,year,year,1,10.1038/srep24374,"Kathayat, G., Cheng, H., Sinha, A., Spötl, C., Edwards, R. L., Zhang, H., Li, X., Yi, L., Ning, Y., Cai, Y., Lui, W. L. and Breitenbach, S. F. M.: Indian monsoon variability on millennial-orbital timescales, Sci. Rep., 6(1), 2016.",NOAA,"d13C, d18O, mineralogy_petrology_fabric"
1,Bittoo cave,30.7903,77.7764,3000.0,yes,,5,BT-2.4,current,,1-BT24,from top,limestone,Pleistocene,discontinuous carbonate,unknown,unknown,"closed forest, evergreen needle leaf",unknown,30.0,no,no,32.4,stalagmite,unknown,,yes,yes,Vienna-PDB,unknown,,no,no,yes,no,no,no,no,no,,,,,no,,,,,no,,,,,no,,,,,no,,,,,no,,,no,,no,"Cheng, Hai",https://www.ncdc.noaa.gov/paleo/study/20449,110.4,,289726,,,,,,,,,,,,,,,,,,,,,,,,,,,,,,,,,,,,,,,,,,,,110.4,calcite,not applicable,,,,,,,,,,,,,,-4.9,0.08,-8.02,0.04,183222.0816,,,StalAge,not applicable,not applicable,183331.7794,877.709048,958.100756,183618.0673,593.0044057,566.7445349,183296.0,654.4,788.15,183924.2372,806.622482,779.575048,,,,183164.3014,981.5589623,969.3384397,183698.5765,709.7121549,675.4806921,,Calibrated radiocarbon years BP,per mille,per mille,per mille,per mille,mol/mol,mol/mol,mmol/mol,mmol/mol,mmol/mol,mmol/mol,mmol/mol,mmol/mol,mmol/mol,mmol/mol,mmol/mol,mmol/mol,mm,mm,mm,mg,mg,%,ppb,ppb (2-sigma uncertainty),ppt,ppt (2-sigma uncertainty),ppt,ppt (2-sigma uncertainty),activity ratio,activity ratio (2-sigma uncertainty),activity ratio,activity ratio (2-sigma uncertainty),activity ratio,activity ratio (2-sigma uncertainty),activity ratio,activity ratio (2-sigma uncertainty),m,m,m,per mille,degrees decimal,degrees decimal,meters a.s.l. ,year,year,year,year,year,year,year,year,1,10.1038/srep24374,"Kathayat, G., Cheng, H., Sinha, A., Spötl, C., Edwards, R. L., Zhang, H., Li, X., Yi, L., Ning, Y., Cai, Y., Lui, W. L. and Breitenbach, S. F. M.: Indian monsoon variability on millennial-orbital timescales, Sci. Rep., 6(1), 2016.",NOAA,"d13C, d18O, mineralogy_petrology_fabric"
1,Bittoo cave,30.7903,77.7764,3000.0,yes,,5,BT-2.4,current,,1-BT24,from top,limestone,Pleistocene,discontinuous carbonate,unknown,unknown,"closed forest, evergreen needle leaf",unknown,30.0,no,no,32.4,stalagmite,unknown,,yes,yes,Vienna-PDB,unknown,,no,no,yes,no,no,no,no,no,,,,,no,,,,,no,,,,,no,,,,,no,,,,,no,,,no,,no,"Cheng, Hai",https://www.ncdc.noaa.gov/paleo/study/20449,111.6,,289727,,,,,,,,,,,,,,,,,,,,,,,,,,,,,,,,,,,,,,,,,,,,111.6,calcite,not applicable,,,,,,,,,,,,,,-4.8,0.08,-8.18,0.04,183241.2564,,,StalAge,not applicable,not applicable,183354.9744,893.2792466,970.9178614,183666.557,605.8727289,577.1892301,183322.5,657.65,753.05,183977.2478,794.4475832,763.795144,,,,183190.2393,1003.634342,972.1364881,183743.1092,705.1750883,679.8905008,,Calibrated radiocarbon years BP,per mille,per mille,per mille,per mille,mol/mol,mol/mol,mmol/mol,mmol/mol,mmol/mol,mmol/mol,mmol/mol,mmol/mol,mmol/mol,mmol/mol,mmol/mol,mmol/mol,mm,mm,mm,mg,mg,%,ppb,ppb (2-sigma uncertainty),ppt,ppt (2-sigma uncertainty),ppt,ppt (2-sigma uncertainty),activity ratio,activity ratio (2-sigma uncertainty),activity ratio,activity ratio (2-sigma uncertainty),activity ratio,activity ratio (2-sigma uncertainty),activity ratio,activity ratio (2-sigma uncertainty),m,m,m,per mille,degrees decimal,degrees decimal,meters a.s.l. ,year,year,year,year,year,year,year,year,1,10.1038/srep24374,"Kathayat, G., Cheng, H., Sinha, A., Spötl, C., Edwards, R. L., Zhang, H., Li, X., Yi, L., Ning, Y., Cai, Y., Lui, W. L. and Breitenbach, S. F. M.: Indian monsoon variability on millennial-orbital timescales, Sci. Rep., 6(1), 2016.",NOAA,"d13C, d18O, mineralogy_petrology_fabric"
1,Bittoo cave,30.7903,77.7764,3000.0,yes,,5,BT-2.4,current,,1-BT24,from top,limestone,Pleistocene,discontinuous carbonate,unknown,unknown,"closed forest, evergreen needle leaf",unknown,30.0,no,no,32.4,stalagmite,unknown,,yes,yes,Vienna-PDB,unknown,,no,no,yes,no,no,no,no,no,,,,,no,,,,,no,,,,,no,,,,,no,,,,,no,,,no,,no,"Cheng, Hai",https://www.ncdc.noaa.gov/paleo/study/20449,112.8,,289728,,,,,,,,,,,,,,,,,,,,,,,,,,,,,,,,,,,,,,,,,,,,112.8,calcite,not applicable,,,,,,,,,,,,,,-4.78,0.08,-7.95,0.04,183260.4312,,,StalAge,not applicable,not applicable,183385.5176,911.9776476,989.6999795,183712.8352,622.5472977,587.0820906,183351.0,648.15,766.45,184028.5544,775.4858188,734.721146,,,,183214.8854,1019.845337,972.1149483,183786.6462,699.5096698,677.4183134,,Calibrated radiocarbon years BP,per mille,per mille,per mille,per mille,mol/mol,mol/mol,mmol/mol,mmol/mol,mmol/mol,mmol/mol,mmol/mol,mmol/mol,mmol/mol,mmol/mol,mmol/mol,mmol/mol,mm,mm,mm,mg,mg,%,ppb,ppb (2-sigma uncertainty),ppt,ppt (2-sigma uncertainty),ppt,ppt (2-sigma uncertainty),activity ratio,activity ratio (2-sigma uncertainty),activity ratio,activity ratio (2-sigma uncertainty),activity ratio,activity ratio (2-sigma uncertainty),activity ratio,activity ratio (2-sigma uncertainty),m,m,m,per mille,degrees decimal,degrees decimal,meters a.s.l. ,year,year,year,year,year,year,year,year,1,10.1038/srep24374,"Kathayat, G., Cheng, H., Sinha, A., Spötl, C., Edwards, R. L., Zhang, H., Li, X., Yi, L., Ning, Y., Cai, Y., Lui, W. L. and Breitenbach, S. F. M.: Indian monsoon variability on millennial-orbital timescales, Sci. Rep., 6(1), 2016.",NOAA,"d13C, d18O, mineralogy_petrology_fabric"
1,Bittoo cave,30.7903,77.7764,3000.0,yes,,5,BT-2.4,current,,1-BT24,from top,limestone,Pleistocene,discontinuous carbonate,unknown,unknown,"closed forest, evergreen needle leaf",unknown,30.0,no,no,32.4,stalagmite,unknown,,yes,yes,Vienna-PDB,unknown,,no,no,yes,no,no,no,no,no,,,,,no,,,,,no,,,,,no,,,,,no,,,,,no,,,no,,no,"Cheng, Hai",https://www.ncdc.noaa.gov/paleo/study/20449,114.0,,289729,,,,,,,,,,,,,,,,,,,,,,,,,,,,,,,,,,,,,,,,,,,,114.0,calcite,not applicable,,,,,,,,,,,,,,-4.71,0.08,-7.79,0.04,183279.606,,,StalAge,not applicable,not applicable,183407.1668,936.6304448,1003.326753,183758.8338,643.9371687,595.4076168,183373.5,642.8,761.9,184076.8992,766.60751,725.976838,,,,183242.0033,1035.944992,980.8229408,183831.1477,688.0645397,676.5401833,,Calibrated radiocarbon years BP,per mille,per mille,per mille,per mille,mol/mol,mol/mol,mmol/mol,mmol/mol,mmol/mol,mmol/mol,mmol/mol,mmol/mol,mmol/mol,mmol/mol,mmol/mol,mmol/mol,mm,mm,mm,mg,mg,%,ppb,ppb (2-sigma uncertainty),ppt,ppt (2-sigma uncertainty),ppt,ppt (2-sigma uncertainty),activity ratio,activity ratio (2-sigma uncertainty),activity ratio,activity ratio (2-sigma uncertainty),activity ratio,activity ratio (2-sigma uncertainty),activity ratio,activity ratio (2-sigma uncertainty),m,m,m,per mille,degrees decimal,degrees decimal,meters a.s.l. ,year,year,year,year,year,year,year,year,1,10.1038/srep24374,"Kathayat, G., Cheng, H., Sinha, A., Spötl, C., Edwards, R. L., Zhang, H., Li, X., Yi, L., Ning, Y., Cai, Y., Lui, W. L. and Breitenbach, S. F. M.: Indian monsoon variability on millennial-orbital timescales, Sci. Rep., 6(1), 2016.",NOAA,"d13C, d18O, mineralogy_petrology_fabric"
1,Bittoo cave,30.7903,77.7764,3000.0,yes,,5,BT-2.4,current,,1-BT24,from top,limestone,Pleistocene,discontinuous carbonate,unknown,unknown,"closed forest, evergreen needle leaf",unknown,30.0,no,no,32.4,stalagmite,unknown,,yes,yes,Vienna-PDB,unknown,,no,no,yes,no,no,no,no,no,,,,,no,,,,,no,,,,,no,,,,,no,,,,,no,,,no,,no,"Cheng, Hai",https://www.ncdc.noaa.gov/paleo/study/20449,115.2,,289730,,,,,,,,,,,,,,,,,,,,,,,,,,,,,,,,,,,,,,,,,,,,115.2,calcite,not applicable,,,,,,,,,,,,,,-5.64,0.08,-8.43,0.04,183298.7808,,,StalAge,not applicable,not applicable,183429.155,966.5878839,1009.050791,183806.7176,659.2548219,606.4177624,183397.0,647.2,755.15,184129.1478,756.866064,714.7025856,,,,183278.0264,1038.592504,998.0619989,183877.3438,671.3106146,681.6334282,,Calibrated radiocarbon years BP,per mille,per mille,per mille,per mille,mol/mol,mol/mol,mmol/mol,mmol/mol,mmol/mol,mmol/mol,mmol/mol,mmol/mol,mmol/mol,mmol/mol,mmol/mol,mmol/mol,mm,mm,mm,mg,mg,%,ppb,ppb (2-sigma uncertainty),ppt,ppt (2-sigma uncertainty),ppt,ppt (2-sigma uncertainty),activity ratio,activity ratio (2-sigma uncertainty),activity ratio,activity ratio (2-sigma uncertainty),activity ratio,activity ratio (2-sigma uncertainty),activity ratio,activity ratio (2-sigma uncertainty),m,m,m,per mille,degrees decimal,degrees decimal,meters a.s.l. ,year,year,year,year,year,year,year,year,1,10.1038/srep24374,"Kathayat, G., Cheng, H., Sinha, A., Spötl, C., Edwards, R. L., Zhang, H., Li, X., Yi, L., Ning, Y., Cai, Y., Lui, W. L. and Breitenbach, S. F. M.: Indian monsoon variability on millennial-orbital timescales, Sci. Rep., 6(1), 2016.",NOAA,"d13C, d18O, mineralogy_petrology_fabric"
1,Bittoo cave,30.7903,77.7764,3000.0,yes,,5,BT-2.4,current,,1-BT24,from top,limestone,Pleistocene,discontinuous carbonate,unknown,unknown,"closed forest, evergreen needle leaf",unknown,30.0,no,no,32.4,stalagmite,unknown,,yes,yes,Vienna-PDB,unknown,,no,no,yes,no,no,no,no,no,,,,,no,,,,,no,,,,,no,,,,,no,,,,,no,,,no,,no,"Cheng, Hai",https://www.ncdc.noaa.gov/paleo/study/20449,116.4,,289731,,,,,,,,,,,,,,,,,,,,,,,,,,,,,,,,,,,,,,,,,,,,116.4,calcite,not applicable,,,,,,,,,,,,,,-4.58,0.08,-7.97,0.04,183317.9556,,,StalAge,not applicable,not applicable,183453.6656,978.3046656,1019.095794,183855.2297,674.2129938,622.9286729,183423.0,656.2,761.25,184184.7354,743.6718552,718.947418,,,,183313.2546,1040.673594,1010.782639,183923.2253,656.8872743,684.9491059,,Calibrated radiocarbon years BP,per mille,per mille,per mille,per mille,mol/mol,mol/mol,mmol/mol,mmol/mol,mmol/mol,mmol/mol,mmol/mol,mmol/mol,mmol/mol,mmol/mol,mmol/mol,mmol/mol,mm,mm,mm,mg,mg,%,ppb,ppb (2-sigma uncertainty),ppt,ppt (2-sigma uncertainty),ppt,ppt (2-sigma uncertainty),activity ratio,activity ratio (2-sigma uncertainty),activity ratio,activity ratio (2-sigma uncertainty),activity ratio,activity ratio (2-sigma uncertainty),activity ratio,activity ratio (2-sigma uncertainty),m,m,m,per mille,degrees decimal,degrees decimal,meters a.s.l. ,year,year,year,year,year,year,year,year,1,10.1038/srep24374,"Kathayat, G., Cheng, H., Sinha, A., Spötl, C., Edwards, R. L., Zhang, H., Li, X., Yi, L., Ning, Y., Cai, Y., Lui, W. L. and Breitenbach, S. F. M.: Indian monsoon variability on millennial-orbital timescales, Sci. Rep., 6(1), 2016.",NOAA,"d13C, d18O, mineralogy_petrology_fabric"
1,Bittoo cave,30.7903,77.7764,3000.0,yes,,5,BT-2.4,current,,1-BT24,from top,limestone,Pleistocene,discontinuous carbonate,unknown,unknown,"closed forest, evergreen needle leaf",unknown,30.0,no,no,32.4,stalagmite,unknown,,yes,yes,Vienna-PDB,unknown,,no,no,yes,no,no,no,no,no,,,,,no,,,,,no,,,,,no,,,,,no,,,,,no,,,no,,no,"Cheng, Hai",https://www.ncdc.noaa.gov/paleo/study/20449,117.6,,289732,,,,,,,,,,,,,,,,,,,,,,,,,,,,,,,,,,,,,,,,,,,,117.6,calcite,not applicable,,,,,,,,,,,,,,-4.41,0.08,-7.82,0.04,183337.1304,,,StalAge,not applicable,not applicable,183473.8858,1007.023497,1027.644078,183904.1107,688.3827006,643.3250721,183447.5,664.85,746.5,184236.8815,740.495384,722.6225956,,,,183344.0815,1053.627992,1011.7492,183968.3777,646.2460604,683.5030975,,Calibrated radiocarbon years BP,per mille,per mille,per mille,per mille,mol/mol,mol/mol,mmol/mol,mmol/mol,mmol/mol,mmol/mol,mmol/mol,mmol/mol,mmol/mol,mmol/mol,mmol/mol,mmol/mol,mm,mm,mm,mg,mg,%,ppb,ppb (2-sigma uncertainty),ppt,ppt (2-sigma uncertainty),ppt,ppt (2-sigma uncertainty),activity ratio,activity ratio (2-sigma uncertainty),activity ratio,activity ratio (2-sigma uncertainty),activity ratio,activity ratio (2-sigma uncertainty),activity ratio,activity ratio (2-sigma uncertainty),m,m,m,per mille,degrees decimal,degrees decimal,meters a.s.l. ,year,year,year,year,year,year,year,year,1,10.1038/srep24374,"Kathayat, G., Cheng, H., Sinha, A., Spötl, C., Edwards, R. L., Zhang, H., Li, X., Yi, L., Ning, Y., Cai, Y., Lui, W. L. and Breitenbach, S. F. M.: Indian monsoon variability on millennial-orbital timescales, Sci. Rep., 6(1), 2016.",NOAA,"d13C, d18O, mineralogy_petrology_fabric"
1,Bittoo cave,30.7903,77.7764,3000.0,yes,,5,BT-2.4,current,,1-BT24,from top,limestone,Pleistocene,discontinuous carbonate,unknown,unknown,"closed forest, evergreen needle leaf",unknown,30.0,no,no,32.4,stalagmite,unknown,,yes,yes,Vienna-PDB,unknown,,no,no,yes,no,no,no,no,no,,,,,no,,,,,no,,,,,no,,,,,no,,,,,no,,,no,,no,"Cheng, Hai",https://www.ncdc.noaa.gov/paleo/study/20449,118.8,,289733,,,,,,,,,,,,,,,,,,,,,,,,,,,,,,,,,,,,,,,,,,,,118.8,calcite,not applicable,,,,,,,,,,,,,,-4.71,0.08,-7.67,0.04,183356.3052,,,StalAge,not applicable,not applicable,183503.529,1023.079288,1044.761681,183952.9026,701.3088559,662.4974943,183477.5,666.8,745.6,184288.4592,751.01843,736.40265,,,,183382.4963,1069.858399,1033.92105,184013.3213,637.2916131,678.3925854,,Calibrated radiocarbon years BP,per mille,per mille,per mille,per mille,mol/mol,mol/mol,mmol/mol,mmol/mol,mmol/mol,mmol/mol,mmol/mol,mmol/mol,mmol/mol,mmol/mol,mmol/mol,mmol/mol,mm,mm,mm,mg,mg,%,ppb,ppb (2-sigma uncertainty),ppt,ppt (2-sigma uncertainty),ppt,ppt (2-sigma uncertainty),activity ratio,activity ratio (2-sigma uncertainty),activity ratio,activity ratio (2-sigma uncertainty),activity ratio,activity ratio (2-sigma uncertainty),activity ratio,activity ratio (2-sigma uncertainty),m,m,m,per mille,degrees decimal,degrees decimal,meters a.s.l. ,year,year,year,year,year,year,year,year,1,10.1038/srep24374,"Kathayat, G., Cheng, H., Sinha, A., Spötl, C., Edwards, R. L., Zhang, H., Li, X., Yi, L., Ning, Y., Cai, Y., Lui, W. L. and Breitenbach, S. F. M.: Indian monsoon variability on millennial-orbital timescales, Sci. Rep., 6(1), 2016.",NOAA,"d13C, d18O, mineralogy_petrology_fabric"
1,Bittoo cave,30.7903,77.7764,3000.0,yes,,5,BT-2.4,current,,1-BT24,from top,limestone,Pleistocene,discontinuous carbonate,unknown,unknown,"closed forest, evergreen needle leaf",unknown,30.0,no,no,32.4,stalagmite,unknown,,yes,yes,Vienna-PDB,unknown,,no,no,yes,no,no,no,no,no,,,,,no,,,,,no,,,,,no,,,,,no,,,,,no,,,no,,no,"Cheng, Hai",https://www.ncdc.noaa.gov/paleo/study/20449,120.0,,289734,,,,,,,,,,,,,,,,,,,,,,,,,,,,,,,,,,,,,,,,,,,,120.0,calcite,not applicable,,,,,,,,,,,,,,-4.56,0.08,-7.76,0.04,183375.48,,,StalAge,not applicable,not applicable,183527.3449,1036.264579,1049.482351,184002.847,714.7604648,688.5021944,183507.5,658.9,747.6,184341.9561,765.08464,753.16289,,,,183413.1153,1090.762095,1040.268021,184057.5918,631.3076801,671.9914215,,Calibrated radiocarbon years BP,per mille,per mille,per mille,per mille,mol/mol,mol/mol,mmol/mol,mmol/mol,mmol/mol,mmol/mol,mmol/mol,mmol/mol,mmol/mol,mmol/mol,mmol/mol,mmol/mol,mm,mm,mm,mg,mg,%,ppb,ppb (2-sigma uncertainty),ppt,ppt (2-sigma uncertainty),ppt,ppt (2-sigma uncertainty),activity ratio,activity ratio (2-sigma uncertainty),activity ratio,activity ratio (2-sigma uncertainty),activity ratio,activity ratio (2-sigma uncertainty),activity ratio,activity ratio (2-sigma uncertainty),m,m,m,per mille,degrees decimal,degrees decimal,meters a.s.l. ,year,year,year,year,year,year,year,year,1,10.1038/srep24374,"Kathayat, G., Cheng, H., Sinha, A., Spötl, C., Edwards, R. L., Zhang, H., Li, X., Yi, L., Ning, Y., Cai, Y., Lui, W. L. and Breitenbach, S. F. M.: Indian monsoon variability on millennial-orbital timescales, Sci. Rep., 6(1), 2016.",NOAA,"d13C, d18O, mineralogy_petrology_fabric"
1,Bittoo cave,30.7903,77.7764,3000.0,yes,,5,BT-2.4,current,,1-BT24,from top,limestone,Pleistocene,discontinuous carbonate,unknown,unknown,"closed forest, evergreen needle leaf",unknown,30.0,no,no,32.4,stalagmite,unknown,,yes,yes,Vienna-PDB,unknown,,no,no,yes,no,no,no,no,no,,,,,no,,,,,no,,,,,no,,,,,no,,,,,no,,,no,,no,"Cheng, Hai",https://www.ncdc.noaa.gov/paleo/study/20449,121.2,,289735,,,,,,,,,,,,,,,,,,,,,,,,,,,,,,,,,,,,,,,,,,,,121.2,calcite,not applicable,,,,,,,,,,,,,,-4.46,0.08,-7.62,0.04,183394.6548,,,StalAge,not applicable,not applicable,183554.9483,1062.754301,1063.251222,184050.1588,730.4676549,704.2314053,183538.0,662.0,732.0,184394.5216,754.259852,734.286952,,,,183455.0983,1093.163794,1046.989919,184101.5023,627.4279598,666.2910098,,Calibrated radiocarbon years BP,per mille,per mille,per mille,per mille,mol/mol,mol/mol,mmol/mol,mmol/mol,mmol/mol,mmol/mol,mmol/mol,mmol/mol,mmol/mol,mmol/mol,mmol/mol,mmol/mol,mm,mm,mm,mg,mg,%,ppb,ppb (2-sigma uncertainty),ppt,ppt (2-sigma uncertainty),ppt,ppt (2-sigma uncertainty),activity ratio,activity ratio (2-sigma uncertainty),activity ratio,activity ratio (2-sigma uncertainty),activity ratio,activity ratio (2-sigma uncertainty),activity ratio,activity ratio (2-sigma uncertainty),m,m,m,per mille,degrees decimal,degrees decimal,meters a.s.l. ,year,year,year,year,year,year,year,year,1,10.1038/srep24374,"Kathayat, G., Cheng, H., Sinha, A., Spötl, C., Edwards, R. L., Zhang, H., Li, X., Yi, L., Ning, Y., Cai, Y., Lui, W. L. and Breitenbach, S. F. M.: Indian monsoon variability on millennial-orbital timescales, Sci. Rep., 6(1), 2016.",NOAA,"d13C, d18O, mineralogy_petrology_fabric"
1,Bittoo cave,30.7903,77.7764,3000.0,yes,,5,BT-2.4,current,,1-BT24,from top,limestone,Pleistocene,discontinuous carbonate,unknown,unknown,"closed forest, evergreen needle leaf",unknown,30.0,no,no,32.4,stalagmite,unknown,,yes,yes,Vienna-PDB,unknown,,no,no,yes,no,no,no,no,no,,,,,no,,,,,no,,,,,no,,,,,no,,,,,no,,,no,,no,"Cheng, Hai",https://www.ncdc.noaa.gov/paleo/study/20449,122.4,,289736,,,,,,,,,,,,,,,,,,,,,,,,,,,,,,,,,,,,,,,,,,,,122.4,calcite,not applicable,,,,,,,,,,,,,,-4.22,0.08,-7.33,0.04,183413.8296,,,StalAge,not applicable,not applicable,183576.5988,1080.236499,1067.255023,184096.1793,743.8968326,722.9053864,183587.0,642.1,726.05,184446.992,750.496918,725.79868,,,,183493.5559,1100.126425,1058.095513,184146.7174,620.8429791,662.029898,,Calibrated radiocarbon years BP,per mille,per mille,per mille,per mille,mol/mol,mol/mol,mmol/mol,mmol/mol,mmol/mol,mmol/mol,mmol/mol,mmol/mol,mmol/mol,mmol/mol,mmol/mol,mmol/mol,mm,mm,mm,mg,mg,%,ppb,ppb (2-sigma uncertainty),ppt,ppt (2-sigma uncertainty),ppt,ppt (2-sigma uncertainty),activity ratio,activity ratio (2-sigma uncertainty),activity ratio,activity ratio (2-sigma uncertainty),activity ratio,activity ratio (2-sigma uncertainty),activity ratio,activity ratio (2-sigma uncertainty),m,m,m,per mille,degrees decimal,degrees decimal,meters a.s.l. ,year,year,year,year,year,year,year,year,1,10.1038/srep24374,"Kathayat, G., Cheng, H., Sinha, A., Spötl, C., Edwards, R. L., Zhang, H., Li, X., Yi, L., Ning, Y., Cai, Y., Lui, W. L. and Breitenbach, S. F. M.: Indian monsoon variability on millennial-orbital timescales, Sci. Rep., 6(1), 2016.",NOAA,"d13C, d18O, mineralogy_petrology_fabric"
1,Bittoo cave,30.7903,77.7764,3000.0,yes,,5,BT-2.4,current,,1-BT24,from top,limestone,Pleistocene,discontinuous carbonate,unknown,unknown,"closed forest, evergreen needle leaf",unknown,30.0,no,no,32.4,stalagmite,unknown,,yes,yes,Vienna-PDB,unknown,,no,no,yes,no,no,no,no,no,,,,,no,,,,,no,,,,,no,,,,,no,,,,,no,,,no,,no,"Cheng, Hai",https://www.ncdc.noaa.gov/paleo/study/20449,123.6,,289737,,,,,,,,,,,,,,,,,,,,,,,,,,,,,,,,,,,,,,,,,,,,123.6,calcite,not applicable,,,,,,,,,,,,,,-4.77,0.08,-7.3,0.04,183433.0044,,,StalAge,not applicable,not applicable,183603.9983,1091.936754,1075.821551,184143.1654,764.4786897,736.0277495,183626.5,650.55,705.95,184501.9791,745.34518,724.622542,,,,183540.2664,1103.893709,1074.839975,184192.1419,615.0226947,657.7008779,,Calibrated radiocarbon years BP,per mille,per mille,per mille,per mille,mol/mol,mol/mol,mmol/mol,mmol/mol,mmol/mol,mmol/mol,mmol/mol,mmol/mol,mmol/mol,mmol/mol,mmol/mol,mmol/mol,mm,mm,mm,mg,mg,%,ppb,ppb (2-sigma uncertainty),ppt,ppt (2-sigma uncertainty),ppt,ppt (2-sigma uncertainty),activity ratio,activity ratio (2-sigma uncertainty),activity ratio,activity ratio (2-sigma uncertainty),activity ratio,activity ratio (2-sigma uncertainty),activity ratio,activity ratio (2-sigma uncertainty),m,m,m,per mille,degrees decimal,degrees decimal,meters a.s.l. ,year,year,year,year,year,year,year,year,1,10.1038/srep24374,"Kathayat, G., Cheng, H., Sinha, A., Spötl, C., Edwards, R. L., Zhang, H., Li, X., Yi, L., Ning, Y., Cai, Y., Lui, W. L. and Breitenbach, S. F. M.: Indian monsoon variability on millennial-orbital timescales, Sci. Rep., 6(1), 2016.",NOAA,"d13C, d18O, mineralogy_petrology_fabric"
1,Bittoo cave,30.7903,77.7764,3000.0,yes,,5,BT-2.4,current,,1-BT24,from top,limestone,Pleistocene,discontinuous carbonate,unknown,unknown,"closed forest, evergreen needle leaf",unknown,30.0,no,no,32.4,stalagmite,unknown,,yes,yes,Vienna-PDB,unknown,,no,no,yes,no,no,no,no,no,,,,,no,,,,,no,,,,,no,,,,,no,,,,,no,,,no,,no,"Cheng, Hai",https://www.ncdc.noaa.gov/paleo/study/20449,124.8,,289738,,,,,,,,,,,,,,,,,,,,,,,,,,,,,,,,,,,,,,,,,,,,124.8,calcite,not applicable,,,,,,,,,,,,,,-4.68,0.08,-7.53,0.04,183452.1792,,,StalAge,not applicable,not applicable,183633.3336,1112.442467,1096.625255,184192.4657,779.0585534,752.2271361,183681.5,658.55,680.55,184555.3083,742.353668,733.666162,,,,183584.601,1110.209935,1097.040811,184235.3831,615.8211492,651.2539599,,Calibrated radiocarbon years BP,per mille,per mille,per mille,per mille,mol/mol,mol/mol,mmol/mol,mmol/mol,mmol/mol,mmol/mol,mmol/mol,mmol/mol,mmol/mol,mmol/mol,mmol/mol,mmol/mol,mm,mm,mm,mg,mg,%,ppb,ppb (2-sigma uncertainty),ppt,ppt (2-sigma uncertainty),ppt,ppt (2-sigma uncertainty),activity ratio,activity ratio (2-sigma uncertainty),activity ratio,activity ratio (2-sigma uncertainty),activity ratio,activity ratio (2-sigma uncertainty),activity ratio,activity ratio (2-sigma uncertainty),m,m,m,per mille,degrees decimal,degrees decimal,meters a.s.l. ,year,year,year,year,year,year,year,year,1,10.1038/srep24374,"Kathayat, G., Cheng, H., Sinha, A., Spötl, C., Edwards, R. L., Zhang, H., Li, X., Yi, L., Ning, Y., Cai, Y., Lui, W. L. and Breitenbach, S. F. M.: Indian monsoon variability on millennial-orbital timescales, Sci. Rep., 6(1), 2016.",NOAA,"d13C, d18O, mineralogy_petrology_fabric"
1,Bittoo cave,30.7903,77.7764,3000.0,yes,,5,BT-2.4,current,,1-BT24,from top,limestone,Pleistocene,discontinuous carbonate,unknown,unknown,"closed forest, evergreen needle leaf",unknown,30.0,no,no,32.4,stalagmite,unknown,,yes,yes,Vienna-PDB,unknown,,no,no,yes,no,no,no,no,no,,,,,no,,,,,no,,,,,no,,,,,no,,,,,no,,,no,,no,"Cheng, Hai",https://www.ncdc.noaa.gov/paleo/study/20449,126.0,,289739,MC-ICP-MS U/Th,,BT2-9,calcite,,,183574.0,1048.0,1048.0,,,yes,464.8,0.4,769.0,15.0,,,1678.611326,33.80844422,0.9098,0.0013,1.096044208,0.001659918,0.814430125,0.407215062,Cheng et al. 2013,183472.0,1047.0,1047.0,yes,yes,yes,yes,,yes,yes,,,,,,,126.0,calcite,not applicable,,,,,,,,,,,,,,-4.36,0.08,-7.09,0.04,183471.354,,,StalAge,not applicable,not applicable,183658.731,1147.193928,1115.930263,184241.4363,793.6588471,765.3921683,183773.5,651.55,674.6,184605.5803,746.28592,737.898066,,,,183633.2864,1116.772314,1123.361885,184276.3662,616.5664729,644.0272725,,Calibrated radiocarbon years BP,per mille,per mille,per mille,per mille,mol/mol,mol/mol,mmol/mol,mmol/mol,mmol/mol,mmol/mol,mmol/mol,mmol/mol,mmol/mol,mmol/mol,mmol/mol,mmol/mol,mm,mm,mm,mg,mg,%,ppb,ppb (2-sigma uncertainty),ppt,ppt (2-sigma uncertainty),ppt,ppt (2-sigma uncertainty),activity ratio,activity ratio (2-sigma uncertainty),activity ratio,activity ratio (2-sigma uncertainty),activity ratio,activity ratio (2-sigma uncertainty),activity ratio,activity ratio (2-sigma uncertainty),m,m,m,per mille,degrees decimal,degrees decimal,meters a.s.l. ,year,year,year,year,year,year,year,year,1,10.1038/srep24374,"Kathayat, G., Cheng, H., Sinha, A., Spötl, C., Edwards, R. L., Zhang, H., Li, X., Yi, L., Ning, Y., Cai, Y., Lui, W. L. and Breitenbach, S. F. M.: Indian monsoon variability on millennial-orbital timescales, Sci. Rep., 6(1), 2016.",NOAA,"d13C, d18O, mineralogy_petrology_fabric"
1,Bittoo cave,30.7903,77.7764,3000.0,yes,,5,BT-2.4,current,,1-BT24,from top,limestone,Pleistocene,discontinuous carbonate,unknown,unknown,"closed forest, evergreen needle leaf",unknown,30.0,no,no,32.4,stalagmite,unknown,,yes,yes,Vienna-PDB,unknown,,no,no,yes,no,no,no,no,no,,,,,no,,,,,no,,,,,no,,,,,no,,,,,no,,,no,,no,"Cheng, Hai",https://www.ncdc.noaa.gov/paleo/study/20449,127.2,,289740,,,,,,,,,,,,,,,,,,,,,,,,,,,,,,,,,,,,,,,,,,,,127.2,calcite,not applicable,,,,,,,,,,,,,,-4.2,0.08,-6.95,0.04,183812.896,,,StalAge,not applicable,not applicable,183907.2596,998.945993,953.5327532,184290.835,807.2964366,779.8633538,183896.0,631.2,684.15,184658.402,758.697984,747.6891736,,,,183770.3589,1066.035803,1054.165447,184319.4209,622.4776438,639.6396949,,Calibrated radiocarbon years BP,per mille,per mille,per mille,per mille,mol/mol,mol/mol,mmol/mol,mmol/mol,mmol/mol,mmol/mol,mmol/mol,mmol/mol,mmol/mol,mmol/mol,mmol/mol,mmol/mol,mm,mm,mm,mg,mg,%,ppb,ppb (2-sigma uncertainty),ppt,ppt (2-sigma uncertainty),ppt,ppt (2-sigma uncertainty),activity ratio,activity ratio (2-sigma uncertainty),activity ratio,activity ratio (2-sigma uncertainty),activity ratio,activity ratio (2-sigma uncertainty),activity ratio,activity ratio (2-sigma uncertainty),m,m,m,per mille,degrees decimal,degrees decimal,meters a.s.l. ,year,year,year,year,year,year,year,year,1,10.1038/srep24374,"Kathayat, G., Cheng, H., Sinha, A., Spötl, C., Edwards, R. L., Zhang, H., Li, X., Yi, L., Ning, Y., Cai, Y., Lui, W. L. and Breitenbach, S. F. M.: Indian monsoon variability on millennial-orbital timescales, Sci. Rep., 6(1), 2016.",NOAA,"d13C, d18O, mineralogy_petrology_fabric"
1,Bittoo cave,30.7903,77.7764,3000.0,yes,,5,BT-2.4,current,,1-BT24,from top,limestone,Pleistocene,discontinuous carbonate,unknown,unknown,"closed forest, evergreen needle leaf",unknown,30.0,no,no,32.4,stalagmite,unknown,,yes,yes,Vienna-PDB,unknown,,no,no,yes,no,no,no,no,no,,,,,no,,,,,no,,,,,no,,,,,no,,,,,no,,,no,,no,"Cheng, Hai",https://www.ncdc.noaa.gov/paleo/study/20449,128.4,,289741,,,,,,,,,,,,,,,,,,,,,,,,,,,,,,,,,,,,,,,,,,,,128.4,calcite,not applicable,,,,,,,,,,,,,,-4.16,0.08,-7.38,0.04,184153.612,,,StalAge,not applicable,not applicable,184154.3781,867.035012,840.1392676,184337.815,824.1564963,798.5410925,184072.5,614.5,682.65,184710.9412,771.211492,760.461196,,,,184024.953,942.5453976,877.4112716,184373.45,659.5820865,643.4569726,,Calibrated radiocarbon years BP,per mille,per mille,per mille,per mille,mol/mol,mol/mol,mmol/mol,mmol/mol,mmol/mol,mmol/mol,mmol/mol,mmol/mol,mmol/mol,mmol/mol,mmol/mol,mmol/mol,mm,mm,mm,mg,mg,%,ppb,ppb (2-sigma uncertainty),ppt,ppt (2-sigma uncertainty),ppt,ppt (2-sigma uncertainty),activity ratio,activity ratio (2-sigma uncertainty),activity ratio,activity ratio (2-sigma uncertainty),activity ratio,activity ratio (2-sigma uncertainty),activity ratio,activity ratio (2-sigma uncertainty),m,m,m,per mille,degrees decimal,degrees decimal,meters a.s.l. ,year,year,year,year,year,year,year,year,1,10.1038/srep24374,"Kathayat, G., Cheng, H., Sinha, A., Spötl, C., Edwards, R. L., Zhang, H., Li, X., Yi, L., Ning, Y., Cai, Y., Lui, W. L. and Breitenbach, S. F. M.: Indian monsoon variability on millennial-orbital timescales, Sci. Rep., 6(1), 2016.",NOAA,"d13C, d18O, mineralogy_petrology_fabric"
1,Bittoo cave,30.7903,77.7764,3000.0,yes,,5,BT-2.4,current,,1-BT24,from top,limestone,Pleistocene,discontinuous carbonate,unknown,unknown,"closed forest, evergreen needle leaf",unknown,30.0,no,no,32.4,stalagmite,unknown,,yes,yes,Vienna-PDB,unknown,,no,no,yes,no,no,no,no,no,,,,,no,,,,,no,,,,,no,,,,,no,,,,,no,,,no,,no,"Cheng, Hai",https://www.ncdc.noaa.gov/paleo/study/20449,129.6,,289742,,,,,,,,,,,,,,,,,,,,,,,,,,,,,,,,,,,,,,,,,,,,129.6,calcite,not applicable,,,,,,,,,,,,,,-4.5,0.08,-7.87,0.04,184494.328,,,StalAge,not applicable,not applicable,184401.2127,763.9264761,734.0276987,184387.9367,840.4668937,820.447842,184249.5,638.6,657.65,184764.8858,790.586652,776.401342,,,,184366.7223,746.8252541,726.8466839,184431.9503,725.5814763,655.5061655,,Calibrated radiocarbon years BP,per mille,per mille,per mille,per mille,mol/mol,mol/mol,mmol/mol,mmol/mol,mmol/mol,mmol/mol,mmol/mol,mmol/mol,mmol/mol,mmol/mol,mmol/mol,mmol/mol,mm,mm,mm,mg,mg,%,ppb,ppb (2-sigma uncertainty),ppt,ppt (2-sigma uncertainty),ppt,ppt (2-sigma uncertainty),activity ratio,activity ratio (2-sigma uncertainty),activity ratio,activity ratio (2-sigma uncertainty),activity ratio,activity ratio (2-sigma uncertainty),activity ratio,activity ratio (2-sigma uncertainty),m,m,m,per mille,degrees decimal,degrees decimal,meters a.s.l. ,year,year,year,year,year,year,year,year,1,10.1038/srep24374,"Kathayat, G., Cheng, H., Sinha, A., Spötl, C., Edwards, R. L., Zhang, H., Li, X., Yi, L., Ning, Y., Cai, Y., Lui, W. L. and Breitenbach, S. F. M.: Indian monsoon variability on millennial-orbital timescales, Sci. Rep., 6(1), 2016.",NOAA,"d13C, d18O, mineralogy_petrology_fabric"
1,Bittoo cave,30.7903,77.7764,3000.0,yes,,5,BT-2.4,current,,1-BT24,from top,limestone,Pleistocene,discontinuous carbonate,unknown,unknown,"closed forest, evergreen needle leaf",unknown,30.0,no,no,32.4,stalagmite,unknown,,yes,yes,Vienna-PDB,unknown,,no,no,yes,no,no,no,no,no,,,,,no,,,,,no,,,,,no,,,,,no,,,,,no,,,no,,no,"Cheng, Hai",https://www.ncdc.noaa.gov/paleo/study/20449,130.8,,289743,,,,,,,,,,,,,,,,,,,,,,,,,,,,,,,,,,,,,,,,,,,,130.8,calcite,not applicable,,,,,,,,,,,,,,-4.91,0.08,-7.9,0.04,184835.044,,,StalAge,not applicable,not applicable,184659.4854,677.9553988,689.6992278,184433.9952,858.6305256,834.1689165,184444.5,688.05,690.6,184811.3678,797.581122,774.262222,,,,184718.1139,698.2414282,756.5680161,184483.9295,795.0423526,667.9429974,,Calibrated radiocarbon years BP,per mille,per mille,per mille,per mille,mol/mol,mol/mol,mmol/mol,mmol/mol,mmol/mol,mmol/mol,mmol/mol,mmol/mol,mmol/mol,mmol/mol,mmol/mol,mmol/mol,mm,mm,mm,mg,mg,%,ppb,ppb (2-sigma uncertainty),ppt,ppt (2-sigma uncertainty),ppt,ppt (2-sigma uncertainty),activity ratio,activity ratio (2-sigma uncertainty),activity ratio,activity ratio (2-sigma uncertainty),activity ratio,activity ratio (2-sigma uncertainty),activity ratio,activity ratio (2-sigma uncertainty),m,m,m,per mille,degrees decimal,degrees decimal,meters a.s.l. ,year,year,year,year,year,year,year,year,1,10.1038/srep24374,"Kathayat, G., Cheng, H., Sinha, A., Spötl, C., Edwards, R. L., Zhang, H., Li, X., Yi, L., Ning, Y., Cai, Y., Lui, W. L. and Breitenbach, S. F. M.: Indian monsoon variability on millennial-orbital timescales, Sci. Rep., 6(1), 2016.",NOAA,"d13C, d18O, mineralogy_petrology_fabric"
1,Bittoo cave,30.7903,77.7764,3000.0,yes,,5,BT-2.4,current,,1-BT24,from top,limestone,Pleistocene,discontinuous carbonate,unknown,unknown,"closed forest, evergreen needle leaf",unknown,30.0,no,no,32.4,stalagmite,unknown,,yes,yes,Vienna-PDB,unknown,,no,no,yes,no,no,no,no,no,,,,,no,,,,,no,,,,,no,,,,,no,,,,,no,,,no,,no,"Cheng, Hai",https://www.ncdc.noaa.gov/paleo/study/20449,132.0,,289744,,,,,,,,,,,,,,,,,,,,,,,,,,,,,,,,,,,,,,,,,,,,132.0,calcite,not applicable,,,,,,,,,,,,,,-4.74,0.08,-7.8,0.04,185175.76,,,StalAge,not applicable,not applicable,184914.2467,657.6683133,711.0343,184481.056,880.4408204,851.7698664,184589.0,735.05,697.15,184855.7066,787.65786,772.59187,,,,184988.8817,732.9038208,804.5484179,184541.088,828.5311787,656.1628845,,Calibrated radiocarbon years BP,per mille,per mille,per mille,per mille,mol/mol,mol/mol,mmol/mol,mmol/mol,mmol/mol,mmol/mol,mmol/mol,mmol/mol,mmol/mol,mmol/mol,mmol/mol,mmol/mol,mm,mm,mm,mg,mg,%,ppb,ppb (2-sigma uncertainty),ppt,ppt (2-sigma uncertainty),ppt,ppt (2-sigma uncertainty),activity ratio,activity ratio (2-sigma uncertainty),activity ratio,activity ratio (2-sigma uncertainty),activity ratio,activity ratio (2-sigma uncertainty),activity ratio,activity ratio (2-sigma uncertainty),m,m,m,per mille,degrees decimal,degrees decimal,meters a.s.l. ,year,year,year,year,year,year,year,year,1,10.1038/srep24374,"Kathayat, G., Cheng, H., Sinha, A., Spötl, C., Edwards, R. L., Zhang, H., Li, X., Yi, L., Ning, Y., Cai, Y., Lui, W. L. and Breitenbach, S. F. M.: Indian monsoon variability on millennial-orbital timescales, Sci. Rep., 6(1), 2016.",NOAA,"d13C, d18O, mineralogy_petrology_fabric"
1,Bittoo cave,30.7903,77.7764,3000.0,yes,,5,BT-2.4,current,,1-BT24,from top,limestone,Pleistocene,discontinuous carbonate,unknown,unknown,"closed forest, evergreen needle leaf",unknown,30.0,no,no,32.4,stalagmite,unknown,,yes,yes,Vienna-PDB,unknown,,no,no,yes,no,no,no,no,no,,,,,no,,,,,no,,,,,no,,,,,no,,,,,no,,,no,,no,"Cheng, Hai",https://www.ncdc.noaa.gov/paleo/study/20449,133.2,,289745,MC-ICP-MS U/Th,,BT2(4)-13,calcite,,,185623.0,1230.0,1230.0,,,yes,338.4,0.3,615.0,13.0,,,1543.70317,32.16511898,0.919132287,0.0018,1.101407099,0.001593151,0.814430125,0.407215062,Cheng et al. 2013,185516.0,1229.0,1229.0,yes,yes,yes,yes,,yes,yes,,,,,,,133.2,calcite,not applicable,,,,,,,,,,,,,,-5.49,0.08,-8.28,0.04,185516.476,,,StalAge,not applicable,not applicable,185152.9104,729.5713639,777.7062973,184528.8382,900.5611692,869.0987271,184716.0,697.0,704.1,184901.2758,785.761368,768.794402,,,,185135.1811,748.4208379,845.6453961,184605.663,817.2136044,622.0890307,,Calibrated radiocarbon years BP,per mille,per mille,per mille,per mille,mol/mol,mol/mol,mmol/mol,mmol/mol,mmol/mol,mmol/mol,mmol/mol,mmol/mol,mmol/mol,mmol/mol,mmol/mol,mmol/mol,mm,mm,mm,mg,mg,%,ppb,ppb (2-sigma uncertainty),ppt,ppt (2-sigma uncertainty),ppt,ppt (2-sigma uncertainty),activity ratio,activity ratio (2-sigma uncertainty),activity ratio,activity ratio (2-sigma uncertainty),activity ratio,activity ratio (2-sigma uncertainty),activity ratio,activity ratio (2-sigma uncertainty),m,m,m,per mille,degrees decimal,degrees decimal,meters a.s.l. ,year,year,year,year,year,year,year,year,1,10.1038/srep24374,"Kathayat, G., Cheng, H., Sinha, A., Spötl, C., Edwards, R. L., Zhang, H., Li, X., Yi, L., Ning, Y., Cai, Y., Lui, W. L. and Breitenbach, S. F. M.: Indian monsoon variability on millennial-orbital timescales, Sci. Rep., 6(1), 2016.",NOAA,"d13C, d18O, mineralogy_petrology_fabric"
1,Bittoo cave,30.7903,77.7764,3000.0,yes,,5,BT-2.4,current,,1-BT24,from top,limestone,Pleistocene,discontinuous carbonate,unknown,unknown,"closed forest, evergreen needle leaf",unknown,30.0,no,no,32.4,stalagmite,unknown,,yes,yes,Vienna-PDB,unknown,,no,no,yes,no,no,no,no,no,,,,,no,,,,,no,,,,,no,,,,,no,,,,,no,,,no,,no,"Cheng, Hai",https://www.ncdc.noaa.gov/paleo/study/20449,134.4,,289746,,,,,,,,,,,,,,,,,,,,,,,,,,,,,,,,,,,,,,,,,,,,134.4,calcite,not applicable,,,,,,,,,,,,,,-4.99,0.08,-8.19,0.04,185526.42848,,,StalAge,not applicable,not applicable,185185.891,710.7363077,764.209863,184578.0423,919.2517505,887.0583041,184811.0,666.25,693.4,184949.0147,780.547272,777.234862,,,,185192.0908,729.8378621,826.7900042,184658.151,802.4571629,610.695265,,Calibrated radiocarbon years BP,per mille,per mille,per mille,per mille,mol/mol,mol/mol,mmol/mol,mmol/mol,mmol/mol,mmol/mol,mmol/mol,mmol/mol,mmol/mol,mmol/mol,mmol/mol,mmol/mol,mm,mm,mm,mg,mg,%,ppb,ppb (2-sigma uncertainty),ppt,ppt (2-sigma uncertainty),ppt,ppt (2-sigma uncertainty),activity ratio,activity ratio (2-sigma uncertainty),activity ratio,activity ratio (2-sigma uncertainty),activity ratio,activity ratio (2-sigma uncertainty),activity ratio,activity ratio (2-sigma uncertainty),m,m,m,per mille,degrees decimal,degrees decimal,meters a.s.l. ,year,year,year,year,year,year,year,year,1,10.1038/srep24374,"Kathayat, G., Cheng, H., Sinha, A., Spötl, C., Edwards, R. L., Zhang, H., Li, X., Yi, L., Ning, Y., Cai, Y., Lui, W. L. and Breitenbach, S. F. M.: Indian monsoon variability on millennial-orbital timescales, Sci. Rep., 6(1), 2016.",NOAA,"d13C, d18O, mineralogy_petrology_fabric"
1,Bittoo cave,30.7903,77.7764,3000.0,yes,,5,BT-2.4,current,,1-BT24,from top,limestone,Pleistocene,discontinuous carbonate,unknown,unknown,"closed forest, evergreen needle leaf",unknown,30.0,no,no,32.4,stalagmite,unknown,,yes,yes,Vienna-PDB,unknown,,no,no,yes,no,no,no,no,no,,,,,no,,,,,no,,,,,no,,,,,no,,,,,no,,,no,,no,"Cheng, Hai",https://www.ncdc.noaa.gov/paleo/study/20449,135.6,,289747,,,,,,,,,,,,,,,,,,,,,,,,,,,,,,,,,,,,,,,,,,,,135.6,calcite,not applicable,,,,,,,,,,,,,,-4.3,0.08,-8.08,0.04,185536.78052,,,StalAge,not applicable,not applicable,185214.6974,693.3531026,727.6066564,184623.2727,941.9160843,902.6765307,184885.0,670.05,699.25,184995.3498,786.547434,778.3462416,,,,185240.9916,724.7386237,798.9335023,184698.929,798.2608171,615.9853506,,Calibrated radiocarbon years BP,per mille,per mille,per mille,per mille,mol/mol,mol/mol,mmol/mol,mmol/mol,mmol/mol,mmol/mol,mmol/mol,mmol/mol,mmol/mol,mmol/mol,mmol/mol,mmol/mol,mm,mm,mm,mg,mg,%,ppb,ppb (2-sigma uncertainty),ppt,ppt (2-sigma uncertainty),ppt,ppt (2-sigma uncertainty),activity ratio,activity ratio (2-sigma uncertainty),activity ratio,activity ratio (2-sigma uncertainty),activity ratio,activity ratio (2-sigma uncertainty),activity ratio,activity ratio (2-sigma uncertainty),m,m,m,per mille,degrees decimal,degrees decimal,meters a.s.l. ,year,year,year,year,year,year,year,year,1,10.1038/srep24374,"Kathayat, G., Cheng, H., Sinha, A., Spötl, C., Edwards, R. L., Zhang, H., Li, X., Yi, L., Ning, Y., Cai, Y., Lui, W. L. and Breitenbach, S. F. M.: Indian monsoon variability on millennial-orbital timescales, Sci. Rep., 6(1), 2016.",NOAA,"d13C, d18O, mineralogy_petrology_fabric"
1,Bittoo cave,30.7903,77.7764,3000.0,yes,,5,BT-2.4,current,,1-BT24,from top,limestone,Pleistocene,discontinuous carbonate,unknown,unknown,"closed forest, evergreen needle leaf",unknown,30.0,no,no,32.4,stalagmite,unknown,,yes,yes,Vienna-PDB,unknown,,no,no,yes,no,no,no,no,no,,,,,no,,,,,no,,,,,no,,,,,no,,,,,no,,,no,,no,"Cheng, Hai",https://www.ncdc.noaa.gov/paleo/study/20449,136.8,,289748,,,,,,,,,,,,,,,,,,,,,,,,,,,,,,,,,,,,,,,,,,,,136.8,calcite,not applicable,,,,,,,,,,,,,,-4.23,0.08,-7.89,0.04,185547.13256,,,StalAge,not applicable,not applicable,185243.9003,687.1828795,706.498749,184670.1584,962.2692245,916.0393867,184916.0,664.15,675.15,185041.05,788.231142,780.9902952,,,,185287.976,707.0107268,770.2633791,184739.7424,798.555891,607.8127797,,Calibrated radiocarbon years BP,per mille,per mille,per mille,per mille,mol/mol,mol/mol,mmol/mol,mmol/mol,mmol/mol,mmol/mol,mmol/mol,mmol/mol,mmol/mol,mmol/mol,mmol/mol,mmol/mol,mm,mm,mm,mg,mg,%,ppb,ppb (2-sigma uncertainty),ppt,ppt (2-sigma uncertainty),ppt,ppt (2-sigma uncertainty),activity ratio,activity ratio (2-sigma uncertainty),activity ratio,activity ratio (2-sigma uncertainty),activity ratio,activity ratio (2-sigma uncertainty),activity ratio,activity ratio (2-sigma uncertainty),m,m,m,per mille,degrees decimal,degrees decimal,meters a.s.l. ,year,year,year,year,year,year,year,year,1,10.1038/srep24374,"Kathayat, G., Cheng, H., Sinha, A., Spötl, C., Edwards, R. L., Zhang, H., Li, X., Yi, L., Ning, Y., Cai, Y., Lui, W. L. and Breitenbach, S. F. M.: Indian monsoon variability on millennial-orbital timescales, Sci. Rep., 6(1), 2016.",NOAA,"d13C, d18O, mineralogy_petrology_fabric"
1,Bittoo cave,30.7903,77.7764,3000.0,yes,,5,BT-2.4,current,,1-BT24,from top,limestone,Pleistocene,discontinuous carbonate,unknown,unknown,"closed forest, evergreen needle leaf",unknown,30.0,no,no,32.4,stalagmite,unknown,,yes,yes,Vienna-PDB,unknown,,no,no,yes,no,no,no,no,no,,,,,no,,,,,no,,,,,no,,,,,no,,,,,no,,,no,,no,"Cheng, Hai",https://www.ncdc.noaa.gov/paleo/study/20449,138.0,,289749,,,,,,,,,,,,,,,,,,,,,,,,,,,,,,,,,,,,,,,,,,,,138.0,calcite,not applicable,,,,,,,,,,,,,,-4.14,0.08,-7.57,0.04,185557.4846,,,StalAge,not applicable,not applicable,185270.3413,687.7174589,695.3762447,184718.8507,980.8371207,935.8316019,184961.0,665.1,662.2,185089.6664,798.58967,796.234286,,,,185328.5905,699.608215,751.9445497,184781.4948,799.0724892,600.7253898,,Calibrated radiocarbon years BP,per mille,per mille,per mille,per mille,mol/mol,mol/mol,mmol/mol,mmol/mol,mmol/mol,mmol/mol,mmol/mol,mmol/mol,mmol/mol,mmol/mol,mmol/mol,mmol/mol,mm,mm,mm,mg,mg,%,ppb,ppb (2-sigma uncertainty),ppt,ppt (2-sigma uncertainty),ppt,ppt (2-sigma uncertainty),activity ratio,activity ratio (2-sigma uncertainty),activity ratio,activity ratio (2-sigma uncertainty),activity ratio,activity ratio (2-sigma uncertainty),activity ratio,activity ratio (2-sigma uncertainty),m,m,m,per mille,degrees decimal,degrees decimal,meters a.s.l. ,year,year,year,year,year,year,year,year,1,10.1038/srep24374,"Kathayat, G., Cheng, H., Sinha, A., Spötl, C., Edwards, R. L., Zhang, H., Li, X., Yi, L., Ning, Y., Cai, Y., Lui, W. L. and Breitenbach, S. F. M.: Indian monsoon variability on millennial-orbital timescales, Sci. Rep., 6(1), 2016.",NOAA,"d13C, d18O, mineralogy_petrology_fabric"
1,Bittoo cave,30.7903,77.7764,3000.0,yes,,5,BT-2.4,current,,1-BT24,from top,limestone,Pleistocene,discontinuous carbonate,unknown,unknown,"closed forest, evergreen needle leaf",unknown,30.0,no,no,32.4,stalagmite,unknown,,yes,yes,Vienna-PDB,unknown,,no,no,yes,no,no,no,no,no,,,,,no,,,,,no,,,,,no,,,,,no,,,,,no,,,no,,no,"Cheng, Hai",https://www.ncdc.noaa.gov/paleo/study/20449,139.2,,289750,,,,,,,,,,,,,,,,,,,,,,,,,,,,,,,,,,,,,,,,,,,,139.2,calcite,not applicable,,,,,,,,,,,,,,-4.09,0.08,-7.63,0.04,185567.83664,,,StalAge,not applicable,not applicable,185302.2555,669.8658363,684.5668775,184767.6211,995.4754634,951.1000356,184996.0,656.05,654.2,185133.424,823.248996,808.964984,,,,185373.24,679.6469227,742.870187,184822.3741,797.8721358,605.2589736,,Calibrated radiocarbon years BP,per mille,per mille,per mille,per mille,mol/mol,mol/mol,mmol/mol,mmol/mol,mmol/mol,mmol/mol,mmol/mol,mmol/mol,mmol/mol,mmol/mol,mmol/mol,mmol/mol,mm,mm,mm,mg,mg,%,ppb,ppb (2-sigma uncertainty),ppt,ppt (2-sigma uncertainty),ppt,ppt (2-sigma uncertainty),activity ratio,activity ratio (2-sigma uncertainty),activity ratio,activity ratio (2-sigma uncertainty),activity ratio,activity ratio (2-sigma uncertainty),activity ratio,activity ratio (2-sigma uncertainty),m,m,m,per mille,degrees decimal,degrees decimal,meters a.s.l. ,year,year,year,year,year,year,year,year,1,10.1038/srep24374,"Kathayat, G., Cheng, H., Sinha, A., Spötl, C., Edwards, R. L., Zhang, H., Li, X., Yi, L., Ning, Y., Cai, Y., Lui, W. L. and Breitenbach, S. F. M.: Indian monsoon variability on millennial-orbital timescales, Sci. Rep., 6(1), 2016.",NOAA,"d13C, d18O, mineralogy_petrology_fabric"
1,Bittoo cave,30.7903,77.7764,3000.0,yes,,5,BT-2.4,current,,1-BT24,from top,limestone,Pleistocene,discontinuous carbonate,unknown,unknown,"closed forest, evergreen needle leaf",unknown,30.0,no,no,32.4,stalagmite,unknown,,yes,yes,Vienna-PDB,unknown,,no,no,yes,no,no,no,no,no,,,,,no,,,,,no,,,,,no,,,,,no,,,,,no,,,no,,no,"Cheng, Hai",https://www.ncdc.noaa.gov/paleo/study/20449,140.4,,289751,,,,,,,,,,,,,,,,,,,,,,,,,,,,,,,,,,,,,,,,,,,,140.4,calcite,not applicable,,,,,,,,,,,,,,-4.54,0.08,-7.83,0.04,185578.18868,,,StalAge,not applicable,not applicable,185334.1188,656.8884491,673.9022068,184816.2725,1008.481928,972.1988642,185034.5,653.95,653.95,185173.9205,841.687874,808.8065252,,,,185415.579,682.700974,731.1193162,184861.0377,795.8850602,609.2481553,,Calibrated radiocarbon years BP,per mille,per mille,per mille,per mille,mol/mol,mol/mol,mmol/mol,mmol/mol,mmol/mol,mmol/mol,mmol/mol,mmol/mol,mmol/mol,mmol/mol,mmol/mol,mmol/mol,mm,mm,mm,mg,mg,%,ppb,ppb (2-sigma uncertainty),ppt,ppt (2-sigma uncertainty),ppt,ppt (2-sigma uncertainty),activity ratio,activity ratio (2-sigma uncertainty),activity ratio,activity ratio (2-sigma uncertainty),activity ratio,activity ratio (2-sigma uncertainty),activity ratio,activity ratio (2-sigma uncertainty),m,m,m,per mille,degrees decimal,degrees decimal,meters a.s.l. ,year,year,year,year,year,year,year,year,1,10.1038/srep24374,"Kathayat, G., Cheng, H., Sinha, A., Spötl, C., Edwards, R. L., Zhang, H., Li, X., Yi, L., Ning, Y., Cai, Y., Lui, W. L. and Breitenbach, S. F. M.: Indian monsoon variability on millennial-orbital timescales, Sci. Rep., 6(1), 2016.",NOAA,"d13C, d18O, mineralogy_petrology_fabric"
1,Bittoo cave,30.7903,77.7764,3000.0,yes,,5,BT-2.4,current,,1-BT24,from top,limestone,Pleistocene,discontinuous carbonate,unknown,unknown,"closed forest, evergreen needle leaf",unknown,30.0,no,no,32.4,stalagmite,unknown,,yes,yes,Vienna-PDB,unknown,,no,no,yes,no,no,no,no,no,,,,,no,,,,,no,,,,,no,,,,,no,,,,,no,,,no,,no,"Cheng, Hai",https://www.ncdc.noaa.gov/paleo/study/20449,141.6,,289752,,,,,,,,,,,,,,,,,,,,,,,,,,,,,,,,,,,,,,,,,,,,141.6,calcite,not applicable,,,,,,,,,,,,,,-4.51,0.08,-7.64,0.04,185588.54072,,,StalAge,not applicable,not applicable,185367.1684,654.006322,671.7518995,184865.1842,1020.034662,994.1735544,185070.0,656.15,638.3,185219.1243,838.796592,809.201064,,,,185448.4971,678.3960148,713.0162971,184900.6467,795.1352106,612.0235396,,Calibrated radiocarbon years BP,per mille,per mille,per mille,per mille,mol/mol,mol/mol,mmol/mol,mmol/mol,mmol/mol,mmol/mol,mmol/mol,mmol/mol,mmol/mol,mmol/mol,mmol/mol,mmol/mol,mm,mm,mm,mg,mg,%,ppb,ppb (2-sigma uncertainty),ppt,ppt (2-sigma uncertainty),ppt,ppt (2-sigma uncertainty),activity ratio,activity ratio (2-sigma uncertainty),activity ratio,activity ratio (2-sigma uncertainty),activity ratio,activity ratio (2-sigma uncertainty),activity ratio,activity ratio (2-sigma uncertainty),m,m,m,per mille,degrees decimal,degrees decimal,meters a.s.l. ,year,year,year,year,year,year,year,year,1,10.1038/srep24374,"Kathayat, G., Cheng, H., Sinha, A., Spötl, C., Edwards, R. L., Zhang, H., Li, X., Yi, L., Ning, Y., Cai, Y., Lui, W. L. and Breitenbach, S. F. M.: Indian monsoon variability on millennial-orbital timescales, Sci. Rep., 6(1), 2016.",NOAA,"d13C, d18O, mineralogy_petrology_fabric"
1,Bittoo cave,30.7903,77.7764,3000.0,yes,,5,BT-2.4,current,,1-BT24,from top,limestone,Pleistocene,discontinuous carbonate,unknown,unknown,"closed forest, evergreen needle leaf",unknown,30.0,no,no,32.4,stalagmite,unknown,,yes,yes,Vienna-PDB,unknown,,no,no,yes,no,no,no,no,no,,,,,no,,,,,no,,,,,no,,,,,no,,,,,no,,,no,,no,"Cheng, Hai",https://www.ncdc.noaa.gov/paleo/study/20449,142.8,,289753,,,,,,,,,,,,,,,,,,,,,,,,,,,,,,,,,,,,,,,,,,,,142.8,calcite,not applicable,,,,,,,,,,,,,,-4.47,0.08,-8.1,0.04,185598.89276,,,StalAge,not applicable,not applicable,185407.2331,639.530025,671.056484,184913.6358,1037.994542,1012.192641,185110.0,648.15,644.05,185266.0745,826.81133,806.0475168,,,,185488.3053,676.147461,717.9792194,184944.5967,797.7252141,619.5846503,,Calibrated radiocarbon years BP,per mille,per mille,per mille,per mille,mol/mol,mol/mol,mmol/mol,mmol/mol,mmol/mol,mmol/mol,mmol/mol,mmol/mol,mmol/mol,mmol/mol,mmol/mol,mmol/mol,mm,mm,mm,mg,mg,%,ppb,ppb (2-sigma uncertainty),ppt,ppt (2-sigma uncertainty),ppt,ppt (2-sigma uncertainty),activity ratio,activity ratio (2-sigma uncertainty),activity ratio,activity ratio (2-sigma uncertainty),activity ratio,activity ratio (2-sigma uncertainty),activity ratio,activity ratio (2-sigma uncertainty),m,m,m,per mille,degrees decimal,degrees decimal,meters a.s.l. ,year,year,year,year,year,year,year,year,1,10.1038/srep24374,"Kathayat, G., Cheng, H., Sinha, A., Spötl, C., Edwards, R. L., Zhang, H., Li, X., Yi, L., Ning, Y., Cai, Y., Lui, W. L. and Breitenbach, S. F. M.: Indian monsoon variability on millennial-orbital timescales, Sci. Rep., 6(1), 2016.",NOAA,"d13C, d18O, mineralogy_petrology_fabric"
1,Bittoo cave,30.7903,77.7764,3000.0,yes,,5,BT-2.4,current,,1-BT24,from top,limestone,Pleistocene,discontinuous carbonate,unknown,unknown,"closed forest, evergreen needle leaf",unknown,30.0,no,no,32.4,stalagmite,unknown,,yes,yes,Vienna-PDB,unknown,,no,no,yes,no,no,no,no,no,,,,,no,,,,,no,,,,,no,,,,,no,,,,,no,,,no,,no,"Cheng, Hai",https://www.ncdc.noaa.gov/paleo/study/20449,144.0,,289754,,,,,,,,,,,,,,,,,,,,,,,,,,,,,,,,,,,,,,,,,,,,144.0,calcite,not applicable,,,,,,,,,,,,,,-4.39,0.08,-7.52,0.04,185609.2448,,,StalAge,not applicable,not applicable,185440.8436,631.2548422,670.5382484,184961.7991,1057.350087,1025.06903,185148.5,661.55,642.55,185308.6404,832.57366,813.02025,,,,185521.2916,694.1375286,706.0048502,184985.786,803.8814498,629.8147621,,Calibrated radiocarbon years BP,per mille,per mille,per mille,per mille,mol/mol,mol/mol,mmol/mol,mmol/mol,mmol/mol,mmol/mol,mmol/mol,mmol/mol,mmol/mol,mmol/mol,mmol/mol,mmol/mol,mm,mm,mm,mg,mg,%,ppb,ppb (2-sigma uncertainty),ppt,ppt (2-sigma uncertainty),ppt,ppt (2-sigma uncertainty),activity ratio,activity ratio (2-sigma uncertainty),activity ratio,activity ratio (2-sigma uncertainty),activity ratio,activity ratio (2-sigma uncertainty),activity ratio,activity ratio (2-sigma uncertainty),m,m,m,per mille,degrees decimal,degrees decimal,meters a.s.l. ,year,year,year,year,year,year,year,year,1,10.1038/srep24374,"Kathayat, G., Cheng, H., Sinha, A., Spötl, C., Edwards, R. L., Zhang, H., Li, X., Yi, L., Ning, Y., Cai, Y., Lui, W. L. and Breitenbach, S. F. M.: Indian monsoon variability on millennial-orbital timescales, Sci. Rep., 6(1), 2016.",NOAA,"d13C, d18O, mineralogy_petrology_fabric"
1,Bittoo cave,30.7903,77.7764,3000.0,yes,,5,BT-2.4,current,,1-BT24,from top,limestone,Pleistocene,discontinuous carbonate,unknown,unknown,"closed forest, evergreen needle leaf",unknown,30.0,no,no,32.4,stalagmite,unknown,,yes,yes,Vienna-PDB,unknown,,no,no,yes,no,no,no,no,no,,,,,no,,,,,no,,,,,no,,,,,no,,,,,no,,,no,,no,"Cheng, Hai",https://www.ncdc.noaa.gov/paleo/study/20449,145.2,,289755,,,,,,,,,,,,,,,,,,,,,,,,,,,,,,,,,,,,,,,,,,,,145.2,calcite,not applicable,,,,,,,,,,,,,,-4.48,0.08,-7.68,0.04,185619.59684,,,StalAge,not applicable,not applicable,185473.0202,636.7476395,651.329409,185011.5066,1079.442807,1049.751763,185187.5,673.55,638.95,185352.2931,842.563772,820.4060172,,,,185554.3212,703.8297858,708.3460019,185021.6025,813.4682748,640.1819114,,Calibrated radiocarbon years BP,per mille,per mille,per mille,per mille,mol/mol,mol/mol,mmol/mol,mmol/mol,mmol/mol,mmol/mol,mmol/mol,mmol/mol,mmol/mol,mmol/mol,mmol/mol,mmol/mol,mm,mm,mm,mg,mg,%,ppb,ppb (2-sigma uncertainty),ppt,ppt (2-sigma uncertainty),ppt,ppt (2-sigma uncertainty),activity ratio,activity ratio (2-sigma uncertainty),activity ratio,activity ratio (2-sigma uncertainty),activity ratio,activity ratio (2-sigma uncertainty),activity ratio,activity ratio (2-sigma uncertainty),m,m,m,per mille,degrees decimal,degrees decimal,meters a.s.l. ,year,year,year,year,year,year,year,year,1,10.1038/srep24374,"Kathayat, G., Cheng, H., Sinha, A., Spötl, C., Edwards, R. L., Zhang, H., Li, X., Yi, L., Ning, Y., Cai, Y., Lui, W. L. and Breitenbach, S. F. M.: Indian monsoon variability on millennial-orbital timescales, Sci. Rep., 6(1), 2016.",NOAA,"d13C, d18O, mineralogy_petrology_fabric"
1,Bittoo cave,30.7903,77.7764,3000.0,yes,,5,BT-2.4,current,,1-BT24,from top,limestone,Pleistocene,discontinuous carbonate,unknown,unknown,"closed forest, evergreen needle leaf",unknown,30.0,no,no,32.4,stalagmite,unknown,,yes,yes,Vienna-PDB,unknown,,no,no,yes,no,no,no,no,no,,,,,no,,,,,no,,,,,no,,,,,no,,,,,no,,,no,,no,"Cheng, Hai",https://www.ncdc.noaa.gov/paleo/study/20449,146.4,,289756,,,,,,,,,,,,,,,,,,,,,,,,,,,,,,,,,,,,,,,,,,,,146.4,calcite,not applicable,,,,,,,,,,,,,,-3.99,0.08,-7.09,0.04,185629.94888,,,StalAge,not applicable,not applicable,185503.3662,633.8309922,651.2892002,185059.0818,1097.47157,1065.949085,185228.5,682.55,663.1,185397.6657,847.971804,825.857254,,,,185582.255,707.3842582,718.9448948,185059.7964,826.5424865,650.6688824,,Calibrated radiocarbon years BP,per mille,per mille,per mille,per mille,mol/mol,mol/mol,mmol/mol,mmol/mol,mmol/mol,mmol/mol,mmol/mol,mmol/mol,mmol/mol,mmol/mol,mmol/mol,mmol/mol,mm,mm,mm,mg,mg,%,ppb,ppb (2-sigma uncertainty),ppt,ppt (2-sigma uncertainty),ppt,ppt (2-sigma uncertainty),activity ratio,activity ratio (2-sigma uncertainty),activity ratio,activity ratio (2-sigma uncertainty),activity ratio,activity ratio (2-sigma uncertainty),activity ratio,activity ratio (2-sigma uncertainty),m,m,m,per mille,degrees decimal,degrees decimal,meters a.s.l. ,year,year,year,year,year,year,year,year,1,10.1038/srep24374,"Kathayat, G., Cheng, H., Sinha, A., Spötl, C., Edwards, R. L., Zhang, H., Li, X., Yi, L., Ning, Y., Cai, Y., Lui, W. L. and Breitenbach, S. F. M.: Indian monsoon variability on millennial-orbital timescales, Sci. Rep., 6(1), 2016.",NOAA,"d13C, d18O, mineralogy_petrology_fabric"
1,Bittoo cave,30.7903,77.7764,3000.0,yes,,5,BT-2.4,current,,1-BT24,from top,limestone,Pleistocene,discontinuous carbonate,unknown,unknown,"closed forest, evergreen needle leaf",unknown,30.0,no,no,32.4,stalagmite,unknown,,yes,yes,Vienna-PDB,unknown,,no,no,yes,no,no,no,no,no,,,,,no,,,,,no,,,,,no,,,,,no,,,,,no,,,no,,no,"Cheng, Hai",https://www.ncdc.noaa.gov/paleo/study/20449,147.6,,289757,,,,,,,,,,,,,,,,,,,,,,,,,,,,,,,,,,,,,,,,,,,,147.6,calcite,not applicable,,,,,,,,,,,,,,-4.01,0.08,-7.47,0.04,185640.30092,,,StalAge,not applicable,not applicable,185536.9728,635.5835524,658.0122671,185104.1409,1123.395727,1078.110688,185279.0,675.1,688.4,185440.5815,862.893854,836.515626,,,,185605.6496,726.2665783,713.9986694,185100.6046,843.4343363,660.853575,,Calibrated radiocarbon years BP,per mille,per mille,per mille,per mille,mol/mol,mol/mol,mmol/mol,mmol/mol,mmol/mol,mmol/mol,mmol/mol,mmol/mol,mmol/mol,mmol/mol,mmol/mol,mmol/mol,mm,mm,mm,mg,mg,%,ppb,ppb (2-sigma uncertainty),ppt,ppt (2-sigma uncertainty),ppt,ppt (2-sigma uncertainty),activity ratio,activity ratio (2-sigma uncertainty),activity ratio,activity ratio (2-sigma uncertainty),activity ratio,activity ratio (2-sigma uncertainty),activity ratio,activity ratio (2-sigma uncertainty),m,m,m,per mille,degrees decimal,degrees decimal,meters a.s.l. ,year,year,year,year,year,year,year,year,1,10.1038/srep24374,"Kathayat, G., Cheng, H., Sinha, A., Spötl, C., Edwards, R. L., Zhang, H., Li, X., Yi, L., Ning, Y., Cai, Y., Lui, W. L. and Breitenbach, S. F. M.: Indian monsoon variability on millennial-orbital timescales, Sci. Rep., 6(1), 2016.",NOAA,"d13C, d18O, mineralogy_petrology_fabric"
1,Bittoo cave,30.7903,77.7764,3000.0,yes,,5,BT-2.4,current,,1-BT24,from top,limestone,Pleistocene,discontinuous carbonate,unknown,unknown,"closed forest, evergreen needle leaf",unknown,30.0,no,no,32.4,stalagmite,unknown,,yes,yes,Vienna-PDB,unknown,,no,no,yes,no,no,no,no,no,,,,,no,,,,,no,,,,,no,,,,,no,,,,,no,,,no,,no,"Cheng, Hai",https://www.ncdc.noaa.gov/paleo/study/20449,148.8,,289758,,,,,,,,,,,,,,,,,,,,,,,,,,,,,,,,,,,,,,,,,,,,148.8,calcite,not applicable,,,,,,,,,,,,,,-5.62,0.08,-8.49,0.04,185650.65296,,,StalAge,not applicable,not applicable,185563.3519,649.146228,662.7581786,185153.0686,1144.909467,1101.587496,185317.0,682.2,699.45,185483.1091,888.692492,845.80732,,,,185630.8896,732.9612602,723.4262178,185140.0583,863.6585189,670.7043418,,Calibrated radiocarbon years BP,per mille,per mille,per mille,per mille,mol/mol,mol/mol,mmol/mol,mmol/mol,mmol/mol,mmol/mol,mmol/mol,mmol/mol,mmol/mol,mmol/mol,mmol/mol,mmol/mol,mm,mm,mm,mg,mg,%,ppb,ppb (2-sigma uncertainty),ppt,ppt (2-sigma uncertainty),ppt,ppt (2-sigma uncertainty),activity ratio,activity ratio (2-sigma uncertainty),activity ratio,activity ratio (2-sigma uncertainty),activity ratio,activity ratio (2-sigma uncertainty),activity ratio,activity ratio (2-sigma uncertainty),m,m,m,per mille,degrees decimal,degrees decimal,meters a.s.l. ,year,year,year,year,year,year,year,year,1,10.1038/srep24374,"Kathayat, G., Cheng, H., Sinha, A., Spötl, C., Edwards, R. L., Zhang, H., Li, X., Yi, L., Ning, Y., Cai, Y., Lui, W. L. and Breitenbach, S. F. M.: Indian monsoon variability on millennial-orbital timescales, Sci. Rep., 6(1), 2016.",NOAA,"d13C, d18O, mineralogy_petrology_fabric"
1,Bittoo cave,30.7903,77.7764,3000.0,yes,,5,BT-2.4,current,,1-BT24,from top,limestone,Pleistocene,discontinuous carbonate,unknown,unknown,"closed forest, evergreen needle leaf",unknown,30.0,no,no,32.4,stalagmite,unknown,,yes,yes,Vienna-PDB,unknown,,no,no,yes,no,no,no,no,no,,,,,no,,,,,no,,,,,no,,,,,no,,,,,no,,,no,,no,"Cheng, Hai",https://www.ncdc.noaa.gov/paleo/study/20449,150.0,,289759,,,,,,,,,,,,,,,,,,,,,,,,,,,,,,,,,,,,,,,,,,,,150.0,calcite,not applicable,,,,,,,,,,,,,,-5.12,0.08,-8.09,0.04,185661.005,,,StalAge,not applicable,not applicable,185596.7118,663.7278205,682.1828541,185197.4831,1165.601219,1119.061002,185359.0,686.1,702.35,185524.4549,915.02587,856.59435,,,,185652.3992,747.3302401,732.9847839,185179.1005,882.8633231,683.2816307,,Calibrated radiocarbon years BP,per mille,per mille,per mille,per mille,mol/mol,mol/mol,mmol/mol,mmol/mol,mmol/mol,mmol/mol,mmol/mol,mmol/mol,mmol/mol,mmol/mol,mmol/mol,mmol/mol,mm,mm,mm,mg,mg,%,ppb,ppb (2-sigma uncertainty),ppt,ppt (2-sigma uncertainty),ppt,ppt (2-sigma uncertainty),activity ratio,activity ratio (2-sigma uncertainty),activity ratio,activity ratio (2-sigma uncertainty),activity ratio,activity ratio (2-sigma uncertainty),activity ratio,activity ratio (2-sigma uncertainty),m,m,m,per mille,degrees decimal,degrees decimal,meters a.s.l. ,year,year,year,year,year,year,year,year,1,10.1038/srep24374,"Kathayat, G., Cheng, H., Sinha, A., Spötl, C., Edwards, R. L., Zhang, H., Li, X., Yi, L., Ning, Y., Cai, Y., Lui, W. L. and Breitenbach, S. F. M.: Indian monsoon variability on millennial-orbital timescales, Sci. Rep., 6(1), 2016.",NOAA,"d13C, d18O, mineralogy_petrology_fabric"
1,Bittoo cave,30.7903,77.7764,3000.0,yes,,5,BT-2.4,current,,1-BT24,from top,limestone,Pleistocene,discontinuous carbonate,unknown,unknown,"closed forest, evergreen needle leaf",unknown,30.0,no,no,32.4,stalagmite,unknown,,yes,yes,Vienna-PDB,unknown,,no,no,yes,no,no,no,no,no,,,,,no,,,,,no,,,,,no,,,,,no,,,,,no,,,no,,no,"Cheng, Hai",https://www.ncdc.noaa.gov/paleo/study/20449,151.2,,289760,,,,,,,,,,,,,,,,,,,,,,,,,,,,,,,,,,,,,,,,,,,,151.2,calcite,not applicable,,,,,,,,,,,,,,-4.12,0.08,-8.3,0.04,185671.35704,,,StalAge,not applicable,not applicable,185628.335,675.986361,690.3901564,185245.8112,1180.691238,1135.361386,185403.0,705.0,711.1,185567.5104,915.1115928,861.120754,,,,185675.7241,754.5584283,740.8692494,185218.4327,899.3714101,697.7571388,,Calibrated radiocarbon years BP,per mille,per mille,per mille,per mille,mol/mol,mol/mol,mmol/mol,mmol/mol,mmol/mol,mmol/mol,mmol/mol,mmol/mol,mmol/mol,mmol/mol,mmol/mol,mmol/mol,mm,mm,mm,mg,mg,%,ppb,ppb (2-sigma uncertainty),ppt,ppt (2-sigma uncertainty),ppt,ppt (2-sigma uncertainty),activity ratio,activity ratio (2-sigma uncertainty),activity ratio,activity ratio (2-sigma uncertainty),activity ratio,activity ratio (2-sigma uncertainty),activity ratio,activity ratio (2-sigma uncertainty),m,m,m,per mille,degrees decimal,degrees decimal,meters a.s.l. ,year,year,year,year,year,year,year,year,1,10.1038/srep24374,"Kathayat, G., Cheng, H., Sinha, A., Spötl, C., Edwards, R. L., Zhang, H., Li, X., Yi, L., Ning, Y., Cai, Y., Lui, W. L. and Breitenbach, S. F. M.: Indian monsoon variability on millennial-orbital timescales, Sci. Rep., 6(1), 2016.",NOAA,"d13C, d18O, mineralogy_petrology_fabric"
1,Bittoo cave,30.7903,77.7764,3000.0,yes,,5,BT-2.4,current,,1-BT24,from top,limestone,Pleistocene,discontinuous carbonate,unknown,unknown,"closed forest, evergreen needle leaf",unknown,30.0,no,no,32.4,stalagmite,unknown,,yes,yes,Vienna-PDB,unknown,,no,no,yes,no,no,no,no,no,,,,,no,,,,,no,,,,,no,,,,,no,,,,,no,,,no,,no,"Cheng, Hai",https://www.ncdc.noaa.gov/paleo/study/20449,152.4,,289761,,,,,,,,,,,,,,,,,,,,,,,,,,,,,,,,,,,,,,,,,,,,152.4,calcite,not applicable,,,,,,,,,,,,,,-4.39,0.08,-7.77,0.04,185681.70908,,,StalAge,not applicable,not applicable,185656.4398,697.3256931,699.674304,185296.1411,1196.499773,1156.314151,185445.0,708.4,722.0,185610.2439,914.920862,863.51322,,,,185690.6118,761.9732808,740.0044619,185256.6616,916.8803297,706.8573105,,Calibrated radiocarbon years BP,per mille,per mille,per mille,per mille,mol/mol,mol/mol,mmol/mol,mmol/mol,mmol/mol,mmol/mol,mmol/mol,mmol/mol,mmol/mol,mmol/mol,mmol/mol,mmol/mol,mm,mm,mm,mg,mg,%,ppb,ppb (2-sigma uncertainty),ppt,ppt (2-sigma uncertainty),ppt,ppt (2-sigma uncertainty),activity ratio,activity ratio (2-sigma uncertainty),activity ratio,activity ratio (2-sigma uncertainty),activity ratio,activity ratio (2-sigma uncertainty),activity ratio,activity ratio (2-sigma uncertainty),m,m,m,per mille,degrees decimal,degrees decimal,meters a.s.l. ,year,year,year,year,year,year,year,year,1,10.1038/srep24374,"Kathayat, G., Cheng, H., Sinha, A., Spötl, C., Edwards, R. L., Zhang, H., Li, X., Yi, L., Ning, Y., Cai, Y., Lui, W. L. and Breitenbach, S. F. M.: Indian monsoon variability on millennial-orbital timescales, Sci. Rep., 6(1), 2016.",NOAA,"d13C, d18O, mineralogy_petrology_fabric"
1,Bittoo cave,30.7903,77.7764,3000.0,yes,,5,BT-2.4,current,,1-BT24,from top,limestone,Pleistocene,discontinuous carbonate,unknown,unknown,"closed forest, evergreen needle leaf",unknown,30.0,no,no,32.4,stalagmite,unknown,,yes,yes,Vienna-PDB,unknown,,no,no,yes,no,no,no,no,no,,,,,no,,,,,no,,,,,no,,,,,no,,,,,no,,,no,,no,"Cheng, Hai",https://www.ncdc.noaa.gov/paleo/study/20449,153.6,,289762,,,,,,,,,,,,,,,,,,,,,,,,,,,,,,,,,,,,,,,,,,,,153.6,calcite,not applicable,,,,,,,,,,,,,,-4.29,0.08,-7.95,0.04,185692.06112,,,StalAge,not applicable,not applicable,185686.7394,709.7077372,711.6491658,185344.5819,1215.685021,1178.4317,185485.0,714.4,721.05,185652.1911,920.430848,871.167194,,,,185706.2516,771.0023396,745.9529023,185294.8335,936.1654105,712.1393798,,Calibrated radiocarbon years BP,per mille,per mille,per mille,per mille,mol/mol,mol/mol,mmol/mol,mmol/mol,mmol/mol,mmol/mol,mmol/mol,mmol/mol,mmol/mol,mmol/mol,mmol/mol,mmol/mol,mm,mm,mm,mg,mg,%,ppb,ppb (2-sigma uncertainty),ppt,ppt (2-sigma uncertainty),ppt,ppt (2-sigma uncertainty),activity ratio,activity ratio (2-sigma uncertainty),activity ratio,activity ratio (2-sigma uncertainty),activity ratio,activity ratio (2-sigma uncertainty),activity ratio,activity ratio (2-sigma uncertainty),m,m,m,per mille,degrees decimal,degrees decimal,meters a.s.l. ,year,year,year,year,year,year,year,year,1,10.1038/srep24374,"Kathayat, G., Cheng, H., Sinha, A., Spötl, C., Edwards, R. L., Zhang, H., Li, X., Yi, L., Ning, Y., Cai, Y., Lui, W. L. and Breitenbach, S. F. M.: Indian monsoon variability on millennial-orbital timescales, Sci. Rep., 6(1), 2016.",NOAA,"d13C, d18O, mineralogy_petrology_fabric"
1,Bittoo cave,30.7903,77.7764,3000.0,yes,,5,BT-2.4,current,,1-BT24,from top,limestone,Pleistocene,discontinuous carbonate,unknown,unknown,"closed forest, evergreen needle leaf",unknown,30.0,no,no,32.4,stalagmite,unknown,,yes,yes,Vienna-PDB,unknown,,no,no,yes,no,no,no,no,no,,,,,no,,,,,no,,,,,no,,,,,no,,,,,no,,,no,,no,"Cheng, Hai",https://www.ncdc.noaa.gov/paleo/study/20449,154.8,,289763,MC-ICP-MS U/Th,,BT2(4)-16,calcite,,,185799.0,1348.0,1348.0,,,yes,415.4,0.5,583.0,12.0,,,2023.711563,42.50931216,0.930888874,0.002,1.11281525,0.00174152,0.814430125,0.407215062,Cheng et al. 2013,185702.0,1348.0,1348.0,yes,yes,yes,yes,,yes,yes,,,,,,,154.8,calcite,not applicable,,,,,,,,,,,,,,-4.1,0.08,-7.85,0.04,185702.41316,,,StalAge,not applicable,not applicable,185716.0196,738.85397,720.3473032,185392.2803,1236.261524,1198.410196,185526.5,725.65,718.05,185693.0174,925.533016,875.212256,,,,185720.8236,779.8060085,748.2299146,185334.6109,955.411043,719.2860851,,Calibrated radiocarbon years BP,per mille,per mille,per mille,per mille,mol/mol,mol/mol,mmol/mol,mmol/mol,mmol/mol,mmol/mol,mmol/mol,mmol/mol,mmol/mol,mmol/mol,mmol/mol,mmol/mol,mm,mm,mm,mg,mg,%,ppb,ppb (2-sigma uncertainty),ppt,ppt (2-sigma uncertainty),ppt,ppt (2-sigma uncertainty),activity ratio,activity ratio (2-sigma uncertainty),activity ratio,activity ratio (2-sigma uncertainty),activity ratio,activity ratio (2-sigma uncertainty),activity ratio,activity ratio (2-sigma uncertainty),m,m,m,per mille,degrees decimal,degrees decimal,meters a.s.l. ,year,year,year,year,year,year,year,year,1,10.1038/srep24374,"Kathayat, G., Cheng, H., Sinha, A., Spötl, C., Edwards, R. L., Zhang, H., Li, X., Yi, L., Ning, Y., Cai, Y., Lui, W. L. and Breitenbach, S. F. M.: Indian monsoon variability on millennial-orbital timescales, Sci. Rep., 6(1), 2016.",NOAA,"d13C, d18O, mineralogy_petrology_fabric"
1,Bittoo cave,30.7903,77.7764,3000.0,yes,,5,BT-2.4,current,,1-BT24,from top,limestone,Pleistocene,discontinuous carbonate,unknown,unknown,"closed forest, evergreen needle leaf",unknown,30.0,no,no,32.4,stalagmite,unknown,,yes,yes,Vienna-PDB,unknown,,no,no,yes,no,no,no,no,no,,,,,no,,,,,no,,,,,no,,,,,no,,,,,no,,,no,,no,"Cheng, Hai",https://www.ncdc.noaa.gov/paleo/study/20449,156.0,,289764,,,,,,,,,,,,,,,,,,,,,,,,,,,,,,,,,,,,,,,,,,,,156.0,calcite,not applicable,,,,,,,,,,,,,,-4.52,0.08,-8.22,0.04,185703.7796,,,StalAge,not applicable,not applicable,185728.1871,736.940769,712.5289017,185439.4635,1257.353223,1217.617201,185583.5,713.7,743.5,185730.8225,943.92562,882.71067,,,,185738.7107,776.5386255,745.5760226,185373.3753,971.2777978,726.2144409,,Calibrated radiocarbon years BP,per mille,per mille,per mille,per mille,mol/mol,mol/mol,mmol/mol,mmol/mol,mmol/mol,mmol/mol,mmol/mol,mmol/mol,mmol/mol,mmol/mol,mmol/mol,mmol/mol,mm,mm,mm,mg,mg,%,ppb,ppb (2-sigma uncertainty),ppt,ppt (2-sigma uncertainty),ppt,ppt (2-sigma uncertainty),activity ratio,activity ratio (2-sigma uncertainty),activity ratio,activity ratio (2-sigma uncertainty),activity ratio,activity ratio (2-sigma uncertainty),activity ratio,activity ratio (2-sigma uncertainty),m,m,m,per mille,degrees decimal,degrees decimal,meters a.s.l. ,year,year,year,year,year,year,year,year,1,10.1038/srep24374,"Kathayat, G., Cheng, H., Sinha, A., Spötl, C., Edwards, R. L., Zhang, H., Li, X., Yi, L., Ning, Y., Cai, Y., Lui, W. L. and Breitenbach, S. F. M.: Indian monsoon variability on millennial-orbital timescales, Sci. Rep., 6(1), 2016.",NOAA,"d13C, d18O, mineralogy_petrology_fabric"
1,Bittoo cave,30.7903,77.7764,3000.0,yes,,5,BT-2.4,current,,1-BT24,from top,limestone,Pleistocene,discontinuous carbonate,unknown,unknown,"closed forest, evergreen needle leaf",unknown,30.0,no,no,32.4,stalagmite,unknown,,yes,yes,Vienna-PDB,unknown,,no,no,yes,no,no,no,no,no,,,,,no,,,,,no,,,,,no,,,,,no,,,,,no,,,no,,no,"Cheng, Hai",https://www.ncdc.noaa.gov/paleo/study/20449,157.2,,289765,,,,,,,,,,,,,,,,,,,,,,,,,,,,,,,,,,,,,,,,,,,,157.2,calcite,not applicable,,,,,,,,,,,,,,-4.81,0.08,-8.49,0.04,185705.36252,,,StalAge,not applicable,not applicable,185744.3623,725.8016376,707.3185509,185487.8209,1277.270633,1233.495444,185611.5,714.55,731.7,185772.2251,961.073552,895.743182,,,,185753.3945,778.9842716,743.4909613,185409.7714,984.6605347,730.7311557,,Calibrated radiocarbon years BP,per mille,per mille,per mille,per mille,mol/mol,mol/mol,mmol/mol,mmol/mol,mmol/mol,mmol/mol,mmol/mol,mmol/mol,mmol/mol,mmol/mol,mmol/mol,mmol/mol,mm,mm,mm,mg,mg,%,ppb,ppb (2-sigma uncertainty),ppt,ppt (2-sigma uncertainty),ppt,ppt (2-sigma uncertainty),activity ratio,activity ratio (2-sigma uncertainty),activity ratio,activity ratio (2-sigma uncertainty),activity ratio,activity ratio (2-sigma uncertainty),activity ratio,activity ratio (2-sigma uncertainty),m,m,m,per mille,degrees decimal,degrees decimal,meters a.s.l. ,year,year,year,year,year,year,year,year,1,10.1038/srep24374,"Kathayat, G., Cheng, H., Sinha, A., Spötl, C., Edwards, R. L., Zhang, H., Li, X., Yi, L., Ning, Y., Cai, Y., Lui, W. L. and Breitenbach, S. F. M.: Indian monsoon variability on millennial-orbital timescales, Sci. Rep., 6(1), 2016.",NOAA,"d13C, d18O, mineralogy_petrology_fabric"
1,Bittoo cave,30.7903,77.7764,3000.0,yes,,5,BT-2.4,current,,1-BT24,from top,limestone,Pleistocene,discontinuous carbonate,unknown,unknown,"closed forest, evergreen needle leaf",unknown,30.0,no,no,32.4,stalagmite,unknown,,yes,yes,Vienna-PDB,unknown,,no,no,yes,no,no,no,no,no,,,,,no,,,,,no,,,,,no,,,,,no,,,,,no,,,no,,no,"Cheng, Hai",https://www.ncdc.noaa.gov/paleo/study/20449,158.4,,289766,,,,,,,,,,,,,,,,,,,,,,,,,,,,,,,,,,,,,,,,,,,,158.4,calcite,not applicable,,,,,,,,,,,,,,-4.71,0.08,-8.45,0.04,185706.94544,,,StalAge,not applicable,not applicable,185757.4682,720.1785432,701.4671391,185539.2058,1294.160631,1257.858153,185639.0,716.35,740.0,185811.8791,985.810144,904.4553824,,,,185768.9028,774.6744548,750.9420912,185445.8571,1002.419995,733.7704183,,Calibrated radiocarbon years BP,per mille,per mille,per mille,per mille,mol/mol,mol/mol,mmol/mol,mmol/mol,mmol/mol,mmol/mol,mmol/mol,mmol/mol,mmol/mol,mmol/mol,mmol/mol,mmol/mol,mm,mm,mm,mg,mg,%,ppb,ppb (2-sigma uncertainty),ppt,ppt (2-sigma uncertainty),ppt,ppt (2-sigma uncertainty),activity ratio,activity ratio (2-sigma uncertainty),activity ratio,activity ratio (2-sigma uncertainty),activity ratio,activity ratio (2-sigma uncertainty),activity ratio,activity ratio (2-sigma uncertainty),m,m,m,per mille,degrees decimal,degrees decimal,meters a.s.l. ,year,year,year,year,year,year,year,year,1,10.1038/srep24374,"Kathayat, G., Cheng, H., Sinha, A., Spötl, C., Edwards, R. L., Zhang, H., Li, X., Yi, L., Ning, Y., Cai, Y., Lui, W. L. and Breitenbach, S. F. M.: Indian monsoon variability on millennial-orbital timescales, Sci. Rep., 6(1), 2016.",NOAA,"d13C, d18O, mineralogy_petrology_fabric"
1,Bittoo cave,30.7903,77.7764,3000.0,yes,,5,BT-2.4,current,,1-BT24,from top,limestone,Pleistocene,discontinuous carbonate,unknown,unknown,"closed forest, evergreen needle leaf",unknown,30.0,no,no,32.4,stalagmite,unknown,,yes,yes,Vienna-PDB,unknown,,no,no,yes,no,no,no,no,no,,,,,no,,,,,no,,,,,no,,,,,no,,,,,no,,,no,,no,"Cheng, Hai",https://www.ncdc.noaa.gov/paleo/study/20449,159.6,,289767,,,,,,,,,,,,,,,,,,,,,,,,,,,,,,,,,,,,,,,,,,,,159.6,calcite,not applicable,,,,,,,,,,,,,,-5.04,0.08,-8.52,0.04,185708.52836,,,StalAge,not applicable,not applicable,185774.5698,717.9719669,703.4993364,185583.8523,1318.104801,1271.66586,185664.0,721.05,739.1,185851.0595,1014.682148,917.209474,,,,185782.534,772.9820165,755.1816126,185481.3414,1018.043982,739.2794281,,Calibrated radiocarbon years BP,per mille,per mille,per mille,per mille,mol/mol,mol/mol,mmol/mol,mmol/mol,mmol/mol,mmol/mol,mmol/mol,mmol/mol,mmol/mol,mmol/mol,mmol/mol,mmol/mol,mm,mm,mm,mg,mg,%,ppb,ppb (2-sigma uncertainty),ppt,ppt (2-sigma uncertainty),ppt,ppt (2-sigma uncertainty),activity ratio,activity ratio (2-sigma uncertainty),activity ratio,activity ratio (2-sigma uncertainty),activity ratio,activity ratio (2-sigma uncertainty),activity ratio,activity ratio (2-sigma uncertainty),m,m,m,per mille,degrees decimal,degrees decimal,meters a.s.l. ,year,year,year,year,year,year,year,year,1,10.1038/srep24374,"Kathayat, G., Cheng, H., Sinha, A., Spötl, C., Edwards, R. L., Zhang, H., Li, X., Yi, L., Ning, Y., Cai, Y., Lui, W. L. and Breitenbach, S. F. M.: Indian monsoon variability on millennial-orbital timescales, Sci. Rep., 6(1), 2016.",NOAA,"d13C, d18O, mineralogy_petrology_fabric"
1,Bittoo cave,30.7903,77.7764,3000.0,yes,,5,BT-2.4,current,,1-BT24,from top,limestone,Pleistocene,discontinuous carbonate,unknown,unknown,"closed forest, evergreen needle leaf",unknown,30.0,no,no,32.4,stalagmite,unknown,,yes,yes,Vienna-PDB,unknown,,no,no,yes,no,no,no,no,no,,,,,no,,,,,no,,,,,no,,,,,no,,,,,no,,,no,,no,"Cheng, Hai",https://www.ncdc.noaa.gov/paleo/study/20449,160.8,,289768,,,,,,,,,,,,,,,,,,,,,,,,,,,,,,,,,,,,,,,,,,,,160.8,calcite,not applicable,,,,,,,,,,,,,,-4.94,0.08,-8.49,0.04,185710.11128,,,StalAge,not applicable,not applicable,185789.6477,712.4728883,703.947149,185629.7669,1340.149257,1293.337008,185683.0,728.25,735.05,185893.6489,1023.054992,922.027176,,,,185795.2271,768.3189248,748.5301683,185514.2946,1012.311102,750.2007372,,Calibrated radiocarbon years BP,per mille,per mille,per mille,per mille,mol/mol,mol/mol,mmol/mol,mmol/mol,mmol/mol,mmol/mol,mmol/mol,mmol/mol,mmol/mol,mmol/mol,mmol/mol,mmol/mol,mm,mm,mm,mg,mg,%,ppb,ppb (2-sigma uncertainty),ppt,ppt (2-sigma uncertainty),ppt,ppt (2-sigma uncertainty),activity ratio,activity ratio (2-sigma uncertainty),activity ratio,activity ratio (2-sigma uncertainty),activity ratio,activity ratio (2-sigma uncertainty),activity ratio,activity ratio (2-sigma uncertainty),m,m,m,per mille,degrees decimal,degrees decimal,meters a.s.l. ,year,year,year,year,year,year,year,year,1,10.1038/srep24374,"Kathayat, G., Cheng, H., Sinha, A., Spötl, C., Edwards, R. L., Zhang, H., Li, X., Yi, L., Ning, Y., Cai, Y., Lui, W. L. and Breitenbach, S. F. M.: Indian monsoon variability on millennial-orbital timescales, Sci. Rep., 6(1), 2016.",NOAA,"d13C, d18O, mineralogy_petrology_fabric"
1,Bittoo cave,30.7903,77.7764,3000.0,yes,,5,BT-2.4,current,,1-BT24,from top,limestone,Pleistocene,discontinuous carbonate,unknown,unknown,"closed forest, evergreen needle leaf",unknown,30.0,no,no,32.4,stalagmite,unknown,,yes,yes,Vienna-PDB,unknown,,no,no,yes,no,no,no,no,no,,,,,no,,,,,no,,,,,no,,,,,no,,,,,no,,,no,,no,"Cheng, Hai",https://www.ncdc.noaa.gov/paleo/study/20449,162.0,,289769,,,,,,,,,,,,,,,,,,,,,,,,,,,,,,,,,,,,,,,,,,,,162.0,calcite,not applicable,,,,,,,,,,,,,,-4.93,0.08,-8.34,0.04,185711.6942,,,StalAge,not applicable,not applicable,185799.8085,714.6074307,690.2089322,185672.1854,1361.360989,1308.493765,185705.5,720.6,734.6,185938.7901,1026.1454,925.23049,,,,185808.4376,769.7827735,751.8921237,185543.0915,999.1029028,758.4532878,,Calibrated radiocarbon years BP,per mille,per mille,per mille,per mille,mol/mol,mol/mol,mmol/mol,mmol/mol,mmol/mol,mmol/mol,mmol/mol,mmol/mol,mmol/mol,mmol/mol,mmol/mol,mmol/mol,mm,mm,mm,mg,mg,%,ppb,ppb (2-sigma uncertainty),ppt,ppt (2-sigma uncertainty),ppt,ppt (2-sigma uncertainty),activity ratio,activity ratio (2-sigma uncertainty),activity ratio,activity ratio (2-sigma uncertainty),activity ratio,activity ratio (2-sigma uncertainty),activity ratio,activity ratio (2-sigma uncertainty),m,m,m,per mille,degrees decimal,degrees decimal,meters a.s.l. ,year,year,year,year,year,year,year,year,1,10.1038/srep24374,"Kathayat, G., Cheng, H., Sinha, A., Spötl, C., Edwards, R. L., Zhang, H., Li, X., Yi, L., Ning, Y., Cai, Y., Lui, W. L. and Breitenbach, S. F. M.: Indian monsoon variability on millennial-orbital timescales, Sci. Rep., 6(1), 2016.",NOAA,"d13C, d18O, mineralogy_petrology_fabric"
1,Bittoo cave,30.7903,77.7764,3000.0,yes,,5,BT-2.4,current,,1-BT24,from top,limestone,Pleistocene,discontinuous carbonate,unknown,unknown,"closed forest, evergreen needle leaf",unknown,30.0,no,no,32.4,stalagmite,unknown,,yes,yes,Vienna-PDB,unknown,,no,no,yes,no,no,no,no,no,,,,,no,,,,,no,,,,,no,,,,,no,,,,,no,,,no,,no,"Cheng, Hai",https://www.ncdc.noaa.gov/paleo/study/20449,163.2,,289770,,,,,,,,,,,,,,,,,,,,,,,,,,,,,,,,,,,,,,,,,,,,163.2,calcite,not applicable,,,,,,,,,,,,,,-4.05,0.08,-8.18,0.04,185713.27712,,,StalAge,not applicable,not applicable,185817.7987,711.1494134,686.9849174,185721.5516,1375.534281,1326.554006,185727.0,717.75,734.35,185984.4103,1023.138888,927.7426592,,,,185820.231,776.7471502,746.6160137,185567.2355,988.7477621,759.1246797,,Calibrated radiocarbon years BP,per mille,per mille,per mille,per mille,mol/mol,mol/mol,mmol/mol,mmol/mol,mmol/mol,mmol/mol,mmol/mol,mmol/mol,mmol/mol,mmol/mol,mmol/mol,mmol/mol,mm,mm,mm,mg,mg,%,ppb,ppb (2-sigma uncertainty),ppt,ppt (2-sigma uncertainty),ppt,ppt (2-sigma uncertainty),activity ratio,activity ratio (2-sigma uncertainty),activity ratio,activity ratio (2-sigma uncertainty),activity ratio,activity ratio (2-sigma uncertainty),activity ratio,activity ratio (2-sigma uncertainty),m,m,m,per mille,degrees decimal,degrees decimal,meters a.s.l. ,year,year,year,year,year,year,year,year,1,10.1038/srep24374,"Kathayat, G., Cheng, H., Sinha, A., Spötl, C., Edwards, R. L., Zhang, H., Li, X., Yi, L., Ning, Y., Cai, Y., Lui, W. L. and Breitenbach, S. F. M.: Indian monsoon variability on millennial-orbital timescales, Sci. Rep., 6(1), 2016.",NOAA,"d13C, d18O, mineralogy_petrology_fabric"
1,Bittoo cave,30.7903,77.7764,3000.0,yes,,5,BT-2.4,current,,1-BT24,from top,limestone,Pleistocene,discontinuous carbonate,unknown,unknown,"closed forest, evergreen needle leaf",unknown,30.0,no,no,32.4,stalagmite,unknown,,yes,yes,Vienna-PDB,unknown,,no,no,yes,no,no,no,no,no,,,,,no,,,,,no,,,,,no,,,,,no,,,,,no,,,no,,no,"Cheng, Hai",https://www.ncdc.noaa.gov/paleo/study/20449,164.4,,289771,,,,,,,,,,,,,,,,,,,,,,,,,,,,,,,,,,,,,,,,,,,,164.4,calcite,not applicable,,,,,,,,,,,,,,-5.29,0.08,-8.54,0.04,185714.86004,,,StalAge,not applicable,not applicable,185833.187,711.1333192,674.0088361,185769.4111,1397.593099,1342.523071,185741.0,737.15,731.05,186026.513,1030.28815,935.1253292,,,,185831.1219,775.5280424,743.2575748,185587.6747,971.5462661,756.2511265,,Calibrated radiocarbon years BP,per mille,per mille,per mille,per mille,mol/mol,mol/mol,mmol/mol,mmol/mol,mmol/mol,mmol/mol,mmol/mol,mmol/mol,mmol/mol,mmol/mol,mmol/mol,mmol/mol,mm,mm,mm,mg,mg,%,ppb,ppb (2-sigma uncertainty),ppt,ppt (2-sigma uncertainty),ppt,ppt (2-sigma uncertainty),activity ratio,activity ratio (2-sigma uncertainty),activity ratio,activity ratio (2-sigma uncertainty),activity ratio,activity ratio (2-sigma uncertainty),activity ratio,activity ratio (2-sigma uncertainty),m,m,m,per mille,degrees decimal,degrees decimal,meters a.s.l. ,year,year,year,year,year,year,year,year,1,10.1038/srep24374,"Kathayat, G., Cheng, H., Sinha, A., Spötl, C., Edwards, R. L., Zhang, H., Li, X., Yi, L., Ning, Y., Cai, Y., Lui, W. L. and Breitenbach, S. F. M.: Indian monsoon variability on millennial-orbital timescales, Sci. Rep., 6(1), 2016.",NOAA,"d13C, d18O, mineralogy_petrology_fabric"
1,Bittoo cave,30.7903,77.7764,3000.0,yes,,5,BT-2.4,current,,1-BT24,from top,limestone,Pleistocene,discontinuous carbonate,unknown,unknown,"closed forest, evergreen needle leaf",unknown,30.0,no,no,32.4,stalagmite,unknown,,yes,yes,Vienna-PDB,unknown,,no,no,yes,no,no,no,no,no,,,,,no,,,,,no,,,,,no,,,,,no,,,,,no,,,no,,no,"Cheng, Hai",https://www.ncdc.noaa.gov/paleo/study/20449,165.6,,289772,,,,,,,,,,,,,,,,,,,,,,,,,,,,,,,,,,,,,,,,,,,,165.6,calcite,not applicable,,,,,,,,,,,,,,-4.96,0.08,-8.52,0.04,185716.44296,,,StalAge,not applicable,not applicable,185850.1844,705.271429,683.6224036,185817.2618,1418.902764,1360.542379,185758.0,735.75,724.15,186066.8272,1053.63267,940.60625,,,,185837.2981,784.1335005,741.9518322,185603.3808,955.8402236,751.356419,,Calibrated radiocarbon years BP,per mille,per mille,per mille,per mille,mol/mol,mol/mol,mmol/mol,mmol/mol,mmol/mol,mmol/mol,mmol/mol,mmol/mol,mmol/mol,mmol/mol,mmol/mol,mmol/mol,mm,mm,mm,mg,mg,%,ppb,ppb (2-sigma uncertainty),ppt,ppt (2-sigma uncertainty),ppt,ppt (2-sigma uncertainty),activity ratio,activity ratio (2-sigma uncertainty),activity ratio,activity ratio (2-sigma uncertainty),activity ratio,activity ratio (2-sigma uncertainty),activity ratio,activity ratio (2-sigma uncertainty),m,m,m,per mille,degrees decimal,degrees decimal,meters a.s.l. ,year,year,year,year,year,year,year,year,1,10.1038/srep24374,"Kathayat, G., Cheng, H., Sinha, A., Spötl, C., Edwards, R. L., Zhang, H., Li, X., Yi, L., Ning, Y., Cai, Y., Lui, W. L. and Breitenbach, S. F. M.: Indian monsoon variability on millennial-orbital timescales, Sci. Rep., 6(1), 2016.",NOAA,"d13C, d18O, mineralogy_petrology_fabric"
1,Bittoo cave,30.7903,77.7764,3000.0,yes,,5,BT-2.4,current,,1-BT24,from top,limestone,Pleistocene,discontinuous carbonate,unknown,unknown,"closed forest, evergreen needle leaf",unknown,30.0,no,no,32.4,stalagmite,unknown,,yes,yes,Vienna-PDB,unknown,,no,no,yes,no,no,no,no,no,,,,,no,,,,,no,,,,,no,,,,,no,,,,,no,,,no,,no,"Cheng, Hai",https://www.ncdc.noaa.gov/paleo/study/20449,166.8,,289773,,,,,,,,,,,,,,,,,,,,,,,,,,,,,,,,,,,,,,,,,,,,166.8,calcite,not applicable,,,,,,,,,,,,,,-5.14,0.08,-8.63,0.04,185718.02588,,,StalAge,not applicable,not applicable,185862.1605,707.386823,675.1982723,185862.5372,1439.335823,1371.868278,185778.5,745.5,725.9,186107.3896,1075.48113,947.235848,,,,185847.9959,785.7153374,743.3489163,185613.5192,945.7018353,744.1155438,,Calibrated radiocarbon years BP,per mille,per mille,per mille,per mille,mol/mol,mol/mol,mmol/mol,mmol/mol,mmol/mol,mmol/mol,mmol/mol,mmol/mol,mmol/mol,mmol/mol,mmol/mol,mmol/mol,mm,mm,mm,mg,mg,%,ppb,ppb (2-sigma uncertainty),ppt,ppt (2-sigma uncertainty),ppt,ppt (2-sigma uncertainty),activity ratio,activity ratio (2-sigma uncertainty),activity ratio,activity ratio (2-sigma uncertainty),activity ratio,activity ratio (2-sigma uncertainty),activity ratio,activity ratio (2-sigma uncertainty),m,m,m,per mille,degrees decimal,degrees decimal,meters a.s.l. ,year,year,year,year,year,year,year,year,1,10.1038/srep24374,"Kathayat, G., Cheng, H., Sinha, A., Spötl, C., Edwards, R. L., Zhang, H., Li, X., Yi, L., Ning, Y., Cai, Y., Lui, W. L. and Breitenbach, S. F. M.: Indian monsoon variability on millennial-orbital timescales, Sci. Rep., 6(1), 2016.",NOAA,"d13C, d18O, mineralogy_petrology_fabric"
1,Bittoo cave,30.7903,77.7764,3000.0,yes,,5,BT-2.4,current,,1-BT24,from top,limestone,Pleistocene,discontinuous carbonate,unknown,unknown,"closed forest, evergreen needle leaf",unknown,30.0,no,no,32.4,stalagmite,unknown,,yes,yes,Vienna-PDB,unknown,,no,no,yes,no,no,no,no,no,,,,,no,,,,,no,,,,,no,,,,,no,,,,,no,,,no,,no,"Cheng, Hai",https://www.ncdc.noaa.gov/paleo/study/20449,168.0,,289774,,,,,,,,,,,,,,,,,,,,,,,,,,,,,,,,,,,,,,,,,,,,168.0,calcite,not applicable,,,,,,,,,,,,,,-4.85,0.08,-8.56,0.04,185719.6088,,,StalAge,not applicable,not applicable,185874.9547,711.8823621,673.5399542,185910.9998,1462.404674,1388.440432,185794.0,750.55,723.3,186148.2651,1102.89248,957.68043,,,,185858.6088,789.8144335,744.1434752,185623.4478,935.7732272,735.3558006,,Calibrated radiocarbon years BP,per mille,per mille,per mille,per mille,mol/mol,mol/mol,mmol/mol,mmol/mol,mmol/mol,mmol/mol,mmol/mol,mmol/mol,mmol/mol,mmol/mol,mmol/mol,mmol/mol,mm,mm,mm,mg,mg,%,ppb,ppb (2-sigma uncertainty),ppt,ppt (2-sigma uncertainty),ppt,ppt (2-sigma uncertainty),activity ratio,activity ratio (2-sigma uncertainty),activity ratio,activity ratio (2-sigma uncertainty),activity ratio,activity ratio (2-sigma uncertainty),activity ratio,activity ratio (2-sigma uncertainty),m,m,m,per mille,degrees decimal,degrees decimal,meters a.s.l. ,year,year,year,year,year,year,year,year,1,10.1038/srep24374,"Kathayat, G., Cheng, H., Sinha, A., Spötl, C., Edwards, R. L., Zhang, H., Li, X., Yi, L., Ning, Y., Cai, Y., Lui, W. L. and Breitenbach, S. F. M.: Indian monsoon variability on millennial-orbital timescales, Sci. Rep., 6(1), 2016.",NOAA,"d13C, d18O, mineralogy_petrology_fabric"
1,Bittoo cave,30.7903,77.7764,3000.0,yes,,5,BT-2.4,current,,1-BT24,from top,limestone,Pleistocene,discontinuous carbonate,unknown,unknown,"closed forest, evergreen needle leaf",unknown,30.0,no,no,32.4,stalagmite,unknown,,yes,yes,Vienna-PDB,unknown,,no,no,yes,no,no,no,no,no,,,,,no,,,,,no,,,,,no,,,,,no,,,,,no,,,no,,no,"Cheng, Hai",https://www.ncdc.noaa.gov/paleo/study/20449,169.2,,289775,,,,,,,,,,,,,,,,,,,,,,,,,,,,,,,,,,,,,,,,,,,,169.2,calcite,not applicable,,,,,,,,,,,,,,-4.99,0.08,-8.68,0.04,185721.19172,,,StalAge,not applicable,not applicable,185889.1781,705.5237986,672.8419488,185959.8703,1476.479835,1405.923561,185812.0,747.6,725.75,186187.19,1119.94801,962.497124,,,,185870.4306,785.3970386,742.0124999,185638.6922,920.5288013,729.1744874,,Calibrated radiocarbon years BP,per mille,per mille,per mille,per mille,mol/mol,mol/mol,mmol/mol,mmol/mol,mmol/mol,mmol/mol,mmol/mol,mmol/mol,mmol/mol,mmol/mol,mmol/mol,mmol/mol,mm,mm,mm,mg,mg,%,ppb,ppb (2-sigma uncertainty),ppt,ppt (2-sigma uncertainty),ppt,ppt (2-sigma uncertainty),activity ratio,activity ratio (2-sigma uncertainty),activity ratio,activity ratio (2-sigma uncertainty),activity ratio,activity ratio (2-sigma uncertainty),activity ratio,activity ratio (2-sigma uncertainty),m,m,m,per mille,degrees decimal,degrees decimal,meters a.s.l. ,year,year,year,year,year,year,year,year,1,10.1038/srep24374,"Kathayat, G., Cheng, H., Sinha, A., Spötl, C., Edwards, R. L., Zhang, H., Li, X., Yi, L., Ning, Y., Cai, Y., Lui, W. L. and Breitenbach, S. F. M.: Indian monsoon variability on millennial-orbital timescales, Sci. Rep., 6(1), 2016.",NOAA,"d13C, d18O, mineralogy_petrology_fabric"
1,Bittoo cave,30.7903,77.7764,3000.0,yes,,5,BT-2.4,current,,1-BT24,from top,limestone,Pleistocene,discontinuous carbonate,unknown,unknown,"closed forest, evergreen needle leaf",unknown,30.0,no,no,32.4,stalagmite,unknown,,yes,yes,Vienna-PDB,unknown,,no,no,yes,no,no,no,no,no,,,,,no,,,,,no,,,,,no,,,,,no,,,,,no,,,no,,no,"Cheng, Hai",https://www.ncdc.noaa.gov/paleo/study/20449,170.4,,289776,,,,,,,,,,,,,,,,,,,,,,,,,,,,,,,,,,,,,,,,,,,,170.4,calcite,not applicable,,,,,,,,,,,,,,-4.59,0.08,-8.33,0.04,185722.77464,,,StalAge,not applicable,not applicable,185898.9064,707.4451492,664.8119211,186004.5855,1498.963492,1422.135728,185835.0,743.55,736.45,186227.3585,1135.838352,965.006512,,,,185883.2721,782.1606769,744.0557675,185662.2629,896.9580952,733.4526364,,Calibrated radiocarbon years BP,per mille,per mille,per mille,per mille,mol/mol,mol/mol,mmol/mol,mmol/mol,mmol/mol,mmol/mol,mmol/mol,mmol/mol,mmol/mol,mmol/mol,mmol/mol,mmol/mol,mm,mm,mm,mg,mg,%,ppb,ppb (2-sigma uncertainty),ppt,ppt (2-sigma uncertainty),ppt,ppt (2-sigma uncertainty),activity ratio,activity ratio (2-sigma uncertainty),activity ratio,activity ratio (2-sigma uncertainty),activity ratio,activity ratio (2-sigma uncertainty),activity ratio,activity ratio (2-sigma uncertainty),m,m,m,per mille,degrees decimal,degrees decimal,meters a.s.l. ,year,year,year,year,year,year,year,year,1,10.1038/srep24374,"Kathayat, G., Cheng, H., Sinha, A., Spötl, C., Edwards, R. L., Zhang, H., Li, X., Yi, L., Ning, Y., Cai, Y., Lui, W. L. and Breitenbach, S. F. M.: Indian monsoon variability on millennial-orbital timescales, Sci. Rep., 6(1), 2016.",NOAA,"d13C, d18O, mineralogy_petrology_fabric"
1,Bittoo cave,30.7903,77.7764,3000.0,yes,,5,BT-2.4,current,,1-BT24,from top,limestone,Pleistocene,discontinuous carbonate,unknown,unknown,"closed forest, evergreen needle leaf",unknown,30.0,no,no,32.4,stalagmite,unknown,,yes,yes,Vienna-PDB,unknown,,no,no,yes,no,no,no,no,no,,,,,no,,,,,no,,,,,no,,,,,no,,,,,no,,,no,,no,"Cheng, Hai",https://www.ncdc.noaa.gov/paleo/study/20449,171.6,,289777,,,,,,,,,,,,,,,,,,,,,,,,,,,,,,,,,,,,,,,,,,,,171.6,calcite,not applicable,,,,,,,,,,,,,,-4.36,0.08,-8.38,0.04,185724.35756,,,StalAge,not applicable,not applicable,185916.3705,698.2557982,672.3717819,186054.4669,1516.564386,1442.850208,185854.0,738.3,742.15,186269.7611,1145.08562,962.7668108,,,,185891.9056,786.3695784,739.1684484,185692.8256,866.3954493,746.6607927,,Calibrated radiocarbon years BP,per mille,per mille,per mille,per mille,mol/mol,mol/mol,mmol/mol,mmol/mol,mmol/mol,mmol/mol,mmol/mol,mmol/mol,mmol/mol,mmol/mol,mmol/mol,mmol/mol,mm,mm,mm,mg,mg,%,ppb,ppb (2-sigma uncertainty),ppt,ppt (2-sigma uncertainty),ppt,ppt (2-sigma uncertainty),activity ratio,activity ratio (2-sigma uncertainty),activity ratio,activity ratio (2-sigma uncertainty),activity ratio,activity ratio (2-sigma uncertainty),activity ratio,activity ratio (2-sigma uncertainty),m,m,m,per mille,degrees decimal,degrees decimal,meters a.s.l. ,year,year,year,year,year,year,year,year,1,10.1038/srep24374,"Kathayat, G., Cheng, H., Sinha, A., Spötl, C., Edwards, R. L., Zhang, H., Li, X., Yi, L., Ning, Y., Cai, Y., Lui, W. L. and Breitenbach, S. F. M.: Indian monsoon variability on millennial-orbital timescales, Sci. Rep., 6(1), 2016.",NOAA,"d13C, d18O, mineralogy_petrology_fabric"
1,Bittoo cave,30.7903,77.7764,3000.0,yes,,5,BT-2.4,current,,1-BT24,from top,limestone,Pleistocene,discontinuous carbonate,unknown,unknown,"closed forest, evergreen needle leaf",unknown,30.0,no,no,32.4,stalagmite,unknown,,yes,yes,Vienna-PDB,unknown,,no,no,yes,no,no,no,no,no,,,,,no,,,,,no,,,,,no,,,,,no,,,,,no,,,no,,no,"Cheng, Hai",https://www.ncdc.noaa.gov/paleo/study/20449,172.8,,289778,,,,,,,,,,,,,,,,,,,,,,,,,,,,,,,,,,,,,,,,,,,,172.8,calcite,not applicable,,,,,,,,,,,,,,-4.5,0.08,-8.48,0.04,185725.94048,,,StalAge,not applicable,not applicable,185931.3724,696.2078056,664.9709561,186101.1823,1535.345091,1462.319469,185870.5,749.7,742.55,186311.3917,1152.570464,966.8936688,,,,185898.4799,791.4122565,729.8205466,185726.3511,838.0536335,761.2102009,,Calibrated radiocarbon years BP,per mille,per mille,per mille,per mille,mol/mol,mol/mol,mmol/mol,mmol/mol,mmol/mol,mmol/mol,mmol/mol,mmol/mol,mmol/mol,mmol/mol,mmol/mol,mmol/mol,mm,mm,mm,mg,mg,%,ppb,ppb (2-sigma uncertainty),ppt,ppt (2-sigma uncertainty),ppt,ppt (2-sigma uncertainty),activity ratio,activity ratio (2-sigma uncertainty),activity ratio,activity ratio (2-sigma uncertainty),activity ratio,activity ratio (2-sigma uncertainty),activity ratio,activity ratio (2-sigma uncertainty),m,m,m,per mille,degrees decimal,degrees decimal,meters a.s.l. ,year,year,year,year,year,year,year,year,1,10.1038/srep24374,"Kathayat, G., Cheng, H., Sinha, A., Spötl, C., Edwards, R. L., Zhang, H., Li, X., Yi, L., Ning, Y., Cai, Y., Lui, W. L. and Breitenbach, S. F. M.: Indian monsoon variability on millennial-orbital timescales, Sci. Rep., 6(1), 2016.",NOAA,"d13C, d18O, mineralogy_petrology_fabric"
1,Bittoo cave,30.7903,77.7764,3000.0,yes,,5,BT-2.4,current,,1-BT24,from top,limestone,Pleistocene,discontinuous carbonate,unknown,unknown,"closed forest, evergreen needle leaf",unknown,30.0,no,no,32.4,stalagmite,unknown,,yes,yes,Vienna-PDB,unknown,,no,no,yes,no,no,no,no,no,,,,,no,,,,,no,,,,,no,,,,,no,,,,,no,,,no,,no,"Cheng, Hai",https://www.ncdc.noaa.gov/paleo/study/20449,174.0,,289779,,,,,,,,,,,,,,,,,,,,,,,,,,,,,,,,,,,,,,,,,,,,174.0,calcite,not applicable,,,,,,,,,,,,,,-4.22,0.08,-8.42,0.04,185727.5234,,,StalAge,not applicable,not applicable,185942.9121,697.4814844,661.8399644,186146.8374,1555.186029,1480.943771,185893.0,756.1,753.05,186350.0558,1167.39962,968.32885,,,,185905.5451,789.9325098,722.2833763,185758.7777,819.469403,770.5983495,,Calibrated radiocarbon years BP,per mille,per mille,per mille,per mille,mol/mol,mol/mol,mmol/mol,mmol/mol,mmol/mol,mmol/mol,mmol/mol,mmol/mol,mmol/mol,mmol/mol,mmol/mol,mmol/mol,mm,mm,mm,mg,mg,%,ppb,ppb (2-sigma uncertainty),ppt,ppt (2-sigma uncertainty),ppt,ppt (2-sigma uncertainty),activity ratio,activity ratio (2-sigma uncertainty),activity ratio,activity ratio (2-sigma uncertainty),activity ratio,activity ratio (2-sigma uncertainty),activity ratio,activity ratio (2-sigma uncertainty),m,m,m,per mille,degrees decimal,degrees decimal,meters a.s.l. ,year,year,year,year,year,year,year,year,1,10.1038/srep24374,"Kathayat, G., Cheng, H., Sinha, A., Spötl, C., Edwards, R. L., Zhang, H., Li, X., Yi, L., Ning, Y., Cai, Y., Lui, W. L. and Breitenbach, S. F. M.: Indian monsoon variability on millennial-orbital timescales, Sci. Rep., 6(1), 2016.",NOAA,"d13C, d18O, mineralogy_petrology_fabric"
1,Bittoo cave,30.7903,77.7764,3000.0,yes,,5,BT-2.4,current,,1-BT24,from top,limestone,Pleistocene,discontinuous carbonate,unknown,unknown,"closed forest, evergreen needle leaf",unknown,30.0,no,no,32.4,stalagmite,unknown,,yes,yes,Vienna-PDB,unknown,,no,no,yes,no,no,no,no,no,,,,,no,,,,,no,,,,,no,,,,,no,,,,,no,,,no,,no,"Cheng, Hai",https://www.ncdc.noaa.gov/paleo/study/20449,174.6,,289780,,,,,,,,,,,,,,,,,,,,,,,,,,,,,,,,,,,,,,,,,,,,174.6,calcite,not applicable,,,,,,,,,,,,,,-4.93,0.08,-8.5,0.04,185728.31486,,,StalAge,not applicable,not applicable,185947.4777,694.8948703,664.082756,186169.3621,1565.40939,1488.104755,185904.5,762.5,760.55,186370.0574,1175.056859,970.546148,,,,185910.7348,795.9141932,716.4209874,185774.0788,814.2639973,772.9747384,,Calibrated radiocarbon years BP,per mille,per mille,per mille,per mille,mol/mol,mol/mol,mmol/mol,mmol/mol,mmol/mol,mmol/mol,mmol/mol,mmol/mol,mmol/mol,mmol/mol,mmol/mol,mmol/mol,mm,mm,mm,mg,mg,%,ppb,ppb (2-sigma uncertainty),ppt,ppt (2-sigma uncertainty),ppt,ppt (2-sigma uncertainty),activity ratio,activity ratio (2-sigma uncertainty),activity ratio,activity ratio (2-sigma uncertainty),activity ratio,activity ratio (2-sigma uncertainty),activity ratio,activity ratio (2-sigma uncertainty),m,m,m,per mille,degrees decimal,degrees decimal,meters a.s.l. ,year,year,year,year,year,year,year,year,1,10.1038/srep24374,"Kathayat, G., Cheng, H., Sinha, A., Spötl, C., Edwards, R. L., Zhang, H., Li, X., Yi, L., Ning, Y., Cai, Y., Lui, W. L. and Breitenbach, S. F. M.: Indian monsoon variability on millennial-orbital timescales, Sci. Rep., 6(1), 2016.",NOAA,"d13C, d18O, mineralogy_petrology_fabric"
1,Bittoo cave,30.7903,77.7764,3000.0,yes,,5,BT-2.4,current,,1-BT24,from top,limestone,Pleistocene,discontinuous carbonate,unknown,unknown,"closed forest, evergreen needle leaf",unknown,30.0,no,no,32.4,stalagmite,unknown,,yes,yes,Vienna-PDB,unknown,,no,no,yes,no,no,no,no,no,,,,,no,,,,,no,,,,,no,,,,,no,,,,,no,,,no,,no,"Cheng, Hai",https://www.ncdc.noaa.gov/paleo/study/20449,175.2,,289781,,,,,,,,,,,,,,,,,,,,,,,,,,,,,,,,,,,,,,,,,,,,175.2,calcite,not applicable,,,,,,,,,,,,,,-5.26,0.08,-8.72,0.04,185729.10632,,,StalAge,not applicable,not applicable,185953.5902,697.1190338,663.163947,186193.3472,1573.941196,1495.572775,185913.0,769.05,764.15,186388.7467,1179.026436,975.029512,,,,185916.0352,797.2556906,712.9225373,185789.4826,810.0796409,775.5831046,,Calibrated radiocarbon years BP,per mille,per mille,per mille,per mille,mol/mol,mol/mol,mmol/mol,mmol/mol,mmol/mol,mmol/mol,mmol/mol,mmol/mol,mmol/mol,mmol/mol,mmol/mol,mmol/mol,mm,mm,mm,mg,mg,%,ppb,ppb (2-sigma uncertainty),ppt,ppt (2-sigma uncertainty),ppt,ppt (2-sigma uncertainty),activity ratio,activity ratio (2-sigma uncertainty),activity ratio,activity ratio (2-sigma uncertainty),activity ratio,activity ratio (2-sigma uncertainty),activity ratio,activity ratio (2-sigma uncertainty),m,m,m,per mille,degrees decimal,degrees decimal,meters a.s.l. ,year,year,year,year,year,year,year,year,1,10.1038/srep24374,"Kathayat, G., Cheng, H., Sinha, A., Spötl, C., Edwards, R. L., Zhang, H., Li, X., Yi, L., Ning, Y., Cai, Y., Lui, W. L. and Breitenbach, S. F. M.: Indian monsoon variability on millennial-orbital timescales, Sci. Rep., 6(1), 2016.",NOAA,"d13C, d18O, mineralogy_petrology_fabric"
1,Bittoo cave,30.7903,77.7764,3000.0,yes,,5,BT-2.4,current,,1-BT24,from top,limestone,Pleistocene,discontinuous carbonate,unknown,unknown,"closed forest, evergreen needle leaf",unknown,30.0,no,no,32.4,stalagmite,unknown,,yes,yes,Vienna-PDB,unknown,,no,no,yes,no,no,no,no,no,,,,,no,,,,,no,,,,,no,,,,,no,,,,,no,,,no,,no,"Cheng, Hai",https://www.ncdc.noaa.gov/paleo/study/20449,176.4,,289782,,,,,,,,,,,,,,,,,,,,,,,,,,,,,,,,,,,,,,,,,,,,176.4,calcite,not applicable,,,,,,,,,,,,,,-4.54,0.08,-8.57,0.04,185730.68924,,,StalAge,not applicable,not applicable,185964.9881,700.3353028,661.5729444,186240.4856,1591.429386,1514.672887,185930.0,776.25,764.4,186429.032,1184.305651,979.420586,,,,185927.5287,789.8979521,706.3766783,185822.7496,821.0065106,786.6142608,,Calibrated radiocarbon years BP,per mille,per mille,per mille,per mille,mol/mol,mol/mol,mmol/mol,mmol/mol,mmol/mol,mmol/mol,mmol/mol,mmol/mol,mmol/mol,mmol/mol,mmol/mol,mmol/mol,mm,mm,mm,mg,mg,%,ppb,ppb (2-sigma uncertainty),ppt,ppt (2-sigma uncertainty),ppt,ppt (2-sigma uncertainty),activity ratio,activity ratio (2-sigma uncertainty),activity ratio,activity ratio (2-sigma uncertainty),activity ratio,activity ratio (2-sigma uncertainty),activity ratio,activity ratio (2-sigma uncertainty),m,m,m,per mille,degrees decimal,degrees decimal,meters a.s.l. ,year,year,year,year,year,year,year,year,1,10.1038/srep24374,"Kathayat, G., Cheng, H., Sinha, A., Spötl, C., Edwards, R. L., Zhang, H., Li, X., Yi, L., Ning, Y., Cai, Y., Lui, W. L. and Breitenbach, S. F. M.: Indian monsoon variability on millennial-orbital timescales, Sci. Rep., 6(1), 2016.",NOAA,"d13C, d18O, mineralogy_petrology_fabric"
1,Bittoo cave,30.7903,77.7764,3000.0,yes,,5,BT-2.4,current,,1-BT24,from top,limestone,Pleistocene,discontinuous carbonate,unknown,unknown,"closed forest, evergreen needle leaf",unknown,30.0,no,no,32.4,stalagmite,unknown,,yes,yes,Vienna-PDB,unknown,,no,no,yes,no,no,no,no,no,,,,,no,,,,,no,,,,,no,,,,,no,,,,,no,,,no,,no,"Cheng, Hai",https://www.ncdc.noaa.gov/paleo/study/20449,177.6,,289783,,,,,,,,,,,,,,,,,,,,,,,,,,,,,,,,,,,,,,,,,,,,177.6,calcite,not applicable,,,,,,,,,,,,,,-4.32,0.08,-8.6,0.04,185732.27216,,,StalAge,not applicable,not applicable,185980.2082,694.2403559,668.8211907,186288.8345,1607.793348,1534.950095,185946.5,772.95,772.55,186468.68,1196.330304,982.414984,,,,185939.5893,789.4064463,705.0251926,185858.1898,830.7226779,801.7629465,,Calibrated radiocarbon years BP,per mille,per mille,per mille,per mille,mol/mol,mol/mol,mmol/mol,mmol/mol,mmol/mol,mmol/mol,mmol/mol,mmol/mol,mmol/mol,mmol/mol,mmol/mol,mmol/mol,mm,mm,mm,mg,mg,%,ppb,ppb (2-sigma uncertainty),ppt,ppt (2-sigma uncertainty),ppt,ppt (2-sigma uncertainty),activity ratio,activity ratio (2-sigma uncertainty),activity ratio,activity ratio (2-sigma uncertainty),activity ratio,activity ratio (2-sigma uncertainty),activity ratio,activity ratio (2-sigma uncertainty),m,m,m,per mille,degrees decimal,degrees decimal,meters a.s.l. ,year,year,year,year,year,year,year,year,1,10.1038/srep24374,"Kathayat, G., Cheng, H., Sinha, A., Spötl, C., Edwards, R. L., Zhang, H., Li, X., Yi, L., Ning, Y., Cai, Y., Lui, W. L. and Breitenbach, S. F. M.: Indian monsoon variability on millennial-orbital timescales, Sci. Rep., 6(1), 2016.",NOAA,"d13C, d18O, mineralogy_petrology_fabric"
1,Bittoo cave,30.7903,77.7764,3000.0,yes,,5,BT-2.4,current,,1-BT24,from top,limestone,Pleistocene,discontinuous carbonate,unknown,unknown,"closed forest, evergreen needle leaf",unknown,30.0,no,no,32.4,stalagmite,unknown,,yes,yes,Vienna-PDB,unknown,,no,no,yes,no,no,no,no,no,,,,,no,,,,,no,,,,,no,,,,,no,,,,,no,,,no,,no,"Cheng, Hai",https://www.ncdc.noaa.gov/paleo/study/20449,178.8,,289784,,,,,,,,,,,,,,,,,,,,,,,,,,,,,,,,,,,,,,,,,,,,178.8,calcite,not applicable,,,,,,,,,,,,,,-4.78,0.08,-8.73,0.04,185733.85508,,,StalAge,not applicable,not applicable,185996.1574,698.6564214,670.825423,186336.0654,1628.590659,1553.676879,185961.0,769.2,780.1,186506.0602,1222.79,987.3812544,,,,185950.4888,793.2791083,707.9109347,185892.4745,843.4905012,812.892653,,Calibrated radiocarbon years BP,per mille,per mille,per mille,per mille,mol/mol,mol/mol,mmol/mol,mmol/mol,mmol/mol,mmol/mol,mmol/mol,mmol/mol,mmol/mol,mmol/mol,mmol/mol,mmol/mol,mm,mm,mm,mg,mg,%,ppb,ppb (2-sigma uncertainty),ppt,ppt (2-sigma uncertainty),ppt,ppt (2-sigma uncertainty),activity ratio,activity ratio (2-sigma uncertainty),activity ratio,activity ratio (2-sigma uncertainty),activity ratio,activity ratio (2-sigma uncertainty),activity ratio,activity ratio (2-sigma uncertainty),m,m,m,per mille,degrees decimal,degrees decimal,meters a.s.l. ,year,year,year,year,year,year,year,year,1,10.1038/srep24374,"Kathayat, G., Cheng, H., Sinha, A., Spötl, C., Edwards, R. L., Zhang, H., Li, X., Yi, L., Ning, Y., Cai, Y., Lui, W. L. and Breitenbach, S. F. M.: Indian monsoon variability on millennial-orbital timescales, Sci. Rep., 6(1), 2016.",NOAA,"d13C, d18O, mineralogy_petrology_fabric"
1,Bittoo cave,30.7903,77.7764,3000.0,yes,,5,BT-2.4,current,,1-BT24,from top,limestone,Pleistocene,discontinuous carbonate,unknown,unknown,"closed forest, evergreen needle leaf",unknown,30.0,no,no,32.4,stalagmite,unknown,,yes,yes,Vienna-PDB,unknown,,no,no,yes,no,no,no,no,no,,,,,no,,,,,no,,,,,no,,,,,no,,,,,no,,,no,,no,"Cheng, Hai",https://www.ncdc.noaa.gov/paleo/study/20449,180.0,,289785,,,,,,,,,,,,,,,,,,,,,,,,,,,,,,,,,,,,,,,,,,,,180.0,calcite,not applicable,,,,,,,,,,,,,,-4.49,0.08,-8.13,0.04,185735.438,,,StalAge,not applicable,not applicable,186009.6392,710.62681,676.7427288,186382.2607,1644.660937,1570.341889,185976.0,770.2,789.05,186546.554,1236.3074,994.40501,,,,185960.8939,799.905309,712.5882174,185923.7498,861.8593738,821.2418621,,Calibrated radiocarbon years BP,per mille,per mille,per mille,per mille,mol/mol,mol/mol,mmol/mol,mmol/mol,mmol/mol,mmol/mol,mmol/mol,mmol/mol,mmol/mol,mmol/mol,mmol/mol,mmol/mol,mm,mm,mm,mg,mg,%,ppb,ppb (2-sigma uncertainty),ppt,ppt (2-sigma uncertainty),ppt,ppt (2-sigma uncertainty),activity ratio,activity ratio (2-sigma uncertainty),activity ratio,activity ratio (2-sigma uncertainty),activity ratio,activity ratio (2-sigma uncertainty),activity ratio,activity ratio (2-sigma uncertainty),m,m,m,per mille,degrees decimal,degrees decimal,meters a.s.l. ,year,year,year,year,year,year,year,year,1,10.1038/srep24374,"Kathayat, G., Cheng, H., Sinha, A., Spötl, C., Edwards, R. L., Zhang, H., Li, X., Yi, L., Ning, Y., Cai, Y., Lui, W. L. and Breitenbach, S. F. M.: Indian monsoon variability on millennial-orbital timescales, Sci. Rep., 6(1), 2016.",NOAA,"d13C, d18O, mineralogy_petrology_fabric"
1,Bittoo cave,30.7903,77.7764,3000.0,yes,,5,BT-2.4,current,,1-BT24,from top,limestone,Pleistocene,discontinuous carbonate,unknown,unknown,"closed forest, evergreen needle leaf",unknown,30.0,no,no,32.4,stalagmite,unknown,,yes,yes,Vienna-PDB,unknown,,no,no,yes,no,no,no,no,no,,,,,no,,,,,no,,,,,no,,,,,no,,,,,no,,,no,,no,"Cheng, Hai",https://www.ncdc.noaa.gov/paleo/study/20449,181.2,,289786,,,,,,,,,,,,,,,,,,,,,,,,,,,,,,,,,,,,,,,,,,,,181.2,calcite,not applicable,,,,,,,,,,,,,,-5.61,0.08,-8.89,0.04,185737.02092,,,StalAge,not applicable,not applicable,186026.6299,714.82523,680.0729088,186429.626,1661.399037,1587.654997,185990.5,773.6,792.55,186590.1952,1234.88521,995.471234,,,,185971.3795,803.6852386,700.4294522,185953.1257,882.7520845,830.3100505,,Calibrated radiocarbon years BP,per mille,per mille,per mille,per mille,mol/mol,mol/mol,mmol/mol,mmol/mol,mmol/mol,mmol/mol,mmol/mol,mmol/mol,mmol/mol,mmol/mol,mmol/mol,mmol/mol,mm,mm,mm,mg,mg,%,ppb,ppb (2-sigma uncertainty),ppt,ppt (2-sigma uncertainty),ppt,ppt (2-sigma uncertainty),activity ratio,activity ratio (2-sigma uncertainty),activity ratio,activity ratio (2-sigma uncertainty),activity ratio,activity ratio (2-sigma uncertainty),activity ratio,activity ratio (2-sigma uncertainty),m,m,m,per mille,degrees decimal,degrees decimal,meters a.s.l. ,year,year,year,year,year,year,year,year,1,10.1038/srep24374,"Kathayat, G., Cheng, H., Sinha, A., Spötl, C., Edwards, R. L., Zhang, H., Li, X., Yi, L., Ning, Y., Cai, Y., Lui, W. L. and Breitenbach, S. F. M.: Indian monsoon variability on millennial-orbital timescales, Sci. Rep., 6(1), 2016.",NOAA,"d13C, d18O, mineralogy_petrology_fabric"
1,Bittoo cave,30.7903,77.7764,3000.0,yes,,5,BT-2.4,current,,1-BT24,from top,limestone,Pleistocene,discontinuous carbonate,unknown,unknown,"closed forest, evergreen needle leaf",unknown,30.0,no,no,32.4,stalagmite,unknown,,yes,yes,Vienna-PDB,unknown,,no,no,yes,no,no,no,no,no,,,,,no,,,,,no,,,,,no,,,,,no,,,,,no,,,no,,no,"Cheng, Hai",https://www.ncdc.noaa.gov/paleo/study/20449,182.4,,289787,,,,,,,,,,,,,,,,,,,,,,,,,,,,,,,,,,,,,,,,,,,,182.4,calcite,not applicable,,,,,,,,,,,,,,-5.14,0.08,-8.67,0.04,185738.60384,,,StalAge,not applicable,not applicable,186043.5909,717.239281,688.0884913,186478.9206,1677.262597,1609.748555,186012.0,772.6,798.05,186631.9178,1238.413438,993.663396,,,,185981.7555,807.7065916,698.9287771,185985.2349,896.7592873,843.0637216,,Calibrated radiocarbon years BP,per mille,per mille,per mille,per mille,mol/mol,mol/mol,mmol/mol,mmol/mol,mmol/mol,mmol/mol,mmol/mol,mmol/mol,mmol/mol,mmol/mol,mmol/mol,mmol/mol,mm,mm,mm,mg,mg,%,ppb,ppb (2-sigma uncertainty),ppt,ppt (2-sigma uncertainty),ppt,ppt (2-sigma uncertainty),activity ratio,activity ratio (2-sigma uncertainty),activity ratio,activity ratio (2-sigma uncertainty),activity ratio,activity ratio (2-sigma uncertainty),activity ratio,activity ratio (2-sigma uncertainty),m,m,m,per mille,degrees decimal,degrees decimal,meters a.s.l. ,year,year,year,year,year,year,year,year,1,10.1038/srep24374,"Kathayat, G., Cheng, H., Sinha, A., Spötl, C., Edwards, R. L., Zhang, H., Li, X., Yi, L., Ning, Y., Cai, Y., Lui, W. L. and Breitenbach, S. F. M.: Indian monsoon variability on millennial-orbital timescales, Sci. Rep., 6(1), 2016.",NOAA,"d13C, d18O, mineralogy_petrology_fabric"
1,Bittoo cave,30.7903,77.7764,3000.0,yes,,5,BT-2.4,current,,1-BT24,from top,limestone,Pleistocene,discontinuous carbonate,unknown,unknown,"closed forest, evergreen needle leaf",unknown,30.0,no,no,32.4,stalagmite,unknown,,yes,yes,Vienna-PDB,unknown,,no,no,yes,no,no,no,no,no,,,,,no,,,,,no,,,,,no,,,,,no,,,,,no,,,no,,no,"Cheng, Hai",https://www.ncdc.noaa.gov/paleo/study/20449,183.6,,289788,,,,,,,,,,,,,,,,,,,,,,,,,,,,,,,,,,,,,,,,,,,,183.6,calcite,not applicable,,,,,,,,,,,,,,-5.33,0.08,-8.88,0.04,185740.18676,,,StalAge,not applicable,not applicable,186056.0718,716.8105945,690.2359699,186526.8074,1694.693254,1631.201153,186029.5,780.65,805.65,186675.978,1239.635025,1003.743076,,,,185992.5533,811.2938531,696.2447502,186019.3041,907.2708846,858.4024752,,Calibrated radiocarbon years BP,per mille,per mille,per mille,per mille,mol/mol,mol/mol,mmol/mol,mmol/mol,mmol/mol,mmol/mol,mmol/mol,mmol/mol,mmol/mol,mmol/mol,mmol/mol,mmol/mol,mm,mm,mm,mg,mg,%,ppb,ppb (2-sigma uncertainty),ppt,ppt (2-sigma uncertainty),ppt,ppt (2-sigma uncertainty),activity ratio,activity ratio (2-sigma uncertainty),activity ratio,activity ratio (2-sigma uncertainty),activity ratio,activity ratio (2-sigma uncertainty),activity ratio,activity ratio (2-sigma uncertainty),m,m,m,per mille,degrees decimal,degrees decimal,meters a.s.l. ,year,year,year,year,year,year,year,year,1,10.1038/srep24374,"Kathayat, G., Cheng, H., Sinha, A., Spötl, C., Edwards, R. L., Zhang, H., Li, X., Yi, L., Ning, Y., Cai, Y., Lui, W. L. and Breitenbach, S. F. M.: Indian monsoon variability on millennial-orbital timescales, Sci. Rep., 6(1), 2016.",NOAA,"d13C, d18O, mineralogy_petrology_fabric"
1,Bittoo cave,30.7903,77.7764,3000.0,yes,,5,BT-2.4,current,,1-BT24,from top,limestone,Pleistocene,discontinuous carbonate,unknown,unknown,"closed forest, evergreen needle leaf",unknown,30.0,no,no,32.4,stalagmite,unknown,,yes,yes,Vienna-PDB,unknown,,no,no,yes,no,no,no,no,no,,,,,no,,,,,no,,,,,no,,,,,no,,,,,no,,,no,,no,"Cheng, Hai",https://www.ncdc.noaa.gov/paleo/study/20449,184.8,,289789,,,,,,,,,,,,,,,,,,,,,,,,,,,,,,,,,,,,,,,,,,,,184.8,calcite,not applicable,,,,,,,,,,,,,,-5.06,0.08,-8.36,0.04,185741.76968,,,StalAge,not applicable,not applicable,186067.7638,726.7709964,689.9410299,186572.4213,1714.98274,1648.439154,186045.0,780.55,810.5,186714.6489,1248.555148,1010.542576,,,,186009.121,802.7067811,707.8848452,186051.8664,923.7995745,873.6445476,,Calibrated radiocarbon years BP,per mille,per mille,per mille,per mille,mol/mol,mol/mol,mmol/mol,mmol/mol,mmol/mol,mmol/mol,mmol/mol,mmol/mol,mmol/mol,mmol/mol,mmol/mol,mmol/mol,mm,mm,mm,mg,mg,%,ppb,ppb (2-sigma uncertainty),ppt,ppt (2-sigma uncertainty),ppt,ppt (2-sigma uncertainty),activity ratio,activity ratio (2-sigma uncertainty),activity ratio,activity ratio (2-sigma uncertainty),activity ratio,activity ratio (2-sigma uncertainty),activity ratio,activity ratio (2-sigma uncertainty),m,m,m,per mille,degrees decimal,degrees decimal,meters a.s.l. ,year,year,year,year,year,year,year,year,1,10.1038/srep24374,"Kathayat, G., Cheng, H., Sinha, A., Spötl, C., Edwards, R. L., Zhang, H., Li, X., Yi, L., Ning, Y., Cai, Y., Lui, W. L. and Breitenbach, S. F. M.: Indian monsoon variability on millennial-orbital timescales, Sci. Rep., 6(1), 2016.",NOAA,"d13C, d18O, mineralogy_petrology_fabric"
1,Bittoo cave,30.7903,77.7764,3000.0,yes,,5,BT-2.4,current,,1-BT24,from top,limestone,Pleistocene,discontinuous carbonate,unknown,unknown,"closed forest, evergreen needle leaf",unknown,30.0,no,no,32.4,stalagmite,unknown,,yes,yes,Vienna-PDB,unknown,,no,no,yes,no,no,no,no,no,,,,,no,,,,,no,,,,,no,,,,,no,,,,,no,,,no,,no,"Cheng, Hai",https://www.ncdc.noaa.gov/paleo/study/20449,186.0,,289790,,,,,,,,,,,,,,,,,,,,,,,,,,,,,,,,,,,,,,,,,,,,186.0,calcite,not applicable,,,,,,,,,,,,,,-5.24,0.08,-8.77,0.04,185743.3526,,,StalAge,not applicable,not applicable,186081.2726,728.7135058,695.5307085,186620.0641,1735.783342,1664.642819,186063.5,776.35,819.95,186758.4544,1249.989718,1013.87242,,,,186019.8704,797.8934117,710.8868116,186083.4586,945.7724147,890.161475,,Calibrated radiocarbon years BP,per mille,per mille,per mille,per mille,mol/mol,mol/mol,mmol/mol,mmol/mol,mmol/mol,mmol/mol,mmol/mol,mmol/mol,mmol/mol,mmol/mol,mmol/mol,mmol/mol,mm,mm,mm,mg,mg,%,ppb,ppb (2-sigma uncertainty),ppt,ppt (2-sigma uncertainty),ppt,ppt (2-sigma uncertainty),activity ratio,activity ratio (2-sigma uncertainty),activity ratio,activity ratio (2-sigma uncertainty),activity ratio,activity ratio (2-sigma uncertainty),activity ratio,activity ratio (2-sigma uncertainty),m,m,m,per mille,degrees decimal,degrees decimal,meters a.s.l. ,year,year,year,year,year,year,year,year,1,10.1038/srep24374,"Kathayat, G., Cheng, H., Sinha, A., Spötl, C., Edwards, R. L., Zhang, H., Li, X., Yi, L., Ning, Y., Cai, Y., Lui, W. L. and Breitenbach, S. F. M.: Indian monsoon variability on millennial-orbital timescales, Sci. Rep., 6(1), 2016.",NOAA,"d13C, d18O, mineralogy_petrology_fabric"
1,Bittoo cave,30.7903,77.7764,3000.0,yes,,5,BT-2.4,current,,1-BT24,from top,limestone,Pleistocene,discontinuous carbonate,unknown,unknown,"closed forest, evergreen needle leaf",unknown,30.0,no,no,32.4,stalagmite,unknown,,yes,yes,Vienna-PDB,unknown,,no,no,yes,no,no,no,no,no,,,,,no,,,,,no,,,,,no,,,,,no,,,,,no,,,no,,no,"Cheng, Hai",https://www.ncdc.noaa.gov/paleo/study/20449,187.2,,289791,,,,,,,,,,,,,,,,,,,,,,,,,,,,,,,,,,,,,,,,,,,,187.2,calcite,not applicable,,,,,,,,,,,,,,-5.25,0.08,-8.56,0.04,185744.93552,,,StalAge,not applicable,not applicable,186094.7462,740.0940848,707.5183694,186666.8048,1757.486036,1679.55976,186081.0,782.15,829.4,186798.1611,1260.583872,1022.225278,,,,186031.0113,796.926995,713.6897068,186115.3806,968.3462257,908.4390764,,Calibrated radiocarbon years BP,per mille,per mille,per mille,per mille,mol/mol,mol/mol,mmol/mol,mmol/mol,mmol/mol,mmol/mol,mmol/mol,mmol/mol,mmol/mol,mmol/mol,mmol/mol,mmol/mol,mm,mm,mm,mg,mg,%,ppb,ppb (2-sigma uncertainty),ppt,ppt (2-sigma uncertainty),ppt,ppt (2-sigma uncertainty),activity ratio,activity ratio (2-sigma uncertainty),activity ratio,activity ratio (2-sigma uncertainty),activity ratio,activity ratio (2-sigma uncertainty),activity ratio,activity ratio (2-sigma uncertainty),m,m,m,per mille,degrees decimal,degrees decimal,meters a.s.l. ,year,year,year,year,year,year,year,year,1,10.1038/srep24374,"Kathayat, G., Cheng, H., Sinha, A., Spötl, C., Edwards, R. L., Zhang, H., Li, X., Yi, L., Ning, Y., Cai, Y., Lui, W. L. and Breitenbach, S. F. M.: Indian monsoon variability on millennial-orbital timescales, Sci. Rep., 6(1), 2016.",NOAA,"d13C, d18O, mineralogy_petrology_fabric"
1,Bittoo cave,30.7903,77.7764,3000.0,yes,,5,BT-2.4,current,,1-BT24,from top,limestone,Pleistocene,discontinuous carbonate,unknown,unknown,"closed forest, evergreen needle leaf",unknown,30.0,no,no,32.4,stalagmite,unknown,,yes,yes,Vienna-PDB,unknown,,no,no,yes,no,no,no,no,no,,,,,no,,,,,no,,,,,no,,,,,no,,,,,no,,,no,,no,"Cheng, Hai",https://www.ncdc.noaa.gov/paleo/study/20449,188.4,,289792,,,,,,,,,,,,,,,,,,,,,,,,,,,,,,,,,,,,,,,,,,,,188.4,calcite,not applicable,,,,,,,,,,,,,,-5.38,0.08,-9.06,0.04,185746.51844,,,StalAge,not applicable,not applicable,186105.4111,748.3196709,707.8414613,186713.9832,1778.751108,1694.039351,186097.0,779.4,836.3,186839.5388,1283.923754,1031.761032,,,,186045.8202,797.0178392,720.2974962,186148.4972,984.7017859,926.146373,,Calibrated radiocarbon years BP,per mille,per mille,per mille,per mille,mol/mol,mol/mol,mmol/mol,mmol/mol,mmol/mol,mmol/mol,mmol/mol,mmol/mol,mmol/mol,mmol/mol,mmol/mol,mmol/mol,mm,mm,mm,mg,mg,%,ppb,ppb (2-sigma uncertainty),ppt,ppt (2-sigma uncertainty),ppt,ppt (2-sigma uncertainty),activity ratio,activity ratio (2-sigma uncertainty),activity ratio,activity ratio (2-sigma uncertainty),activity ratio,activity ratio (2-sigma uncertainty),activity ratio,activity ratio (2-sigma uncertainty),m,m,m,per mille,degrees decimal,degrees decimal,meters a.s.l. ,year,year,year,year,year,year,year,year,1,10.1038/srep24374,"Kathayat, G., Cheng, H., Sinha, A., Spötl, C., Edwards, R. L., Zhang, H., Li, X., Yi, L., Ning, Y., Cai, Y., Lui, W. L. and Breitenbach, S. F. M.: Indian monsoon variability on millennial-orbital timescales, Sci. Rep., 6(1), 2016.",NOAA,"d13C, d18O, mineralogy_petrology_fabric"
1,Bittoo cave,30.7903,77.7764,3000.0,yes,,5,BT-2.4,current,,1-BT24,from top,limestone,Pleistocene,discontinuous carbonate,unknown,unknown,"closed forest, evergreen needle leaf",unknown,30.0,no,no,32.4,stalagmite,unknown,,yes,yes,Vienna-PDB,unknown,,no,no,yes,no,no,no,no,no,,,,,no,,,,,no,,,,,no,,,,,no,,,,,no,,,no,,no,"Cheng, Hai",https://www.ncdc.noaa.gov/paleo/study/20449,189.6,,289793,,,,,,,,,,,,,,,,,,,,,,,,,,,,,,,,,,,,,,,,,,,,189.6,calcite,not applicable,,,,,,,,,,,,,,-5.07,0.08,-8.75,0.04,185748.10136,,,StalAge,not applicable,not applicable,186117.4534,754.1065567,709.6342282,186761.6399,1799.537777,1708.997346,186113.5,777.55,842.55,186878.5902,1304.889076,1039.36876,,,,186062.3489,796.702558,724.2782158,186183.1709,995.8087158,942.5099632,,Calibrated radiocarbon years BP,per mille,per mille,per mille,per mille,mol/mol,mol/mol,mmol/mol,mmol/mol,mmol/mol,mmol/mol,mmol/mol,mmol/mol,mmol/mol,mmol/mol,mmol/mol,mmol/mol,mm,mm,mm,mg,mg,%,ppb,ppb (2-sigma uncertainty),ppt,ppt (2-sigma uncertainty),ppt,ppt (2-sigma uncertainty),activity ratio,activity ratio (2-sigma uncertainty),activity ratio,activity ratio (2-sigma uncertainty),activity ratio,activity ratio (2-sigma uncertainty),activity ratio,activity ratio (2-sigma uncertainty),m,m,m,per mille,degrees decimal,degrees decimal,meters a.s.l. ,year,year,year,year,year,year,year,year,1,10.1038/srep24374,"Kathayat, G., Cheng, H., Sinha, A., Spötl, C., Edwards, R. L., Zhang, H., Li, X., Yi, L., Ning, Y., Cai, Y., Lui, W. L. and Breitenbach, S. F. M.: Indian monsoon variability on millennial-orbital timescales, Sci. Rep., 6(1), 2016.",NOAA,"d13C, d18O, mineralogy_petrology_fabric"
1,Bittoo cave,30.7903,77.7764,3000.0,yes,,5,BT-2.4,current,,1-BT24,from top,limestone,Pleistocene,discontinuous carbonate,unknown,unknown,"closed forest, evergreen needle leaf",unknown,30.0,no,no,32.4,stalagmite,unknown,,yes,yes,Vienna-PDB,unknown,,no,no,yes,no,no,no,no,no,,,,,no,,,,,no,,,,,no,,,,,no,,,,,no,,,no,,no,"Cheng, Hai",https://www.ncdc.noaa.gov/paleo/study/20449,190.8,,289794,,,,,,,,,,,,,,,,,,,,,,,,,,,,,,,,,,,,,,,,,,,,190.8,calcite,not applicable,,,,,,,,,,,,,,-4.49,0.08,-8.68,0.04,185749.68428,,,StalAge,not applicable,not applicable,186128.2598,773.1347289,712.2374081,186806.8979,1822.723211,1725.643384,186132.0,783.45,852.1,186921.5972,1310.739644,1042.522502,,,,186080.0698,801.8078822,725.7935283,186218.8733,1007.459264,958.0101266,,Calibrated radiocarbon years BP,per mille,per mille,per mille,per mille,mol/mol,mol/mol,mmol/mol,mmol/mol,mmol/mol,mmol/mol,mmol/mol,mmol/mol,mmol/mol,mmol/mol,mmol/mol,mmol/mol,mm,mm,mm,mg,mg,%,ppb,ppb (2-sigma uncertainty),ppt,ppt (2-sigma uncertainty),ppt,ppt (2-sigma uncertainty),activity ratio,activity ratio (2-sigma uncertainty),activity ratio,activity ratio (2-sigma uncertainty),activity ratio,activity ratio (2-sigma uncertainty),activity ratio,activity ratio (2-sigma uncertainty),m,m,m,per mille,degrees decimal,degrees decimal,meters a.s.l. ,year,year,year,year,year,year,year,year,1,10.1038/srep24374,"Kathayat, G., Cheng, H., Sinha, A., Spötl, C., Edwards, R. L., Zhang, H., Li, X., Yi, L., Ning, Y., Cai, Y., Lui, W. L. and Breitenbach, S. F. M.: Indian monsoon variability on millennial-orbital timescales, Sci. Rep., 6(1), 2016.",NOAA,"d13C, d18O, mineralogy_petrology_fabric"
1,Bittoo cave,30.7903,77.7764,3000.0,yes,,5,BT-2.4,current,,1-BT24,from top,limestone,Pleistocene,discontinuous carbonate,unknown,unknown,"closed forest, evergreen needle leaf",unknown,30.0,no,no,32.4,stalagmite,unknown,,yes,yes,Vienna-PDB,unknown,,no,no,yes,no,no,no,no,no,,,,,no,,,,,no,,,,,no,,,,,no,,,,,no,,,no,,no,"Cheng, Hai",https://www.ncdc.noaa.gov/paleo/study/20449,192.0,,289795,,,,,,,,,,,,,,,,,,,,,,,,,,,,,,,,,,,,,,,,,,,,192.0,calcite,not applicable,,,,,,,,,,,,,,-4.41,0.08,-8.41,0.04,185751.2672,,,StalAge,not applicable,not applicable,186141.4892,795.585684,717.7373656,186855.9452,1842.119313,1745.902033,186150.0,797.35,859.05,186966.4473,1310.51387,1043.15431,,,,186091.222,808.1465954,716.0260397,186252.7768,1024.043525,973.4920153,,Calibrated radiocarbon years BP,per mille,per mille,per mille,per mille,mol/mol,mol/mol,mmol/mol,mmol/mol,mmol/mol,mmol/mol,mmol/mol,mmol/mol,mmol/mol,mmol/mol,mmol/mol,mmol/mol,mm,mm,mm,mg,mg,%,ppb,ppb (2-sigma uncertainty),ppt,ppt (2-sigma uncertainty),ppt,ppt (2-sigma uncertainty),activity ratio,activity ratio (2-sigma uncertainty),activity ratio,activity ratio (2-sigma uncertainty),activity ratio,activity ratio (2-sigma uncertainty),activity ratio,activity ratio (2-sigma uncertainty),m,m,m,per mille,degrees decimal,degrees decimal,meters a.s.l. ,year,year,year,year,year,year,year,year,1,10.1038/srep24374,"Kathayat, G., Cheng, H., Sinha, A., Spötl, C., Edwards, R. L., Zhang, H., Li, X., Yi, L., Ning, Y., Cai, Y., Lui, W. L. and Breitenbach, S. F. M.: Indian monsoon variability on millennial-orbital timescales, Sci. Rep., 6(1), 2016.",NOAA,"d13C, d18O, mineralogy_petrology_fabric"
1,Bittoo cave,30.7903,77.7764,3000.0,yes,,5,BT-2.4,current,,1-BT24,from top,limestone,Pleistocene,discontinuous carbonate,unknown,unknown,"closed forest, evergreen needle leaf",unknown,30.0,no,no,32.4,stalagmite,unknown,,yes,yes,Vienna-PDB,unknown,,no,no,yes,no,no,no,no,no,,,,,no,,,,,no,,,,,no,,,,,no,,,,,no,,,no,,no,"Cheng, Hai",https://www.ncdc.noaa.gov/paleo/study/20449,193.2,,289796,,,,,,,,,,,,,,,,,,,,,,,,,,,,,,,,,,,,,,,,,,,,193.2,calcite,not applicable,,,,,,,,,,,,,,-4.14,0.08,-8.56,0.04,185752.85012,,,StalAge,not applicable,not applicable,186157.0495,796.3894417,726.0675849,186904.0568,1862.451039,1762.312181,186173.0,798.4,875.05,187010.8684,1326.222182,1048.512224,,,,186102.7977,813.0481018,713.2026161,186285.1046,1044.389211,990.4928396,,Calibrated radiocarbon years BP,per mille,per mille,per mille,per mille,mol/mol,mol/mol,mmol/mol,mmol/mol,mmol/mol,mmol/mol,mmol/mol,mmol/mol,mmol/mol,mmol/mol,mmol/mol,mmol/mol,mm,mm,mm,mg,mg,%,ppb,ppb (2-sigma uncertainty),ppt,ppt (2-sigma uncertainty),ppt,ppt (2-sigma uncertainty),activity ratio,activity ratio (2-sigma uncertainty),activity ratio,activity ratio (2-sigma uncertainty),activity ratio,activity ratio (2-sigma uncertainty),activity ratio,activity ratio (2-sigma uncertainty),m,m,m,per mille,degrees decimal,degrees decimal,meters a.s.l. ,year,year,year,year,year,year,year,year,1,10.1038/srep24374,"Kathayat, G., Cheng, H., Sinha, A., Spötl, C., Edwards, R. L., Zhang, H., Li, X., Yi, L., Ning, Y., Cai, Y., Lui, W. L. and Breitenbach, S. F. M.: Indian monsoon variability on millennial-orbital timescales, Sci. Rep., 6(1), 2016.",NOAA,"d13C, d18O, mineralogy_petrology_fabric"
1,Bittoo cave,30.7903,77.7764,3000.0,yes,,5,BT-2.4,current,,1-BT24,from top,limestone,Pleistocene,discontinuous carbonate,unknown,unknown,"closed forest, evergreen needle leaf",unknown,30.0,no,no,32.4,stalagmite,unknown,,yes,yes,Vienna-PDB,unknown,,no,no,yes,no,no,no,no,no,,,,,no,,,,,no,,,,,no,,,,,no,,,,,no,,,no,,no,"Cheng, Hai",https://www.ncdc.noaa.gov/paleo/study/20449,194.4,,289797,,,,,,,,,,,,,,,,,,,,,,,,,,,,,,,,,,,,,,,,,,,,194.4,calcite,not applicable,,,,,,,,,,,,,,-4.09,0.08,-8.59,0.04,185754.43304,,,StalAge,not applicable,not applicable,186170.727,795.4358338,728.4151257,186952.569,1880.538151,1778.527722,186190.0,815.0,883.15,187052.8728,1340.874892,1050.993196,,,,186115.8327,819.3845579,715.8800722,186320.9479,1060.251985,1010.974699,,Calibrated radiocarbon years BP,per mille,per mille,per mille,per mille,mol/mol,mol/mol,mmol/mol,mmol/mol,mmol/mol,mmol/mol,mmol/mol,mmol/mol,mmol/mol,mmol/mol,mmol/mol,mmol/mol,mm,mm,mm,mg,mg,%,ppb,ppb (2-sigma uncertainty),ppt,ppt (2-sigma uncertainty),ppt,ppt (2-sigma uncertainty),activity ratio,activity ratio (2-sigma uncertainty),activity ratio,activity ratio (2-sigma uncertainty),activity ratio,activity ratio (2-sigma uncertainty),activity ratio,activity ratio (2-sigma uncertainty),m,m,m,per mille,degrees decimal,degrees decimal,meters a.s.l. ,year,year,year,year,year,year,year,year,1,10.1038/srep24374,"Kathayat, G., Cheng, H., Sinha, A., Spötl, C., Edwards, R. L., Zhang, H., Li, X., Yi, L., Ning, Y., Cai, Y., Lui, W. L. and Breitenbach, S. F. M.: Indian monsoon variability on millennial-orbital timescales, Sci. Rep., 6(1), 2016.",NOAA,"d13C, d18O, mineralogy_petrology_fabric"
1,Bittoo cave,30.7903,77.7764,3000.0,yes,,5,BT-2.4,current,,1-BT24,from top,limestone,Pleistocene,discontinuous carbonate,unknown,unknown,"closed forest, evergreen needle leaf",unknown,30.0,no,no,32.4,stalagmite,unknown,,yes,yes,Vienna-PDB,unknown,,no,no,yes,no,no,no,no,no,,,,,no,,,,,no,,,,,no,,,,,no,,,,,no,,,no,,no,"Cheng, Hai",https://www.ncdc.noaa.gov/paleo/study/20449,195.6,,289798,,,,,,,,,,,,,,,,,,,,,,,,,,,,,,,,,,,,,,,,,,,,195.6,calcite,not applicable,,,,,,,,,,,,,,-3.86,0.08,-8.18,0.04,185756.01596,,,StalAge,not applicable,not applicable,186181.6653,799.6741344,730.5363176,187002.2094,1897.064749,1797.266232,186206.0,819.4,888.1,187097.6694,1350.979806,1052.73114,,,,186133.0578,811.8320659,723.4547829,186356.899,1074.39388,1030.960236,,Calibrated radiocarbon years BP,per mille,per mille,per mille,per mille,mol/mol,mol/mol,mmol/mol,mmol/mol,mmol/mol,mmol/mol,mmol/mol,mmol/mol,mmol/mol,mmol/mol,mmol/mol,mmol/mol,mm,mm,mm,mg,mg,%,ppb,ppb (2-sigma uncertainty),ppt,ppt (2-sigma uncertainty),ppt,ppt (2-sigma uncertainty),activity ratio,activity ratio (2-sigma uncertainty),activity ratio,activity ratio (2-sigma uncertainty),activity ratio,activity ratio (2-sigma uncertainty),activity ratio,activity ratio (2-sigma uncertainty),m,m,m,per mille,degrees decimal,degrees decimal,meters a.s.l. ,year,year,year,year,year,year,year,year,1,10.1038/srep24374,"Kathayat, G., Cheng, H., Sinha, A., Spötl, C., Edwards, R. L., Zhang, H., Li, X., Yi, L., Ning, Y., Cai, Y., Lui, W. L. and Breitenbach, S. F. M.: Indian monsoon variability on millennial-orbital timescales, Sci. Rep., 6(1), 2016.",NOAA,"d13C, d18O, mineralogy_petrology_fabric"
1,Bittoo cave,30.7903,77.7764,3000.0,yes,,5,BT-2.4,current,,1-BT24,from top,limestone,Pleistocene,discontinuous carbonate,unknown,unknown,"closed forest, evergreen needle leaf",unknown,30.0,no,no,32.4,stalagmite,unknown,,yes,yes,Vienna-PDB,unknown,,no,no,yes,no,no,no,no,no,,,,,no,,,,,no,,,,,no,,,,,no,,,,,no,,,no,,no,"Cheng, Hai",https://www.ncdc.noaa.gov/paleo/study/20449,196.8,,289799,,,,,,,,,,,,,,,,,,,,,,,,,,,,,,,,,,,,,,,,,,,,196.8,calcite,not applicable,,,,,,,,,,,,,,-4.54,0.08,-8.49,0.04,185757.59888,,,StalAge,not applicable,not applicable,186194.7748,807.3390701,739.463286,187051.3342,1916.492457,1816.17064,186220.5,819.85,888.85,187138.4066,1365.581106,1056.021063,,,,186150.9647,822.7547167,730.3122369,186386.9594,1094.004227,1045.404293,,Calibrated radiocarbon years BP,per mille,per mille,per mille,per mille,mol/mol,mol/mol,mmol/mol,mmol/mol,mmol/mol,mmol/mol,mmol/mol,mmol/mol,mmol/mol,mmol/mol,mmol/mol,mmol/mol,mm,mm,mm,mg,mg,%,ppb,ppb (2-sigma uncertainty),ppt,ppt (2-sigma uncertainty),ppt,ppt (2-sigma uncertainty),activity ratio,activity ratio (2-sigma uncertainty),activity ratio,activity ratio (2-sigma uncertainty),activity ratio,activity ratio (2-sigma uncertainty),activity ratio,activity ratio (2-sigma uncertainty),m,m,m,per mille,degrees decimal,degrees decimal,meters a.s.l. ,year,year,year,year,year,year,year,year,1,10.1038/srep24374,"Kathayat, G., Cheng, H., Sinha, A., Spötl, C., Edwards, R. L., Zhang, H., Li, X., Yi, L., Ning, Y., Cai, Y., Lui, W. L. and Breitenbach, S. F. M.: Indian monsoon variability on millennial-orbital timescales, Sci. Rep., 6(1), 2016.",NOAA,"d13C, d18O, mineralogy_petrology_fabric"
1,Bittoo cave,30.7903,77.7764,3000.0,yes,,5,BT-2.4,current,,1-BT24,from top,limestone,Pleistocene,discontinuous carbonate,unknown,unknown,"closed forest, evergreen needle leaf",unknown,30.0,no,no,32.4,stalagmite,unknown,,yes,yes,Vienna-PDB,unknown,,no,no,yes,no,no,no,no,no,,,,,no,,,,,no,,,,,no,,,,,no,,,,,no,,,no,,no,"Cheng, Hai",https://www.ncdc.noaa.gov/paleo/study/20449,198.0,,289800,,,,,,,,,,,,,,,,,,,,,,,,,,,,,,,,,,,,,,,,,,,,198.0,calcite,not applicable,,,,,,,,,,,,,,-4.35,0.08,-8.36,0.04,185759.1818,,,StalAge,not applicable,not applicable,186203.9437,823.7705195,740.5274066,187097.6992,1938.679961,1835.388604,186236.0,820.2,902.0,187183.9852,1370.10114,1062.80371,,,,186161.7706,848.2944508,727.3440777,186417.7514,1113.997127,1060.370842,,Calibrated radiocarbon years BP,per mille,per mille,per mille,per mille,mol/mol,mol/mol,mmol/mol,mmol/mol,mmol/mol,mmol/mol,mmol/mol,mmol/mol,mmol/mol,mmol/mol,mmol/mol,mmol/mol,mm,mm,mm,mg,mg,%,ppb,ppb (2-sigma uncertainty),ppt,ppt (2-sigma uncertainty),ppt,ppt (2-sigma uncertainty),activity ratio,activity ratio (2-sigma uncertainty),activity ratio,activity ratio (2-sigma uncertainty),activity ratio,activity ratio (2-sigma uncertainty),activity ratio,activity ratio (2-sigma uncertainty),m,m,m,per mille,degrees decimal,degrees decimal,meters a.s.l. ,year,year,year,year,year,year,year,year,1,10.1038/srep24374,"Kathayat, G., Cheng, H., Sinha, A., Spötl, C., Edwards, R. L., Zhang, H., Li, X., Yi, L., Ning, Y., Cai, Y., Lui, W. L. and Breitenbach, S. F. M.: Indian monsoon variability on millennial-orbital timescales, Sci. Rep., 6(1), 2016.",NOAA,"d13C, d18O, mineralogy_petrology_fabric"
1,Bittoo cave,30.7903,77.7764,3000.0,yes,,5,BT-2.4,current,,1-BT24,from top,limestone,Pleistocene,discontinuous carbonate,unknown,unknown,"closed forest, evergreen needle leaf",unknown,30.0,no,no,32.4,stalagmite,unknown,,yes,yes,Vienna-PDB,unknown,,no,no,yes,no,no,no,no,no,,,,,no,,,,,no,,,,,no,,,,,no,,,,,no,,,no,,no,"Cheng, Hai",https://www.ncdc.noaa.gov/paleo/study/20449,199.2,,289801,,,,,,,,,,,,,,,,,,,,,,,,,,,,,,,,,,,,,,,,,,,,199.2,calcite,not applicable,,,,,,,,,,,,,,-3.91,0.08,-8.5,0.04,185760.76472,,,StalAge,not applicable,not applicable,186215.4648,832.9172951,743.5741689,187146.0706,1958.843785,1856.612973,186258.0,816.45,912.1,187226.8528,1383.809088,1077.535456,,,,186175.4462,869.0249076,726.9865353,186452.8522,1131.364115,1079.229455,,Calibrated radiocarbon years BP,per mille,per mille,per mille,per mille,mol/mol,mol/mol,mmol/mol,mmol/mol,mmol/mol,mmol/mol,mmol/mol,mmol/mol,mmol/mol,mmol/mol,mmol/mol,mmol/mol,mm,mm,mm,mg,mg,%,ppb,ppb (2-sigma uncertainty),ppt,ppt (2-sigma uncertainty),ppt,ppt (2-sigma uncertainty),activity ratio,activity ratio (2-sigma uncertainty),activity ratio,activity ratio (2-sigma uncertainty),activity ratio,activity ratio (2-sigma uncertainty),activity ratio,activity ratio (2-sigma uncertainty),m,m,m,per mille,degrees decimal,degrees decimal,meters a.s.l. ,year,year,year,year,year,year,year,year,1,10.1038/srep24374,"Kathayat, G., Cheng, H., Sinha, A., Spötl, C., Edwards, R. L., Zhang, H., Li, X., Yi, L., Ning, Y., Cai, Y., Lui, W. L. and Breitenbach, S. F. M.: Indian monsoon variability on millennial-orbital timescales, Sci. Rep., 6(1), 2016.",NOAA,"d13C, d18O, mineralogy_petrology_fabric"
1,Bittoo cave,30.7903,77.7764,3000.0,yes,,5,BT-2.4,current,,1-BT24,from top,limestone,Pleistocene,discontinuous carbonate,unknown,unknown,"closed forest, evergreen needle leaf",unknown,30.0,no,no,32.4,stalagmite,unknown,,yes,yes,Vienna-PDB,unknown,,no,no,yes,no,no,no,no,no,,,,,no,,,,,no,,,,,no,,,,,no,,,,,no,,,no,,no,"Cheng, Hai",https://www.ncdc.noaa.gov/paleo/study/20449,200.4,,289802,,,,,,,,,,,,,,,,,,,,,,,,,,,,,,,,,,,,,,,,,,,,200.4,calcite,not applicable,,,,,,,,,,,,,,-4.22,0.08,-8.37,0.04,185762.34764,,,StalAge,not applicable,not applicable,186230.8733,845.5738511,751.5148537,187194.4756,1973.804598,1876.798685,186280.5,809.7,915.7,187273.1695,1390.73724,1081.572476,,,,186192.2781,877.0080719,733.5567154,186486.6691,1150.80001,1097.267959,,Calibrated radiocarbon years BP,per mille,per mille,per mille,per mille,mol/mol,mol/mol,mmol/mol,mmol/mol,mmol/mol,mmol/mol,mmol/mol,mmol/mol,mmol/mol,mmol/mol,mmol/mol,mmol/mol,mm,mm,mm,mg,mg,%,ppb,ppb (2-sigma uncertainty),ppt,ppt (2-sigma uncertainty),ppt,ppt (2-sigma uncertainty),activity ratio,activity ratio (2-sigma uncertainty),activity ratio,activity ratio (2-sigma uncertainty),activity ratio,activity ratio (2-sigma uncertainty),activity ratio,activity ratio (2-sigma uncertainty),m,m,m,per mille,degrees decimal,degrees decimal,meters a.s.l. ,year,year,year,year,year,year,year,year,1,10.1038/srep24374,"Kathayat, G., Cheng, H., Sinha, A., Spötl, C., Edwards, R. L., Zhang, H., Li, X., Yi, L., Ning, Y., Cai, Y., Lui, W. L. and Breitenbach, S. F. M.: Indian monsoon variability on millennial-orbital timescales, Sci. Rep., 6(1), 2016.",NOAA,"d13C, d18O, mineralogy_petrology_fabric"
1,Bittoo cave,30.7903,77.7764,3000.0,yes,,5,BT-2.4,current,,1-BT24,from top,limestone,Pleistocene,discontinuous carbonate,unknown,unknown,"closed forest, evergreen needle leaf",unknown,30.0,no,no,32.4,stalagmite,unknown,,yes,yes,Vienna-PDB,unknown,,no,no,yes,no,no,no,no,no,,,,,no,,,,,no,,,,,no,,,,,no,,,,,no,,,no,,no,"Cheng, Hai",https://www.ncdc.noaa.gov/paleo/study/20449,201.6,,289803,,,,,,,,,,,,,,,,,,,,,,,,,,,,,,,,,,,,,,,,,,,,201.6,calcite,not applicable,,,,,,,,,,,,,,-4.17,0.08,-8.44,0.04,185763.93056,,,StalAge,not applicable,not applicable,186243.4538,865.1726974,754.9590442,187243.7266,1991.771118,1897.576702,186307.0,808.0,920.45,187335.4662,1395.496634,1082.64912,,,,186206.3399,890.4124262,735.9235985,186518.7913,1173.557602,1114.387455,,Calibrated radiocarbon years BP,per mille,per mille,per mille,per mille,mol/mol,mol/mol,mmol/mol,mmol/mol,mmol/mol,mmol/mol,mmol/mol,mmol/mol,mmol/mol,mmol/mol,mmol/mol,mmol/mol,mm,mm,mm,mg,mg,%,ppb,ppb (2-sigma uncertainty),ppt,ppt (2-sigma uncertainty),ppt,ppt (2-sigma uncertainty),activity ratio,activity ratio (2-sigma uncertainty),activity ratio,activity ratio (2-sigma uncertainty),activity ratio,activity ratio (2-sigma uncertainty),activity ratio,activity ratio (2-sigma uncertainty),m,m,m,per mille,degrees decimal,degrees decimal,meters a.s.l. ,year,year,year,year,year,year,year,year,1,10.1038/srep24374,"Kathayat, G., Cheng, H., Sinha, A., Spötl, C., Edwards, R. L., Zhang, H., Li, X., Yi, L., Ning, Y., Cai, Y., Lui, W. L. and Breitenbach, S. F. M.: Indian monsoon variability on millennial-orbital timescales, Sci. Rep., 6(1), 2016.",NOAA,"d13C, d18O, mineralogy_petrology_fabric"
1,Bittoo cave,30.7903,77.7764,3000.0,yes,,5,BT-2.4,current,,1-BT24,from top,limestone,Pleistocene,discontinuous carbonate,unknown,unknown,"closed forest, evergreen needle leaf",unknown,30.0,no,no,32.4,stalagmite,unknown,,yes,yes,Vienna-PDB,unknown,,no,no,yes,no,no,no,no,no,,,,,no,,,,,no,,,,,no,,,,,no,,,,,no,,,no,,no,"Cheng, Hai",https://www.ncdc.noaa.gov/paleo/study/20449,202.8,,289804,,,,,,,,,,,,,,,,,,,,,,,,,,,,,,,,,,,,,,,,,,,,202.8,calcite,not applicable,,,,,,,,,,,,,,-4.11,0.08,-8.37,0.04,185765.51348,,,StalAge,not applicable,not applicable,186255.9382,879.8016407,761.3081116,187292.0055,2011.905462,1917.382587,186334.0,803.1,945.05,187396.339,1407.121488,1087.718132,,,,186221.0859,902.9027855,741.4502086,186551.7852,1197.754172,1132.804099,,Calibrated radiocarbon years BP,per mille,per mille,per mille,per mille,mol/mol,mol/mol,mmol/mol,mmol/mol,mmol/mol,mmol/mol,mmol/mol,mmol/mol,mmol/mol,mmol/mol,mmol/mol,mmol/mol,mm,mm,mm,mg,mg,%,ppb,ppb (2-sigma uncertainty),ppt,ppt (2-sigma uncertainty),ppt,ppt (2-sigma uncertainty),activity ratio,activity ratio (2-sigma uncertainty),activity ratio,activity ratio (2-sigma uncertainty),activity ratio,activity ratio (2-sigma uncertainty),activity ratio,activity ratio (2-sigma uncertainty),m,m,m,per mille,degrees decimal,degrees decimal,meters a.s.l. ,year,year,year,year,year,year,year,year,1,10.1038/srep24374,"Kathayat, G., Cheng, H., Sinha, A., Spötl, C., Edwards, R. L., Zhang, H., Li, X., Yi, L., Ning, Y., Cai, Y., Lui, W. L. and Breitenbach, S. F. M.: Indian monsoon variability on millennial-orbital timescales, Sci. Rep., 6(1), 2016.",NOAA,"d13C, d18O, mineralogy_petrology_fabric"
1,Bittoo cave,30.7903,77.7764,3000.0,yes,,5,BT-2.4,current,,1-BT24,from top,limestone,Pleistocene,discontinuous carbonate,unknown,unknown,"closed forest, evergreen needle leaf",unknown,30.0,no,no,32.4,stalagmite,unknown,,yes,yes,Vienna-PDB,unknown,,no,no,yes,no,no,no,no,no,,,,,no,,,,,no,,,,,no,,,,,no,,,,,no,,,no,,no,"Cheng, Hai",https://www.ncdc.noaa.gov/paleo/study/20449,204.0,,289805,,,,,,,,,,,,,,,,,,,,,,,,,,,,,,,,,,,,,,,,,,,,204.0,calcite,not applicable,,,,,,,,,,,,,,-3.86,0.08,-8.23,0.04,185767.0964,,,StalAge,not applicable,not applicable,186265.3604,900.7234644,766.1479725,187338.8686,2030.624709,1935.772676,186358.5,800.75,956.6,187462.0819,1423.12236,1100.7614,,,,186238.6494,919.2006936,745.3528641,186584.6962,1219.629667,1150.310131,,Calibrated radiocarbon years BP,per mille,per mille,per mille,per mille,mol/mol,mol/mol,mmol/mol,mmol/mol,mmol/mol,mmol/mol,mmol/mol,mmol/mol,mmol/mol,mmol/mol,mmol/mol,mmol/mol,mm,mm,mm,mg,mg,%,ppb,ppb (2-sigma uncertainty),ppt,ppt (2-sigma uncertainty),ppt,ppt (2-sigma uncertainty),activity ratio,activity ratio (2-sigma uncertainty),activity ratio,activity ratio (2-sigma uncertainty),activity ratio,activity ratio (2-sigma uncertainty),activity ratio,activity ratio (2-sigma uncertainty),m,m,m,per mille,degrees decimal,degrees decimal,meters a.s.l. ,year,year,year,year,year,year,year,year,1,10.1038/srep24374,"Kathayat, G., Cheng, H., Sinha, A., Spötl, C., Edwards, R. L., Zhang, H., Li, X., Yi, L., Ning, Y., Cai, Y., Lui, W. L. and Breitenbach, S. F. M.: Indian monsoon variability on millennial-orbital timescales, Sci. Rep., 6(1), 2016.",NOAA,"d13C, d18O, mineralogy_petrology_fabric"
1,Bittoo cave,30.7903,77.7764,3000.0,yes,,5,BT-2.4,current,,1-BT24,from top,limestone,Pleistocene,discontinuous carbonate,unknown,unknown,"closed forest, evergreen needle leaf",unknown,30.0,no,no,32.4,stalagmite,unknown,,yes,yes,Vienna-PDB,unknown,,no,no,yes,no,no,no,no,no,,,,,no,,,,,no,,,,,no,,,,,no,,,,,no,,,no,,no,"Cheng, Hai",https://www.ncdc.noaa.gov/paleo/study/20449,205.2,,289806,,,,,,,,,,,,,,,,,,,,,,,,,,,,,,,,,,,,,,,,,,,,205.2,calcite,not applicable,,,,,,,,,,,,,,-3.6,0.08,-8.12,0.04,185768.67932,,,StalAge,not applicable,not applicable,186277.5681,916.7506636,769.5845963,187382.8518,2052.223878,1951.282841,186383.0,817.15,973.35,187521.0843,1438.45816,1105.654171,,,,186258.237,929.8915899,754.6279405,186617.5401,1237.206002,1167.149178,,Calibrated radiocarbon years BP,per mille,per mille,per mille,per mille,mol/mol,mol/mol,mmol/mol,mmol/mol,mmol/mol,mmol/mol,mmol/mol,mmol/mol,mmol/mol,mmol/mol,mmol/mol,mmol/mol,mm,mm,mm,mg,mg,%,ppb,ppb (2-sigma uncertainty),ppt,ppt (2-sigma uncertainty),ppt,ppt (2-sigma uncertainty),activity ratio,activity ratio (2-sigma uncertainty),activity ratio,activity ratio (2-sigma uncertainty),activity ratio,activity ratio (2-sigma uncertainty),activity ratio,activity ratio (2-sigma uncertainty),m,m,m,per mille,degrees decimal,degrees decimal,meters a.s.l. ,year,year,year,year,year,year,year,year,1,10.1038/srep24374,"Kathayat, G., Cheng, H., Sinha, A., Spötl, C., Edwards, R. L., Zhang, H., Li, X., Yi, L., Ning, Y., Cai, Y., Lui, W. L. and Breitenbach, S. F. M.: Indian monsoon variability on millennial-orbital timescales, Sci. Rep., 6(1), 2016.",NOAA,"d13C, d18O, mineralogy_petrology_fabric"
1,Bittoo cave,30.7903,77.7764,3000.0,yes,,5,BT-2.4,current,,1-BT24,from top,limestone,Pleistocene,discontinuous carbonate,unknown,unknown,"closed forest, evergreen needle leaf",unknown,30.0,no,no,32.4,stalagmite,unknown,,yes,yes,Vienna-PDB,unknown,,no,no,yes,no,no,no,no,no,,,,,no,,,,,no,,,,,no,,,,,no,,,,,no,,,no,,no,"Cheng, Hai",https://www.ncdc.noaa.gov/paleo/study/20449,206.4,,289807,,,,,,,,,,,,,,,,,,,,,,,,,,,,,,,,,,,,,,,,,,,,206.4,calcite,not applicable,,,,,,,,,,,,,,-3.73,0.08,-8.39,0.04,185770.26224,,,StalAge,not applicable,not applicable,186289.7037,933.703444,777.0827904,187428.9319,2072.800843,1968.483531,186411.5,835.6,966.05,187581.3145,1468.238604,1117.886382,,,,186279.893,947.3165143,765.5233396,186652.9095,1252.018476,1188.5915,,Calibrated radiocarbon years BP,per mille,per mille,per mille,per mille,mol/mol,mol/mol,mmol/mol,mmol/mol,mmol/mol,mmol/mol,mmol/mol,mmol/mol,mmol/mol,mmol/mol,mmol/mol,mmol/mol,mm,mm,mm,mg,mg,%,ppb,ppb (2-sigma uncertainty),ppt,ppt (2-sigma uncertainty),ppt,ppt (2-sigma uncertainty),activity ratio,activity ratio (2-sigma uncertainty),activity ratio,activity ratio (2-sigma uncertainty),activity ratio,activity ratio (2-sigma uncertainty),activity ratio,activity ratio (2-sigma uncertainty),m,m,m,per mille,degrees decimal,degrees decimal,meters a.s.l. ,year,year,year,year,year,year,year,year,1,10.1038/srep24374,"Kathayat, G., Cheng, H., Sinha, A., Spötl, C., Edwards, R. L., Zhang, H., Li, X., Yi, L., Ning, Y., Cai, Y., Lui, W. L. and Breitenbach, S. F. M.: Indian monsoon variability on millennial-orbital timescales, Sci. Rep., 6(1), 2016.",NOAA,"d13C, d18O, mineralogy_petrology_fabric"
1,Bittoo cave,30.7903,77.7764,3000.0,yes,,5,BT-2.4,current,,1-BT24,from top,limestone,Pleistocene,discontinuous carbonate,unknown,unknown,"closed forest, evergreen needle leaf",unknown,30.0,no,no,32.4,stalagmite,unknown,,yes,yes,Vienna-PDB,unknown,,no,no,yes,no,no,no,no,no,,,,,no,,,,,no,,,,,no,,,,,no,,,,,no,,,no,,no,"Cheng, Hai",https://www.ncdc.noaa.gov/paleo/study/20449,207.6,,289808,,,,,,,,,,,,,,,,,,,,,,,,,,,,,,,,,,,,,,,,,,,,207.6,calcite,not applicable,,,,,,,,,,,,,,-3.79,0.08,-8.25,0.04,185771.84516,,,StalAge,not applicable,not applicable,186303.4186,938.7293038,787.5417489,187476.7714,2092.669965,1986.994866,186439.5,855.5,963.95,187642.5562,1495.76818,1147.492536,,,,186303.0668,964.4688622,778.1526057,186689.8296,1266.211132,1214.192639,,Calibrated radiocarbon years BP,per mille,per mille,per mille,per mille,mol/mol,mol/mol,mmol/mol,mmol/mol,mmol/mol,mmol/mol,mmol/mol,mmol/mol,mmol/mol,mmol/mol,mmol/mol,mmol/mol,mm,mm,mm,mg,mg,%,ppb,ppb (2-sigma uncertainty),ppt,ppt (2-sigma uncertainty),ppt,ppt (2-sigma uncertainty),activity ratio,activity ratio (2-sigma uncertainty),activity ratio,activity ratio (2-sigma uncertainty),activity ratio,activity ratio (2-sigma uncertainty),activity ratio,activity ratio (2-sigma uncertainty),m,m,m,per mille,degrees decimal,degrees decimal,meters a.s.l. ,year,year,year,year,year,year,year,year,1,10.1038/srep24374,"Kathayat, G., Cheng, H., Sinha, A., Spötl, C., Edwards, R. L., Zhang, H., Li, X., Yi, L., Ning, Y., Cai, Y., Lui, W. L. and Breitenbach, S. F. M.: Indian monsoon variability on millennial-orbital timescales, Sci. Rep., 6(1), 2016.",NOAA,"d13C, d18O, mineralogy_petrology_fabric"
1,Bittoo cave,30.7903,77.7764,3000.0,yes,,5,BT-2.4,current,,1-BT24,from top,limestone,Pleistocene,discontinuous carbonate,unknown,unknown,"closed forest, evergreen needle leaf",unknown,30.0,no,no,32.4,stalagmite,unknown,,yes,yes,Vienna-PDB,unknown,,no,no,yes,no,no,no,no,no,,,,,no,,,,,no,,,,,no,,,,,no,,,,,no,,,no,,no,"Cheng, Hai",https://www.ncdc.noaa.gov/paleo/study/20449,208.8,,289809,MC-ICP-MS U/Th,,BT2(4)-19,calcite,,,185855.0,1496.0,1496.0,,,yes,289.0,0.5,246.0,6.0,,,3607.45924,88.11640086,1.00637577,0.0027,1.188145813,0.00181397,0.814430125,0.407215062,Cheng et al. 2013,185774.0,1496.0,1496.0,yes,yes,yes,yes,,yes,yes,,,,,,,208.8,calcite,not applicable,,,,,,,,,,,,,,-3.57,0.08,-8.01,0.04,185773.42808,,,StalAge,not applicable,not applicable,186317.4092,953.4973024,791.6971053,187524.9315,2112.658164,2005.826889,186489.5,880.7,986.55,187700.9216,1527.731254,1169.025186,,,,186324.5885,969.2124703,787.1581177,186725.4453,1282.342362,1239.533937,,Calibrated radiocarbon years BP,per mille,per mille,per mille,per mille,mol/mol,mol/mol,mmol/mol,mmol/mol,mmol/mol,mmol/mol,mmol/mol,mmol/mol,mmol/mol,mmol/mol,mmol/mol,mmol/mol,mm,mm,mm,mg,mg,%,ppb,ppb (2-sigma uncertainty),ppt,ppt (2-sigma uncertainty),ppt,ppt (2-sigma uncertainty),activity ratio,activity ratio (2-sigma uncertainty),activity ratio,activity ratio (2-sigma uncertainty),activity ratio,activity ratio (2-sigma uncertainty),activity ratio,activity ratio (2-sigma uncertainty),m,m,m,per mille,degrees decimal,degrees decimal,meters a.s.l. ,year,year,year,year,year,year,year,year,1,10.1038/srep24374,"Kathayat, G., Cheng, H., Sinha, A., Spötl, C., Edwards, R. L., Zhang, H., Li, X., Yi, L., Ning, Y., Cai, Y., Lui, W. L. and Breitenbach, S. F. M.: Indian monsoon variability on millennial-orbital timescales, Sci. Rep., 6(1), 2016.",NOAA,"d13C, d18O, mineralogy_petrology_fabric"
1,Bittoo cave,30.7903,77.7764,3000.0,yes,,5,BT-2.4,current,,1-BT24,from top,limestone,Pleistocene,discontinuous carbonate,unknown,unknown,"closed forest, evergreen needle leaf",unknown,30.0,no,no,32.4,stalagmite,unknown,,yes,yes,Vienna-PDB,unknown,,no,no,yes,no,no,no,no,no,,,,,no,,,,,no,,,,,no,,,,,no,,,,,no,,,no,,no,"Cheng, Hai",https://www.ncdc.noaa.gov/paleo/study/20449,210.0,,289810,,,,,,,,,,,,,,,,,,,,,,,,,,,,,,,,,,,,,,,,,,,,210.0,calcite,not applicable,,,,,,,,,,,,,,-4.81,0.08,-8.95,0.04,185905.0,,,StalAge,not applicable,not applicable,186503.9058,962.0516846,800.0419016,187575.0292,2129.374954,2024.408282,186533.0,920.1,991.2,187763.627,1550.73494,1194.52583,,,,186352.4703,991.6911964,804.6050507,186759.1968,1303.758392,1260.284933,,Calibrated radiocarbon years BP,per mille,per mille,per mille,per mille,mol/mol,mol/mol,mmol/mol,mmol/mol,mmol/mol,mmol/mol,mmol/mol,mmol/mol,mmol/mol,mmol/mol,mmol/mol,mmol/mol,mm,mm,mm,mg,mg,%,ppb,ppb (2-sigma uncertainty),ppt,ppt (2-sigma uncertainty),ppt,ppt (2-sigma uncertainty),activity ratio,activity ratio (2-sigma uncertainty),activity ratio,activity ratio (2-sigma uncertainty),activity ratio,activity ratio (2-sigma uncertainty),activity ratio,activity ratio (2-sigma uncertainty),m,m,m,per mille,degrees decimal,degrees decimal,meters a.s.l. ,year,year,year,year,year,year,year,year,1,10.1038/srep24374,"Kathayat, G., Cheng, H., Sinha, A., Spötl, C., Edwards, R. L., Zhang, H., Li, X., Yi, L., Ning, Y., Cai, Y., Lui, W. L. and Breitenbach, S. F. M.: Indian monsoon variability on millennial-orbital timescales, Sci. Rep., 6(1), 2016.",NOAA,"d13C, d18O, mineralogy_petrology_fabric"
1,Bittoo cave,30.7903,77.7764,3000.0,yes,,5,BT-2.4,current,,1-BT24,from top,limestone,Pleistocene,discontinuous carbonate,unknown,unknown,"closed forest, evergreen needle leaf",unknown,30.0,no,no,32.4,stalagmite,unknown,,yes,yes,Vienna-PDB,unknown,,no,no,yes,no,no,no,no,no,,,,,no,,,,,no,,,,,no,,,,,no,,,,,no,,,no,,no,"Cheng, Hai",https://www.ncdc.noaa.gov/paleo/study/20449,211.2,,289811,,,,,,,,,,,,,,,,,,,,,,,,,,,,,,,,,,,,,,,,,,,,211.2,calcite,not applicable,,,,,,,,,,,,,,-4.72,0.08,-8.89,0.04,186037.0,,,StalAge,not applicable,not applicable,186685.7866,1003.844228,865.7245593,187623.1486,2146.7453,2040.534976,186590.5,994.55,973.8,187823.0907,1561.516998,1199.98717,,,,186398.2288,1007.399873,817.7496,186791.5667,1329.462927,1276.324115,,Calibrated radiocarbon years BP,per mille,per mille,per mille,per mille,mol/mol,mol/mol,mmol/mol,mmol/mol,mmol/mol,mmol/mol,mmol/mol,mmol/mol,mmol/mol,mmol/mol,mmol/mol,mmol/mol,mm,mm,mm,mg,mg,%,ppb,ppb (2-sigma uncertainty),ppt,ppt (2-sigma uncertainty),ppt,ppt (2-sigma uncertainty),activity ratio,activity ratio (2-sigma uncertainty),activity ratio,activity ratio (2-sigma uncertainty),activity ratio,activity ratio (2-sigma uncertainty),activity ratio,activity ratio (2-sigma uncertainty),m,m,m,per mille,degrees decimal,degrees decimal,meters a.s.l. ,year,year,year,year,year,year,year,year,1,10.1038/srep24374,"Kathayat, G., Cheng, H., Sinha, A., Spötl, C., Edwards, R. L., Zhang, H., Li, X., Yi, L., Ning, Y., Cai, Y., Lui, W. L. and Breitenbach, S. F. M.: Indian monsoon variability on millennial-orbital timescales, Sci. Rep., 6(1), 2016.",NOAA,"d13C, d18O, mineralogy_petrology_fabric"
1,Bittoo cave,30.7903,77.7764,3000.0,yes,,5,BT-2.4,current,,1-BT24,from top,limestone,Pleistocene,discontinuous carbonate,unknown,unknown,"closed forest, evergreen needle leaf",unknown,30.0,no,no,32.4,stalagmite,unknown,,yes,yes,Vienna-PDB,unknown,,no,no,yes,no,no,no,no,no,,,,,no,,,,,no,,,,,no,,,,,no,,,,,no,,,no,,no,"Cheng, Hai",https://www.ncdc.noaa.gov/paleo/study/20449,212.4,,289812,,,,,,,,,,,,,,,,,,,,,,,,,,,,,,,,,,,,,,,,,,,,212.4,calcite,not applicable,,,,,,,,,,,,,,-4.9,0.08,-8.8,0.04,186169.0,,,StalAge,not applicable,not applicable,186861.7935,1117.214829,947.9690852,187672.0816,2163.952268,2057.475335,186646.5,1007.75,981.35,187886.3756,1568.8582,1206.995386,,,,186451.3682,1030.859877,824.8245492,186823.736,1352.202852,1293.518351,,Calibrated radiocarbon years BP,per mille,per mille,per mille,per mille,mol/mol,mol/mol,mmol/mol,mmol/mol,mmol/mol,mmol/mol,mmol/mol,mmol/mol,mmol/mol,mmol/mol,mmol/mol,mmol/mol,mm,mm,mm,mg,mg,%,ppb,ppb (2-sigma uncertainty),ppt,ppt (2-sigma uncertainty),ppt,ppt (2-sigma uncertainty),activity ratio,activity ratio (2-sigma uncertainty),activity ratio,activity ratio (2-sigma uncertainty),activity ratio,activity ratio (2-sigma uncertainty),activity ratio,activity ratio (2-sigma uncertainty),m,m,m,per mille,degrees decimal,degrees decimal,meters a.s.l. ,year,year,year,year,year,year,year,year,1,10.1038/srep24374,"Kathayat, G., Cheng, H., Sinha, A., Spötl, C., Edwards, R. L., Zhang, H., Li, X., Yi, L., Ning, Y., Cai, Y., Lui, W. L. and Breitenbach, S. F. M.: Indian monsoon variability on millennial-orbital timescales, Sci. Rep., 6(1), 2016.",NOAA,"d13C, d18O, mineralogy_petrology_fabric"
1,Bittoo cave,30.7903,77.7764,3000.0,yes,,5,BT-2.4,current,,1-BT24,from top,limestone,Pleistocene,discontinuous carbonate,unknown,unknown,"closed forest, evergreen needle leaf",unknown,30.0,no,no,32.4,stalagmite,unknown,,yes,yes,Vienna-PDB,unknown,,no,no,yes,no,no,no,no,no,,,,,no,,,,,no,,,,,no,,,,,no,,,,,no,,,no,,no,"Cheng, Hai",https://www.ncdc.noaa.gov/paleo/study/20449,213.6,,289813,,,,,,,,,,,,,,,,,,,,,,,,,,,,,,,,,,,,,,,,,,,,213.6,calcite,not applicable,,,,,,,,,,,,,,-4.74,0.08,-8.78,0.04,186301.0,,,StalAge,not applicable,not applicable,187031.9664,1244.405839,1027.928552,187720.2822,2182.288873,2073.683201,186684.0,1071.0,999.0,187950.9927,1586.094632,1230.065312,,,,186526.3508,1042.67588,847.1332461,186856.7817,1373.504741,1312.450644,,Calibrated radiocarbon years BP,per mille,per mille,per mille,per mille,mol/mol,mol/mol,mmol/mol,mmol/mol,mmol/mol,mmol/mol,mmol/mol,mmol/mol,mmol/mol,mmol/mol,mmol/mol,mmol/mol,mm,mm,mm,mg,mg,%,ppb,ppb (2-sigma uncertainty),ppt,ppt (2-sigma uncertainty),ppt,ppt (2-sigma uncertainty),activity ratio,activity ratio (2-sigma uncertainty),activity ratio,activity ratio (2-sigma uncertainty),activity ratio,activity ratio (2-sigma uncertainty),activity ratio,activity ratio (2-sigma uncertainty),m,m,m,per mille,degrees decimal,degrees decimal,meters a.s.l. ,year,year,year,year,year,year,year,year,1,10.1038/srep24374,"Kathayat, G., Cheng, H., Sinha, A., Spötl, C., Edwards, R. L., Zhang, H., Li, X., Yi, L., Ning, Y., Cai, Y., Lui, W. L. and Breitenbach, S. F. M.: Indian monsoon variability on millennial-orbital timescales, Sci. Rep., 6(1), 2016.",NOAA,"d13C, d18O, mineralogy_petrology_fabric"
1,Bittoo cave,30.7903,77.7764,3000.0,yes,,5,BT-2.4,current,,1-BT24,from top,limestone,Pleistocene,discontinuous carbonate,unknown,unknown,"closed forest, evergreen needle leaf",unknown,30.0,no,no,32.4,stalagmite,unknown,,yes,yes,Vienna-PDB,unknown,,no,no,yes,no,no,no,no,no,,,,,no,,,,,no,,,,,no,,,,,no,,,,,no,,,no,,no,"Cheng, Hai",https://www.ncdc.noaa.gov/paleo/study/20449,214.8,,289814,,,,,,,,,,,,,,,,,,,,,,,,,,,,,,,,,,,,,,,,,,,,214.8,calcite,not applicable,,,,,,,,,,,,,,-3.34,0.08,-8.51,0.04,186433.0,,,StalAge,not applicable,not applicable,187203.1234,1430.789972,1112.296116,187766.7394,2202.368846,2088.147699,186741.5,1109.55,1014.65,188010.6863,1593.899132,1241.886716,,,,186605.7514,1069.351599,861.4514338,186891.3135,1398.696987,1331.143474,,Calibrated radiocarbon years BP,per mille,per mille,per mille,per mille,mol/mol,mol/mol,mmol/mol,mmol/mol,mmol/mol,mmol/mol,mmol/mol,mmol/mol,mmol/mol,mmol/mol,mmol/mol,mmol/mol,mm,mm,mm,mg,mg,%,ppb,ppb (2-sigma uncertainty),ppt,ppt (2-sigma uncertainty),ppt,ppt (2-sigma uncertainty),activity ratio,activity ratio (2-sigma uncertainty),activity ratio,activity ratio (2-sigma uncertainty),activity ratio,activity ratio (2-sigma uncertainty),activity ratio,activity ratio (2-sigma uncertainty),m,m,m,per mille,degrees decimal,degrees decimal,meters a.s.l. ,year,year,year,year,year,year,year,year,1,10.1038/srep24374,"Kathayat, G., Cheng, H., Sinha, A., Spötl, C., Edwards, R. L., Zhang, H., Li, X., Yi, L., Ning, Y., Cai, Y., Lui, W. L. and Breitenbach, S. F. M.: Indian monsoon variability on millennial-orbital timescales, Sci. Rep., 6(1), 2016.",NOAA,"d13C, d18O, mineralogy_petrology_fabric"
1,Bittoo cave,30.7903,77.7764,3000.0,yes,,5,BT-2.4,current,,1-BT24,from top,limestone,Pleistocene,discontinuous carbonate,unknown,unknown,"closed forest, evergreen needle leaf",unknown,30.0,no,no,32.4,stalagmite,unknown,,yes,yes,Vienna-PDB,unknown,,no,no,yes,no,no,no,no,no,,,,,no,,,,,no,,,,,no,,,,,no,,,,,no,,,no,,no,"Cheng, Hai",https://www.ncdc.noaa.gov/paleo/study/20449,216.0,,289815,,,,,,,,,,,,,,,,,,,,,,,,,,,,,,,,,,,,,,,,,,,,216.0,calcite,not applicable,,,,,,,,,,,,,,-4.83,0.08,-8.98,0.04,186565.0,,,StalAge,not applicable,not applicable,187363.5523,1617.735498,1223.302487,187812.1282,2223.320521,2101.54386,186785.0,1094.75,1022.85,188070.0158,1599.67002,1265.81499,,,,186700.4469,1115.801421,884.7952465,186926.5016,1424.257271,1352.334762,,Calibrated radiocarbon years BP,per mille,per mille,per mille,per mille,mol/mol,mol/mol,mmol/mol,mmol/mol,mmol/mol,mmol/mol,mmol/mol,mmol/mol,mmol/mol,mmol/mol,mmol/mol,mmol/mol,mm,mm,mm,mg,mg,%,ppb,ppb (2-sigma uncertainty),ppt,ppt (2-sigma uncertainty),ppt,ppt (2-sigma uncertainty),activity ratio,activity ratio (2-sigma uncertainty),activity ratio,activity ratio (2-sigma uncertainty),activity ratio,activity ratio (2-sigma uncertainty),activity ratio,activity ratio (2-sigma uncertainty),m,m,m,per mille,degrees decimal,degrees decimal,meters a.s.l. ,year,year,year,year,year,year,year,year,1,10.1038/srep24374,"Kathayat, G., Cheng, H., Sinha, A., Spötl, C., Edwards, R. L., Zhang, H., Li, X., Yi, L., Ning, Y., Cai, Y., Lui, W. L. and Breitenbach, S. F. M.: Indian monsoon variability on millennial-orbital timescales, Sci. Rep., 6(1), 2016.",NOAA,"d13C, d18O, mineralogy_petrology_fabric"
1,Bittoo cave,30.7903,77.7764,3000.0,yes,,5,BT-2.4,current,,1-BT24,from top,limestone,Pleistocene,discontinuous carbonate,unknown,unknown,"closed forest, evergreen needle leaf",unknown,30.0,no,no,32.4,stalagmite,unknown,,yes,yes,Vienna-PDB,unknown,,no,no,yes,no,no,no,no,no,,,,,no,,,,,no,,,,,no,,,,,no,,,,,no,,,no,,no,"Cheng, Hai",https://www.ncdc.noaa.gov/paleo/study/20449,217.2,,289816,,,,,,,,,,,,,,,,,,,,,,,,,,,,,,,,,,,,,,,,,,,,217.2,calcite,not applicable,,,,,,,,,,,,,,-4.54,0.08,-8.81,0.04,186697.0,,,StalAge,not applicable,not applicable,187525.6061,1870.460588,1325.102048,187858.5885,2243.098854,2116.011417,186817.0,1143.15,1014.35,188135.0044,1620.405076,1286.61186,,,,186802.3503,1158.828432,905.3521552,186961.5335,1448.401949,1376.589546,,Calibrated radiocarbon years BP,per mille,per mille,per mille,per mille,mol/mol,mol/mol,mmol/mol,mmol/mol,mmol/mol,mmol/mol,mmol/mol,mmol/mol,mmol/mol,mmol/mol,mmol/mol,mmol/mol,mm,mm,mm,mg,mg,%,ppb,ppb (2-sigma uncertainty),ppt,ppt (2-sigma uncertainty),ppt,ppt (2-sigma uncertainty),activity ratio,activity ratio (2-sigma uncertainty),activity ratio,activity ratio (2-sigma uncertainty),activity ratio,activity ratio (2-sigma uncertainty),activity ratio,activity ratio (2-sigma uncertainty),m,m,m,per mille,degrees decimal,degrees decimal,meters a.s.l. ,year,year,year,year,year,year,year,year,1,10.1038/srep24374,"Kathayat, G., Cheng, H., Sinha, A., Spötl, C., Edwards, R. L., Zhang, H., Li, X., Yi, L., Ning, Y., Cai, Y., Lui, W. L. and Breitenbach, S. F. M.: Indian monsoon variability on millennial-orbital timescales, Sci. Rep., 6(1), 2016.",NOAA,"d13C, d18O, mineralogy_petrology_fabric"
1,Bittoo cave,30.7903,77.7764,3000.0,yes,,5,BT-2.4,current,,1-BT24,from top,limestone,Pleistocene,discontinuous carbonate,unknown,unknown,"closed forest, evergreen needle leaf",unknown,30.0,no,no,32.4,stalagmite,unknown,,yes,yes,Vienna-PDB,unknown,,no,no,yes,no,no,no,no,no,,,,,no,,,,,no,,,,,no,,,,,no,,,,,no,,,no,,no,"Cheng, Hai",https://www.ncdc.noaa.gov/paleo/study/20449,218.4,,289817,,,,,,,,,,,,,,,,,,,,,,,,,,,,,,,,,,,,,,,,,,,,218.4,calcite,not applicable,,,,,,,,,,,,,,-4.78,0.08,-9.37,0.04,186829.0,,,StalAge,not applicable,not applicable,187685.8352,2098.241193,1422.90773,187906.6288,2261.297105,2132.059057,186870.5,1170.9,1045.1,188196.3198,1645.786548,1303.7774,,,,186919.1591,1216.516312,967.3438437,186996.2908,1474.896259,1399.61999,,Calibrated radiocarbon years BP,per mille,per mille,per mille,per mille,mol/mol,mol/mol,mmol/mol,mmol/mol,mmol/mol,mmol/mol,mmol/mol,mmol/mol,mmol/mol,mmol/mol,mmol/mol,mmol/mol,mm,mm,mm,mg,mg,%,ppb,ppb (2-sigma uncertainty),ppt,ppt (2-sigma uncertainty),ppt,ppt (2-sigma uncertainty),activity ratio,activity ratio (2-sigma uncertainty),activity ratio,activity ratio (2-sigma uncertainty),activity ratio,activity ratio (2-sigma uncertainty),activity ratio,activity ratio (2-sigma uncertainty),m,m,m,per mille,degrees decimal,degrees decimal,meters a.s.l. ,year,year,year,year,year,year,year,year,1,10.1038/srep24374,"Kathayat, G., Cheng, H., Sinha, A., Spötl, C., Edwards, R. L., Zhang, H., Li, X., Yi, L., Ning, Y., Cai, Y., Lui, W. L. and Breitenbach, S. F. M.: Indian monsoon variability on millennial-orbital timescales, Sci. Rep., 6(1), 2016.",NOAA,"d13C, d18O, mineralogy_petrology_fabric"
1,Bittoo cave,30.7903,77.7764,3000.0,yes,,5,BT-2.4,current,,1-BT24,from top,limestone,Pleistocene,discontinuous carbonate,unknown,unknown,"closed forest, evergreen needle leaf",unknown,30.0,no,no,32.4,stalagmite,unknown,,yes,yes,Vienna-PDB,unknown,,no,no,yes,no,no,no,no,no,,,,,no,,,,,no,,,,,no,,,,,no,,,,,no,,,no,,no,"Cheng, Hai",https://www.ncdc.noaa.gov/paleo/study/20449,219.6,,289818,,,,,,,,,,,,,,,,,,,,,,,,,,,,,,,,,,,,,,,,,,,,219.6,calcite,not applicable,,,,,,,,,,,,,,-5.04,0.08,-9.53,0.04,186961.0,,,StalAge,not applicable,not applicable,187837.6527,2315.269501,1534.846064,187953.5018,2281.386936,2150.898901,186915.0,1207.05,1061.7,188256.7619,1703.058146,1330.66328,,,,187053.653,1302.99594,1027.091522,187031.9629,1500.590632,1421.203878,,Calibrated radiocarbon years BP,per mille,per mille,per mille,per mille,mol/mol,mol/mol,mmol/mol,mmol/mol,mmol/mol,mmol/mol,mmol/mol,mmol/mol,mmol/mol,mmol/mol,mmol/mol,mmol/mol,mm,mm,mm,mg,mg,%,ppb,ppb (2-sigma uncertainty),ppt,ppt (2-sigma uncertainty),ppt,ppt (2-sigma uncertainty),activity ratio,activity ratio (2-sigma uncertainty),activity ratio,activity ratio (2-sigma uncertainty),activity ratio,activity ratio (2-sigma uncertainty),activity ratio,activity ratio (2-sigma uncertainty),m,m,m,per mille,degrees decimal,degrees decimal,meters a.s.l. ,year,year,year,year,year,year,year,year,1,10.1038/srep24374,"Kathayat, G., Cheng, H., Sinha, A., Spötl, C., Edwards, R. L., Zhang, H., Li, X., Yi, L., Ning, Y., Cai, Y., Lui, W. L. and Breitenbach, S. F. M.: Indian monsoon variability on millennial-orbital timescales, Sci. Rep., 6(1), 2016.",NOAA,"d13C, d18O, mineralogy_petrology_fabric"
1,Bittoo cave,30.7903,77.7764,3000.0,yes,,5,BT-2.4,current,,1-BT24,from top,limestone,Pleistocene,discontinuous carbonate,unknown,unknown,"closed forest, evergreen needle leaf",unknown,30.0,no,no,32.4,stalagmite,unknown,,yes,yes,Vienna-PDB,unknown,,no,no,yes,no,no,no,no,no,,,,,no,,,,,no,,,,,no,,,,,no,,,,,no,,,no,,no,"Cheng, Hai",https://www.ncdc.noaa.gov/paleo/study/20449,220.8,,289819,,,,,,,,,,,,,,,,,,,,,,,,,,,,,,,,,,,,,,,,,,,,220.8,calcite,not applicable,,,,,,,,,,,,,,-5.25,0.08,-9.64,0.04,187093.0,,,StalAge,not applicable,not applicable,187993.9675,2532.991199,1658.682861,188000.0656,2303.406795,2169.875755,186956.5,1289.1,1077.6,188319.021,1717.14392,1333.08195,,,,187190.9615,1386.05054,1100.978977,187069.6873,1520.090192,1443.140766,,Calibrated radiocarbon years BP,per mille,per mille,per mille,per mille,mol/mol,mol/mol,mmol/mol,mmol/mol,mmol/mol,mmol/mol,mmol/mol,mmol/mol,mmol/mol,mmol/mol,mmol/mol,mmol/mol,mm,mm,mm,mg,mg,%,ppb,ppb (2-sigma uncertainty),ppt,ppt (2-sigma uncertainty),ppt,ppt (2-sigma uncertainty),activity ratio,activity ratio (2-sigma uncertainty),activity ratio,activity ratio (2-sigma uncertainty),activity ratio,activity ratio (2-sigma uncertainty),activity ratio,activity ratio (2-sigma uncertainty),m,m,m,per mille,degrees decimal,degrees decimal,meters a.s.l. ,year,year,year,year,year,year,year,year,1,10.1038/srep24374,"Kathayat, G., Cheng, H., Sinha, A., Spötl, C., Edwards, R. L., Zhang, H., Li, X., Yi, L., Ning, Y., Cai, Y., Lui, W. L. and Breitenbach, S. F. M.: Indian monsoon variability on millennial-orbital timescales, Sci. Rep., 6(1), 2016.",NOAA,"d13C, d18O, mineralogy_petrology_fabric"
1,Bittoo cave,30.7903,77.7764,3000.0,yes,,5,BT-2.4,current,,1-BT24,from top,limestone,Pleistocene,discontinuous carbonate,unknown,unknown,"closed forest, evergreen needle leaf",unknown,30.0,no,no,32.4,stalagmite,unknown,,yes,yes,Vienna-PDB,unknown,,no,no,yes,no,no,no,no,no,,,,,no,,,,,no,,,,,no,,,,,no,,,,,no,,,no,,no,"Cheng, Hai",https://www.ncdc.noaa.gov/paleo/study/20449,222.0,,289820,,,,,,,,,,,,,,,,,,,,,,,,,,,,,,,,,,,,,,,,,,,,222.0,calcite,not applicable,,,,,,,,,,,,,,-5.52,0.08,-9.46,0.04,187225.0,,,StalAge,not applicable,not applicable,188158.64,2752.916237,1793.623169,188046.6124,2325.443599,2188.823561,186996.0,1332.65,1077.1,188379.0858,1713.214698,1332.76125,,,,187321.4274,1473.49579,1161.645293,187107.2051,1538.082031,1463.743275,,Calibrated radiocarbon years BP,per mille,per mille,per mille,per mille,mol/mol,mol/mol,mmol/mol,mmol/mol,mmol/mol,mmol/mol,mmol/mol,mmol/mol,mmol/mol,mmol/mol,mmol/mol,mmol/mol,mm,mm,mm,mg,mg,%,ppb,ppb (2-sigma uncertainty),ppt,ppt (2-sigma uncertainty),ppt,ppt (2-sigma uncertainty),activity ratio,activity ratio (2-sigma uncertainty),activity ratio,activity ratio (2-sigma uncertainty),activity ratio,activity ratio (2-sigma uncertainty),activity ratio,activity ratio (2-sigma uncertainty),m,m,m,per mille,degrees decimal,degrees decimal,meters a.s.l. ,year,year,year,year,year,year,year,year,1,10.1038/srep24374,"Kathayat, G., Cheng, H., Sinha, A., Spötl, C., Edwards, R. L., Zhang, H., Li, X., Yi, L., Ning, Y., Cai, Y., Lui, W. L. and Breitenbach, S. F. M.: Indian monsoon variability on millennial-orbital timescales, Sci. Rep., 6(1), 2016.",NOAA,"d13C, d18O, mineralogy_petrology_fabric"
1,Bittoo cave,30.7903,77.7764,3000.0,yes,,5,BT-2.4,current,,1-BT24,from top,limestone,Pleistocene,discontinuous carbonate,unknown,unknown,"closed forest, evergreen needle leaf",unknown,30.0,no,no,32.4,stalagmite,unknown,,yes,yes,Vienna-PDB,unknown,,no,no,yes,no,no,no,no,no,,,,,no,,,,,no,,,,,no,,,,,no,,,,,no,,,no,,no,"Cheng, Hai",https://www.ncdc.noaa.gov/paleo/study/20449,223.2,,289821,,,,,,,,,,,,,,,,,,,,,,,,,,,,,,,,,,,,,,,,,,,,223.2,calcite,not applicable,,,,,,,,,,,,,,-5.61,0.08,-9.61,0.04,187357.0,,,StalAge,not applicable,not applicable,188326.9629,3018.169594,1923.864348,188094.1209,2346.554575,2208.733059,187028.0,1363.1,1086.3,188442.9714,1722.263744,1346.310482,,,,187462.2315,1630.901112,1243.691839,187144.0552,1557.290309,1482.40397,,Calibrated radiocarbon years BP,per mille,per mille,per mille,per mille,mol/mol,mol/mol,mmol/mol,mmol/mol,mmol/mol,mmol/mol,mmol/mol,mmol/mol,mmol/mol,mmol/mol,mmol/mol,mmol/mol,mm,mm,mm,mg,mg,%,ppb,ppb (2-sigma uncertainty),ppt,ppt (2-sigma uncertainty),ppt,ppt (2-sigma uncertainty),activity ratio,activity ratio (2-sigma uncertainty),activity ratio,activity ratio (2-sigma uncertainty),activity ratio,activity ratio (2-sigma uncertainty),activity ratio,activity ratio (2-sigma uncertainty),m,m,m,per mille,degrees decimal,degrees decimal,meters a.s.l. ,year,year,year,year,year,year,year,year,1,10.1038/srep24374,"Kathayat, G., Cheng, H., Sinha, A., Spötl, C., Edwards, R. L., Zhang, H., Li, X., Yi, L., Ning, Y., Cai, Y., Lui, W. L. and Breitenbach, S. F. M.: Indian monsoon variability on millennial-orbital timescales, Sci. Rep., 6(1), 2016.",NOAA,"d13C, d18O, mineralogy_petrology_fabric"
1,Bittoo cave,30.7903,77.7764,3000.0,yes,,5,BT-2.4,current,,1-BT24,from top,limestone,Pleistocene,discontinuous carbonate,unknown,unknown,"closed forest, evergreen needle leaf",unknown,30.0,no,no,32.4,stalagmite,unknown,,yes,yes,Vienna-PDB,unknown,,no,no,yes,no,no,no,no,no,,,,,no,,,,,no,,,,,no,,,,,no,,,,,no,,,no,,no,"Cheng, Hai",https://www.ncdc.noaa.gov/paleo/study/20449,224.4,,289822,,,,,,,,,,,,,,,,,,,,,,,,,,,,,,,,,,,,,,,,,,,,224.4,calcite,not applicable,,,,,,,,,,,,,,-5.41,0.08,-9.48,0.04,187489.0,,,StalAge,not applicable,not applicable,188483.9551,3314.838202,2040.075499,188141.5177,2368.457754,2228.530833,187063.0,1385.9,1094.2,188505.7964,1737.312083,1366.022112,,,,187603.2167,1821.869795,1341.535074,187183.5519,1574.120244,1501.349527,,Calibrated radiocarbon years BP,per mille,per mille,per mille,per mille,mol/mol,mol/mol,mmol/mol,mmol/mol,mmol/mol,mmol/mol,mmol/mol,mmol/mol,mmol/mol,mmol/mol,mmol/mol,mmol/mol,mm,mm,mm,mg,mg,%,ppb,ppb (2-sigma uncertainty),ppt,ppt (2-sigma uncertainty),ppt,ppt (2-sigma uncertainty),activity ratio,activity ratio (2-sigma uncertainty),activity ratio,activity ratio (2-sigma uncertainty),activity ratio,activity ratio (2-sigma uncertainty),activity ratio,activity ratio (2-sigma uncertainty),m,m,m,per mille,degrees decimal,degrees decimal,meters a.s.l. ,year,year,year,year,year,year,year,year,1,10.1038/srep24374,"Kathayat, G., Cheng, H., Sinha, A., Spötl, C., Edwards, R. L., Zhang, H., Li, X., Yi, L., Ning, Y., Cai, Y., Lui, W. L. and Breitenbach, S. F. M.: Indian monsoon variability on millennial-orbital timescales, Sci. Rep., 6(1), 2016.",NOAA,"d13C, d18O, mineralogy_petrology_fabric"
1,Bittoo cave,30.7903,77.7764,3000.0,yes,,5,BT-2.4,current,,1-BT24,from top,limestone,Pleistocene,discontinuous carbonate,unknown,unknown,"closed forest, evergreen needle leaf",unknown,30.0,no,no,32.4,stalagmite,unknown,,yes,yes,Vienna-PDB,unknown,,no,no,yes,no,no,no,no,no,,,,,no,,,,,no,,,,,no,,,,,no,,,,,no,,,no,,no,"Cheng, Hai",https://www.ncdc.noaa.gov/paleo/study/20449,225.6,,289823,,,,,,,,,,,,,,,,,,,,,,,,,,,,,,,,,,,,,,,,,,,,225.6,calcite,not applicable,,,,,,,,,,,,,,-5.55,0.08,-9.61,0.04,187621.0,,,StalAge,not applicable,not applicable,188641.6542,3602.605548,2171.516047,188188.1714,2390.97765,2247.32507,187103.5,1456.6,1096.9,188571.767,1742.191884,1380.38457,,,,187762.3654,2036.844983,1447.565595,187225.2974,1592.402323,1520.482475,,Calibrated radiocarbon years BP,per mille,per mille,per mille,per mille,mol/mol,mol/mol,mmol/mol,mmol/mol,mmol/mol,mmol/mol,mmol/mol,mmol/mol,mmol/mol,mmol/mol,mmol/mol,mmol/mol,mm,mm,mm,mg,mg,%,ppb,ppb (2-sigma uncertainty),ppt,ppt (2-sigma uncertainty),ppt,ppt (2-sigma uncertainty),activity ratio,activity ratio (2-sigma uncertainty),activity ratio,activity ratio (2-sigma uncertainty),activity ratio,activity ratio (2-sigma uncertainty),activity ratio,activity ratio (2-sigma uncertainty),m,m,m,per mille,degrees decimal,degrees decimal,meters a.s.l. ,year,year,year,year,year,year,year,year,1,10.1038/srep24374,"Kathayat, G., Cheng, H., Sinha, A., Spötl, C., Edwards, R. L., Zhang, H., Li, X., Yi, L., Ning, Y., Cai, Y., Lui, W. L. and Breitenbach, S. F. M.: Indian monsoon variability on millennial-orbital timescales, Sci. Rep., 6(1), 2016.",NOAA,"d13C, d18O, mineralogy_petrology_fabric"
1,Bittoo cave,30.7903,77.7764,3000.0,yes,,5,BT-2.4,current,,1-BT24,from top,limestone,Pleistocene,discontinuous carbonate,unknown,unknown,"closed forest, evergreen needle leaf",unknown,30.0,no,no,32.4,stalagmite,unknown,,yes,yes,Vienna-PDB,unknown,,no,no,yes,no,no,no,no,no,,,,,no,,,,,no,,,,,no,,,,,no,,,,,no,,,no,,no,"Cheng, Hai",https://www.ncdc.noaa.gov/paleo/study/20449,226.8,,289824,,,,,,,,,,,,,,,,,,,,,,,,,,,,,,,,,,,,,,,,,,,,226.8,calcite,not applicable,,,,,,,,,,,,,,-4.81,0.08,-9.22,0.04,187753.0,,,StalAge,not applicable,not applicable,188809.1101,3813.65871,2313.023851,188235.6126,2413.334534,2263.055115,187141.0,1465.15,1121.1,188631.9298,1759.52767,1401.127626,,,,187922.8623,2244.83404,1577.810542,187266.9129,1617.537981,1539.485199,,Calibrated radiocarbon years BP,per mille,per mille,per mille,per mille,mol/mol,mol/mol,mmol/mol,mmol/mol,mmol/mol,mmol/mol,mmol/mol,mmol/mol,mmol/mol,mmol/mol,mmol/mol,mmol/mol,mm,mm,mm,mg,mg,%,ppb,ppb (2-sigma uncertainty),ppt,ppt (2-sigma uncertainty),ppt,ppt (2-sigma uncertainty),activity ratio,activity ratio (2-sigma uncertainty),activity ratio,activity ratio (2-sigma uncertainty),activity ratio,activity ratio (2-sigma uncertainty),activity ratio,activity ratio (2-sigma uncertainty),m,m,m,per mille,degrees decimal,degrees decimal,meters a.s.l. ,year,year,year,year,year,year,year,year,1,10.1038/srep24374,"Kathayat, G., Cheng, H., Sinha, A., Spötl, C., Edwards, R. L., Zhang, H., Li, X., Yi, L., Ning, Y., Cai, Y., Lui, W. L. and Breitenbach, S. F. M.: Indian monsoon variability on millennial-orbital timescales, Sci. Rep., 6(1), 2016.",NOAA,"d13C, d18O, mineralogy_petrology_fabric"
1,Bittoo cave,30.7903,77.7764,3000.0,yes,,5,BT-2.4,current,,1-BT24,from top,limestone,Pleistocene,discontinuous carbonate,unknown,unknown,"closed forest, evergreen needle leaf",unknown,30.0,no,no,32.4,stalagmite,unknown,,yes,yes,Vienna-PDB,unknown,,no,no,yes,no,no,no,no,no,,,,,no,,,,,no,,,,,no,,,,,no,,,,,no,,,no,,no,"Cheng, Hai",https://www.ncdc.noaa.gov/paleo/study/20449,228.0,,289825,,,,,,,,,,,,,,,,,,,,,,,,,,,,,,,,,,,,,,,,,,,,228.0,calcite,not applicable,,,,,,,,,,,,,,-5.19,0.08,-9.73,0.04,187885.0,,,StalAge,not applicable,not applicable,188965.338,4073.182302,2433.728265,188282.5101,2436.775807,2277.971062,187178.5,1491.85,1137.55,188689.0088,1792.60726,1414.52517,,,,188090.0778,2480.557189,1706.601103,187308.5592,1640.691143,1563.698177,,Calibrated radiocarbon years BP,per mille,per mille,per mille,per mille,mol/mol,mol/mol,mmol/mol,mmol/mol,mmol/mol,mmol/mol,mmol/mol,mmol/mol,mmol/mol,mmol/mol,mmol/mol,mmol/mol,mm,mm,mm,mg,mg,%,ppb,ppb (2-sigma uncertainty),ppt,ppt (2-sigma uncertainty),ppt,ppt (2-sigma uncertainty),activity ratio,activity ratio (2-sigma uncertainty),activity ratio,activity ratio (2-sigma uncertainty),activity ratio,activity ratio (2-sigma uncertainty),activity ratio,activity ratio (2-sigma uncertainty),m,m,m,per mille,degrees decimal,degrees decimal,meters a.s.l. ,year,year,year,year,year,year,year,year,1,10.1038/srep24374,"Kathayat, G., Cheng, H., Sinha, A., Spötl, C., Edwards, R. L., Zhang, H., Li, X., Yi, L., Ning, Y., Cai, Y., Lui, W. L. and Breitenbach, S. F. M.: Indian monsoon variability on millennial-orbital timescales, Sci. Rep., 6(1), 2016.",NOAA,"d13C, d18O, mineralogy_petrology_fabric"
1,Bittoo cave,30.7903,77.7764,3000.0,yes,,5,BT-2.4,current,,1-BT24,from top,limestone,Pleistocene,discontinuous carbonate,unknown,unknown,"closed forest, evergreen needle leaf",unknown,30.0,no,no,32.4,stalagmite,unknown,,yes,yes,Vienna-PDB,unknown,,no,no,yes,no,no,no,no,no,,,,,no,,,,,no,,,,,no,,,,,no,,,,,no,,,no,,no,"Cheng, Hai",https://www.ncdc.noaa.gov/paleo/study/20449,229.2,,289826,,,,,,,,,,,,,,,,,,,,,,,,,,,,,,,,,,,,,,,,,,,,229.2,calcite,not applicable,,,,,,,,,,,,,,-5.28,0.08,-9.58,0.04,188017.0,,,StalAge,not applicable,not applicable,189122.2001,4301.856828,2549.435064,188329.3707,2460.254014,2292.311127,187220.5,1530.05,1160.55,188748.8134,1818.547896,1436.683972,,,,188269.8796,2704.334313,1831.419462,187351.6857,1656.044229,1593.319479,,Calibrated radiocarbon years BP,per mille,per mille,per mille,per mille,mol/mol,mol/mol,mmol/mol,mmol/mol,mmol/mol,mmol/mol,mmol/mol,mmol/mol,mmol/mol,mmol/mol,mmol/mol,mmol/mol,mm,mm,mm,mg,mg,%,ppb,ppb (2-sigma uncertainty),ppt,ppt (2-sigma uncertainty),ppt,ppt (2-sigma uncertainty),activity ratio,activity ratio (2-sigma uncertainty),activity ratio,activity ratio (2-sigma uncertainty),activity ratio,activity ratio (2-sigma uncertainty),activity ratio,activity ratio (2-sigma uncertainty),m,m,m,per mille,degrees decimal,degrees decimal,meters a.s.l. ,year,year,year,year,year,year,year,year,1,10.1038/srep24374,"Kathayat, G., Cheng, H., Sinha, A., Spötl, C., Edwards, R. L., Zhang, H., Li, X., Yi, L., Ning, Y., Cai, Y., Lui, W. L. and Breitenbach, S. F. M.: Indian monsoon variability on millennial-orbital timescales, Sci. Rep., 6(1), 2016.",NOAA,"d13C, d18O, mineralogy_petrology_fabric"
1,Bittoo cave,30.7903,77.7764,3000.0,yes,,5,BT-2.4,current,,1-BT24,from top,limestone,Pleistocene,discontinuous carbonate,unknown,unknown,"closed forest, evergreen needle leaf",unknown,30.0,no,no,32.4,stalagmite,unknown,,yes,yes,Vienna-PDB,unknown,,no,no,yes,no,no,no,no,no,,,,,no,,,,,no,,,,,no,,,,,no,,,,,no,,,no,,no,"Cheng, Hai",https://www.ncdc.noaa.gov/paleo/study/20449,230.4,,289827,,,,,,,,,,,,,,,,,,,,,,,,,,,,,,,,,,,,,,,,,,,,230.4,calcite,not applicable,,,,,,,,,,,,,,-5.46,0.08,-9.5,0.04,188149.0,,,StalAge,not applicable,not applicable,189275.785,4558.196885,2678.87213,188376.2849,2483.644916,2306.662022,187260.0,1573.65,1166.3,188809.1719,1844.46787,1450.39311,,,,188453.0432,2956.581695,1968.038729,187398.4055,1667.769548,1619.166412,,Calibrated radiocarbon years BP,per mille,per mille,per mille,per mille,mol/mol,mol/mol,mmol/mol,mmol/mol,mmol/mol,mmol/mol,mmol/mol,mmol/mol,mmol/mol,mmol/mol,mmol/mol,mmol/mol,mm,mm,mm,mg,mg,%,ppb,ppb (2-sigma uncertainty),ppt,ppt (2-sigma uncertainty),ppt,ppt (2-sigma uncertainty),activity ratio,activity ratio (2-sigma uncertainty),activity ratio,activity ratio (2-sigma uncertainty),activity ratio,activity ratio (2-sigma uncertainty),activity ratio,activity ratio (2-sigma uncertainty),m,m,m,per mille,degrees decimal,degrees decimal,meters a.s.l. ,year,year,year,year,year,year,year,year,1,10.1038/srep24374,"Kathayat, G., Cheng, H., Sinha, A., Spötl, C., Edwards, R. L., Zhang, H., Li, X., Yi, L., Ning, Y., Cai, Y., Lui, W. L. and Breitenbach, S. F. M.: Indian monsoon variability on millennial-orbital timescales, Sci. Rep., 6(1), 2016.",NOAA,"d13C, d18O, mineralogy_petrology_fabric"
1,Bittoo cave,30.7903,77.7764,3000.0,yes,,5,BT-2.4,current,,1-BT24,from top,limestone,Pleistocene,discontinuous carbonate,unknown,unknown,"closed forest, evergreen needle leaf",unknown,30.0,no,no,32.4,stalagmite,unknown,,yes,yes,Vienna-PDB,unknown,,no,no,yes,no,no,no,no,no,,,,,no,,,,,no,,,,,no,,,,,no,,,,,no,,,no,,no,"Cheng, Hai",https://www.ncdc.noaa.gov/paleo/study/20449,231.6,,289828,,,,,,,,,,,,,,,,,,,,,,,,,,,,,,,,,,,,,,,,,,,,231.6,calcite,not applicable,,,,,,,,,,,,,,-5.7,0.08,-9.47,0.04,188281.0,,,StalAge,not applicable,not applicable,189443.6765,4804.700798,2829.788779,188422.5081,2503.20914,2323.482343,187303.0,1650.2,1186.25,188873.7381,1837.258024,1463.243306,,,,188642.1364,3209.965998,2120.356462,187447.004,1677.644176,1640.893942,,Calibrated radiocarbon years BP,per mille,per mille,per mille,per mille,mol/mol,mol/mol,mmol/mol,mmol/mol,mmol/mol,mmol/mol,mmol/mol,mmol/mol,mmol/mol,mmol/mol,mmol/mol,mmol/mol,mm,mm,mm,mg,mg,%,ppb,ppb (2-sigma uncertainty),ppt,ppt (2-sigma uncertainty),ppt,ppt (2-sigma uncertainty),activity ratio,activity ratio (2-sigma uncertainty),activity ratio,activity ratio (2-sigma uncertainty),activity ratio,activity ratio (2-sigma uncertainty),activity ratio,activity ratio (2-sigma uncertainty),m,m,m,per mille,degrees decimal,degrees decimal,meters a.s.l. ,year,year,year,year,year,year,year,year,1,10.1038/srep24374,"Kathayat, G., Cheng, H., Sinha, A., Spötl, C., Edwards, R. L., Zhang, H., Li, X., Yi, L., Ning, Y., Cai, Y., Lui, W. L. and Breitenbach, S. F. M.: Indian monsoon variability on millennial-orbital timescales, Sci. Rep., 6(1), 2016.",NOAA,"d13C, d18O, mineralogy_petrology_fabric"
1,Bittoo cave,30.7903,77.7764,3000.0,yes,,5,BT-2.4,current,,1-BT24,from top,limestone,Pleistocene,discontinuous carbonate,unknown,unknown,"closed forest, evergreen needle leaf",unknown,30.0,no,no,32.4,stalagmite,unknown,,yes,yes,Vienna-PDB,unknown,,no,no,yes,no,no,no,no,no,,,,,no,,,,,no,,,,,no,,,,,no,,,,,no,,,no,,no,"Cheng, Hai",https://www.ncdc.noaa.gov/paleo/study/20449,231.8,,289829,,,,,,,,,,,,,,,,,,,,,,,,,,,,,,,,,,,,,,,,,,,,231.8,calcite,not applicable,,,,,,,,,,,,,,-5.13,0.08,-8.85,0.04,188303.0,,,StalAge,not applicable,not applicable,189470.4602,4839.685131,2854.990133,188430.0677,2506.613307,2326.484555,187311.5,1647.15,1193.6,188882.8126,1840.493218,1463.45553,,,,188675.3139,3259.384843,2146.375149,187454.9971,1679.09204,1644.530857,,Calibrated radiocarbon years BP,per mille,per mille,per mille,per mille,mol/mol,mol/mol,mmol/mol,mmol/mol,mmol/mol,mmol/mol,mmol/mol,mmol/mol,mmol/mol,mmol/mol,mmol/mol,mmol/mol,mm,mm,mm,mg,mg,%,ppb,ppb (2-sigma uncertainty),ppt,ppt (2-sigma uncertainty),ppt,ppt (2-sigma uncertainty),activity ratio,activity ratio (2-sigma uncertainty),activity ratio,activity ratio (2-sigma uncertainty),activity ratio,activity ratio (2-sigma uncertainty),activity ratio,activity ratio (2-sigma uncertainty),m,m,m,per mille,degrees decimal,degrees decimal,meters a.s.l. ,year,year,year,year,year,year,year,year,1,10.1038/srep24374,"Kathayat, G., Cheng, H., Sinha, A., Spötl, C., Edwards, R. L., Zhang, H., Li, X., Yi, L., Ning, Y., Cai, Y., Lui, W. L. and Breitenbach, S. F. M.: Indian monsoon variability on millennial-orbital timescales, Sci. Rep., 6(1), 2016.",NOAA,"d13C, d18O, mineralogy_petrology_fabric"
1,Bittoo cave,30.7903,77.7764,3000.0,yes,,5,BT-2.4,current,,1-BT24,from top,limestone,Pleistocene,discontinuous carbonate,unknown,unknown,"closed forest, evergreen needle leaf",unknown,30.0,no,no,32.4,stalagmite,unknown,,yes,yes,Vienna-PDB,unknown,,no,no,yes,no,no,no,no,no,,,,,no,,,,,no,,,,,no,,,,,no,,,,,no,,,no,,no,"Cheng, Hai",https://www.ncdc.noaa.gov/paleo/study/20449,232.8,,289830,,,,,,,,,,,,,,,,,,,,,,,,,,,,,,,,,,,,,,,,,,,,232.8,calcite,not applicable,,,,,,,,,,,,,,-6.15,0.08,-9.84,0.04,188413.0,,,StalAge,not applicable,not applicable,189608.3633,5000.789838,2977.645851,188469.1051,2524.58217,2342.735093,187343.5,1679.6,1212.95,188933.9082,1852.00976,1464.43838,,,,188834.4819,3487.749414,2272.271724,187494.8024,1686.371657,1665.082634,,Calibrated radiocarbon years BP,per mille,per mille,per mille,per mille,mol/mol,mol/mol,mmol/mol,mmol/mol,mmol/mol,mmol/mol,mmol/mol,mmol/mol,mmol/mol,mmol/mol,mmol/mol,mmol/mol,mm,mm,mm,mg,mg,%,ppb,ppb (2-sigma uncertainty),ppt,ppt (2-sigma uncertainty),ppt,ppt (2-sigma uncertainty),activity ratio,activity ratio (2-sigma uncertainty),activity ratio,activity ratio (2-sigma uncertainty),activity ratio,activity ratio (2-sigma uncertainty),activity ratio,activity ratio (2-sigma uncertainty),m,m,m,per mille,degrees decimal,degrees decimal,meters a.s.l. ,year,year,year,year,year,year,year,year,1,10.1038/srep24374,"Kathayat, G., Cheng, H., Sinha, A., Spötl, C., Edwards, R. L., Zhang, H., Li, X., Yi, L., Ning, Y., Cai, Y., Lui, W. L. and Breitenbach, S. F. M.: Indian monsoon variability on millennial-orbital timescales, Sci. Rep., 6(1), 2016.",NOAA,"d13C, d18O, mineralogy_petrology_fabric"
1,Bittoo cave,30.7903,77.7764,3000.0,yes,,5,BT-2.4,current,,1-BT24,from top,limestone,Pleistocene,discontinuous carbonate,unknown,unknown,"closed forest, evergreen needle leaf",unknown,30.0,no,no,32.4,stalagmite,unknown,,yes,yes,Vienna-PDB,unknown,,no,no,yes,no,no,no,no,no,,,,,no,,,,,no,,,,,no,,,,,no,,,,,no,,,no,,no,"Cheng, Hai",https://www.ncdc.noaa.gov/paleo/study/20449,234.0,,289831,,,,,,,,,,,,,,,,,,,,,,,,,,,,,,,,,,,,,,,,,,,,234.0,calcite,not applicable,,,,,,,,,,,,,,-5.72,0.08,-9.31,0.04,188545.0,,,StalAge,not applicable,not applicable,189767.3781,5235.094006,3101.127395,188515.5405,2546.91533,2358.727008,187388.5,1728.7,1246.85,188996.6584,1857.62137,1481.58,,,,189026.7289,3745.325195,2423.065004,187545.2399,1698.731448,1700.810462,,Calibrated radiocarbon years BP,per mille,per mille,per mille,per mille,mol/mol,mol/mol,mmol/mol,mmol/mol,mmol/mol,mmol/mol,mmol/mol,mmol/mol,mmol/mol,mmol/mol,mmol/mol,mmol/mol,mm,mm,mm,mg,mg,%,ppb,ppb (2-sigma uncertainty),ppt,ppt (2-sigma uncertainty),ppt,ppt (2-sigma uncertainty),activity ratio,activity ratio (2-sigma uncertainty),activity ratio,activity ratio (2-sigma uncertainty),activity ratio,activity ratio (2-sigma uncertainty),activity ratio,activity ratio (2-sigma uncertainty),m,m,m,per mille,degrees decimal,degrees decimal,meters a.s.l. ,year,year,year,year,year,year,year,year,1,10.1038/srep24374,"Kathayat, G., Cheng, H., Sinha, A., Spötl, C., Edwards, R. L., Zhang, H., Li, X., Yi, L., Ning, Y., Cai, Y., Lui, W. L. and Breitenbach, S. F. M.: Indian monsoon variability on millennial-orbital timescales, Sci. Rep., 6(1), 2016.",NOAA,"d13C, d18O, mineralogy_petrology_fabric"
1,Bittoo cave,30.7903,77.7764,3000.0,yes,,5,BT-2.4,current,,1-BT24,from top,limestone,Pleistocene,discontinuous carbonate,unknown,unknown,"closed forest, evergreen needle leaf",unknown,30.0,no,no,32.4,stalagmite,unknown,,yes,yes,Vienna-PDB,unknown,,no,no,yes,no,no,no,no,no,,,,,no,,,,,no,,,,,no,,,,,no,,,,,no,,,no,,no,"Cheng, Hai",https://www.ncdc.noaa.gov/paleo/study/20449,235.2,,289832,,,,,,,,,,,,,,,,,,,,,,,,,,,,,,,,,,,,,,,,,,,,235.2,calcite,not applicable,,,,,,,,,,,,,,-5.87,0.08,-9.47,0.04,188677.0,,,StalAge,not applicable,not applicable,189931.5444,5488.572213,3246.43494,188561.1787,2570.219136,2375.471731,187415.5,1795.8,1266.8,189063.6668,1871.753632,1502.605398,,,,189236.61,4008.27085,2586.936181,187598.4922,1717.170921,1743.736364,,Calibrated radiocarbon years BP,per mille,per mille,per mille,per mille,mol/mol,mol/mol,mmol/mol,mmol/mol,mmol/mol,mmol/mol,mmol/mol,mmol/mol,mmol/mol,mmol/mol,mmol/mol,mmol/mol,mm,mm,mm,mg,mg,%,ppb,ppb (2-sigma uncertainty),ppt,ppt (2-sigma uncertainty),ppt,ppt (2-sigma uncertainty),activity ratio,activity ratio (2-sigma uncertainty),activity ratio,activity ratio (2-sigma uncertainty),activity ratio,activity ratio (2-sigma uncertainty),activity ratio,activity ratio (2-sigma uncertainty),m,m,m,per mille,degrees decimal,degrees decimal,meters a.s.l. ,year,year,year,year,year,year,year,year,1,10.1038/srep24374,"Kathayat, G., Cheng, H., Sinha, A., Spötl, C., Edwards, R. L., Zhang, H., Li, X., Yi, L., Ning, Y., Cai, Y., Lui, W. L. and Breitenbach, S. F. M.: Indian monsoon variability on millennial-orbital timescales, Sci. Rep., 6(1), 2016.",NOAA,"d13C, d18O, mineralogy_petrology_fabric"
1,Bittoo cave,30.7903,77.7764,3000.0,yes,,5,BT-2.4,current,,1-BT24,from top,limestone,Pleistocene,discontinuous carbonate,unknown,unknown,"closed forest, evergreen needle leaf",unknown,30.0,no,no,32.4,stalagmite,unknown,,yes,yes,Vienna-PDB,unknown,,no,no,yes,no,no,no,no,no,,,,,no,,,,,no,,,,,no,,,,,no,,,,,no,,,no,,no,"Cheng, Hai",https://www.ncdc.noaa.gov/paleo/study/20449,236.4,,289833,,,,,,,,,,,,,,,,,,,,,,,,,,,,,,,,,,,,,,,,,,,,236.4,calcite,not applicable,,,,,,,,,,,,,,-5.73,0.08,-9.4,0.04,188809.0,,,StalAge,not applicable,not applicable,190094.3161,5753.076554,3378.966472,188606.5034,2593.828491,2391.835672,187457.0,1847.05,1297.1,189121.6626,1889.248972,1517.36387,,,,189452.627,4304.670285,2776.827686,187648.3485,1738.407956,1770.760442,,Calibrated radiocarbon years BP,per mille,per mille,per mille,per mille,mol/mol,mol/mol,mmol/mol,mmol/mol,mmol/mol,mmol/mol,mmol/mol,mmol/mol,mmol/mol,mmol/mol,mmol/mol,mmol/mol,mm,mm,mm,mg,mg,%,ppb,ppb (2-sigma uncertainty),ppt,ppt (2-sigma uncertainty),ppt,ppt (2-sigma uncertainty),activity ratio,activity ratio (2-sigma uncertainty),activity ratio,activity ratio (2-sigma uncertainty),activity ratio,activity ratio (2-sigma uncertainty),activity ratio,activity ratio (2-sigma uncertainty),m,m,m,per mille,degrees decimal,degrees decimal,meters a.s.l. ,year,year,year,year,year,year,year,year,1,10.1038/srep24374,"Kathayat, G., Cheng, H., Sinha, A., Spötl, C., Edwards, R. L., Zhang, H., Li, X., Yi, L., Ning, Y., Cai, Y., Lui, W. L. and Breitenbach, S. F. M.: Indian monsoon variability on millennial-orbital timescales, Sci. Rep., 6(1), 2016.",NOAA,"d13C, d18O, mineralogy_petrology_fabric"
1,Bittoo cave,30.7903,77.7764,3000.0,yes,,5,BT-2.4,current,,1-BT24,from top,limestone,Pleistocene,discontinuous carbonate,unknown,unknown,"closed forest, evergreen needle leaf",unknown,30.0,no,no,32.4,stalagmite,unknown,,yes,yes,Vienna-PDB,unknown,,no,no,yes,no,no,no,no,no,,,,,no,,,,,no,,,,,no,,,,,no,,,,,no,,,no,,no,"Cheng, Hai",https://www.ncdc.noaa.gov/paleo/study/20449,237.6,,289834,,,,,,,,,,,,,,,,,,,,,,,,,,,,,,,,,,,,,,,,,,,,237.6,calcite,not applicable,,,,,,,,,,,,,,-5.76,0.08,-9.36,0.04,188941.0,,,StalAge,not applicable,not applicable,190253.7929,6040.808218,3521.546991,188652.2447,2616.246655,2406.94357,187495.0,1905.05,1318.25,189179.8061,1923.115742,1531.538758,,,,189670.1589,4599.304458,2961.466961,187700.6446,1752.899524,1792.464984,,Calibrated radiocarbon years BP,per mille,per mille,per mille,per mille,mol/mol,mol/mol,mmol/mol,mmol/mol,mmol/mol,mmol/mol,mmol/mol,mmol/mol,mmol/mol,mmol/mol,mmol/mol,mmol/mol,mm,mm,mm,mg,mg,%,ppb,ppb (2-sigma uncertainty),ppt,ppt (2-sigma uncertainty),ppt,ppt (2-sigma uncertainty),activity ratio,activity ratio (2-sigma uncertainty),activity ratio,activity ratio (2-sigma uncertainty),activity ratio,activity ratio (2-sigma uncertainty),activity ratio,activity ratio (2-sigma uncertainty),m,m,m,per mille,degrees decimal,degrees decimal,meters a.s.l. ,year,year,year,year,year,year,year,year,1,10.1038/srep24374,"Kathayat, G., Cheng, H., Sinha, A., Spötl, C., Edwards, R. L., Zhang, H., Li, X., Yi, L., Ning, Y., Cai, Y., Lui, W. L. and Breitenbach, S. F. M.: Indian monsoon variability on millennial-orbital timescales, Sci. Rep., 6(1), 2016.",NOAA,"d13C, d18O, mineralogy_petrology_fabric"
1,Bittoo cave,30.7903,77.7764,3000.0,yes,,5,BT-2.4,current,,1-BT24,from top,limestone,Pleistocene,discontinuous carbonate,unknown,unknown,"closed forest, evergreen needle leaf",unknown,30.0,no,no,32.4,stalagmite,unknown,,yes,yes,Vienna-PDB,unknown,,no,no,yes,no,no,no,no,no,,,,,no,,,,,no,,,,,no,,,,,no,,,,,no,,,no,,no,"Cheng, Hai",https://www.ncdc.noaa.gov/paleo/study/20449,238.8,,289835,,,,,,,,,,,,,,,,,,,,,,,,,,,,,,,,,,,,,,,,,,,,238.8,calcite,not applicable,,,,,,,,,,,,,,-6.38,0.08,-9.37,0.04,189073.0,,,StalAge,not applicable,not applicable,190419.2927,6320.290383,3670.401961,188700.2122,2636.401565,2424.277701,187522.5,1971.7,1329.6,189239.4351,1951.883254,1553.98041,,,,189887.6818,4920.564661,3137.944633,187763.8593,1752.71663,1831.569982,,Calibrated radiocarbon years BP,per mille,per mille,per mille,per mille,mol/mol,mol/mol,mmol/mol,mmol/mol,mmol/mol,mmol/mol,mmol/mol,mmol/mol,mmol/mol,mmol/mol,mmol/mol,mmol/mol,mm,mm,mm,mg,mg,%,ppb,ppb (2-sigma uncertainty),ppt,ppt (2-sigma uncertainty),ppt,ppt (2-sigma uncertainty),activity ratio,activity ratio (2-sigma uncertainty),activity ratio,activity ratio (2-sigma uncertainty),activity ratio,activity ratio (2-sigma uncertainty),activity ratio,activity ratio (2-sigma uncertainty),m,m,m,per mille,degrees decimal,degrees decimal,meters a.s.l. ,year,year,year,year,year,year,year,year,1,10.1038/srep24374,"Kathayat, G., Cheng, H., Sinha, A., Spötl, C., Edwards, R. L., Zhang, H., Li, X., Yi, L., Ning, Y., Cai, Y., Lui, W. L. and Breitenbach, S. F. M.: Indian monsoon variability on millennial-orbital timescales, Sci. Rep., 6(1), 2016.",NOAA,"d13C, d18O, mineralogy_petrology_fabric"
1,Bittoo cave,30.7903,77.7764,3000.0,yes,,5,BT-2.4,current,,1-BT24,from top,limestone,Pleistocene,discontinuous carbonate,unknown,unknown,"closed forest, evergreen needle leaf",unknown,30.0,no,no,32.4,stalagmite,unknown,,yes,yes,Vienna-PDB,unknown,,no,no,yes,no,no,no,no,no,,,,,no,,,,,no,,,,,no,,,,,no,,,,,no,,,no,,no,"Cheng, Hai",https://www.ncdc.noaa.gov/paleo/study/20449,240.0,,289836,,,,,,,,,,,,,,,,,,,,,,,,,,,,,,,,,,,,,,,,,,,,240.0,calcite,not applicable,,,,,,,,,,,,,,-5.66,0.08,-9.1,0.04,189205.0,,,StalAge,not applicable,not applicable,190577.9635,6551.256943,3804.314749,188748.2883,2656.447908,2441.720398,187557.5,2031.8,1321.8,189300.411,1985.56874,1578.82125,,,,190111.9767,5237.251972,3339.58847,187824.6244,1751.18627,1868.284688,,Calibrated radiocarbon years BP,per mille,per mille,per mille,per mille,mol/mol,mol/mol,mmol/mol,mmol/mol,mmol/mol,mmol/mol,mmol/mol,mmol/mol,mmol/mol,mmol/mol,mmol/mol,mmol/mol,mm,mm,mm,mg,mg,%,ppb,ppb (2-sigma uncertainty),ppt,ppt (2-sigma uncertainty),ppt,ppt (2-sigma uncertainty),activity ratio,activity ratio (2-sigma uncertainty),activity ratio,activity ratio (2-sigma uncertainty),activity ratio,activity ratio (2-sigma uncertainty),activity ratio,activity ratio (2-sigma uncertainty),m,m,m,per mille,degrees decimal,degrees decimal,meters a.s.l. ,year,year,year,year,year,year,year,year,1,10.1038/srep24374,"Kathayat, G., Cheng, H., Sinha, A., Spötl, C., Edwards, R. L., Zhang, H., Li, X., Yi, L., Ning, Y., Cai, Y., Lui, W. L. and Breitenbach, S. F. M.: Indian monsoon variability on millennial-orbital timescales, Sci. Rep., 6(1), 2016.",NOAA,"d13C, d18O, mineralogy_petrology_fabric"
1,Bittoo cave,30.7903,77.7764,3000.0,yes,,5,BT-2.4,current,,1-BT24,from top,limestone,Pleistocene,discontinuous carbonate,unknown,unknown,"closed forest, evergreen needle leaf",unknown,30.0,no,no,32.4,stalagmite,unknown,,yes,yes,Vienna-PDB,unknown,,no,no,yes,no,no,no,no,no,,,,,no,,,,,no,,,,,no,,,,,no,,,,,no,,,no,,no,"Cheng, Hai",https://www.ncdc.noaa.gov/paleo/study/20449,241.2,,289837,,,,,,,,,,,,,,,,,,,,,,,,,,,,,,,,,,,,,,,,,,,,241.2,calcite,not applicable,,,,,,,,,,,,,,-6.27,0.08,-9.53,0.04,189337.0,,,StalAge,not applicable,not applicable,190739.2028,6815.473728,3947.777137,188796.2535,2676.605131,2459.117045,187597.0,2086.45,1345.1,189358.6918,1984.888812,1579.66955,,,,190354.0979,5523.591407,3538.060905,187875.481,1758.96175,1891.285553,,Calibrated radiocarbon years BP,per mille,per mille,per mille,per mille,mol/mol,mol/mol,mmol/mol,mmol/mol,mmol/mol,mmol/mol,mmol/mol,mmol/mol,mmol/mol,mmol/mol,mmol/mol,mmol/mol,mm,mm,mm,mg,mg,%,ppb,ppb (2-sigma uncertainty),ppt,ppt (2-sigma uncertainty),ppt,ppt (2-sigma uncertainty),activity ratio,activity ratio (2-sigma uncertainty),activity ratio,activity ratio (2-sigma uncertainty),activity ratio,activity ratio (2-sigma uncertainty),activity ratio,activity ratio (2-sigma uncertainty),m,m,m,per mille,degrees decimal,degrees decimal,meters a.s.l. ,year,year,year,year,year,year,year,year,1,10.1038/srep24374,"Kathayat, G., Cheng, H., Sinha, A., Spötl, C., Edwards, R. L., Zhang, H., Li, X., Yi, L., Ning, Y., Cai, Y., Lui, W. L. and Breitenbach, S. F. M.: Indian monsoon variability on millennial-orbital timescales, Sci. Rep., 6(1), 2016.",NOAA,"d13C, d18O, mineralogy_petrology_fabric"
1,Bittoo cave,30.7903,77.7764,3000.0,yes,,5,BT-2.4,current,,1-BT24,from top,limestone,Pleistocene,discontinuous carbonate,unknown,unknown,"closed forest, evergreen needle leaf",unknown,30.0,no,no,32.4,stalagmite,unknown,,yes,yes,Vienna-PDB,unknown,,no,no,yes,no,no,no,no,no,,,,,no,,,,,no,,,,,no,,,,,no,,,,,no,,,no,,no,"Cheng, Hai",https://www.ncdc.noaa.gov/paleo/study/20449,242.4,,289838,,,,,,,,,,,,,,,,,,,,,,,,,,,,,,,,,,,,,,,,,,,,242.4,calcite,not applicable,,,,,,,,,,,,,,-6.17,0.08,-9.29,0.04,189469.0,,,StalAge,not applicable,not applicable,190897.3475,7067.249119,4084.722291,188843.6357,2697.603566,2479.453962,187638.0,2153.45,1367.4,189416.3425,1992.747458,1578.34005,,,,190577.7535,5830.809849,3730.407236,187926.1518,1773.762449,1917.548019,,Calibrated radiocarbon years BP,per mille,per mille,per mille,per mille,mol/mol,mol/mol,mmol/mol,mmol/mol,mmol/mol,mmol/mol,mmol/mol,mmol/mol,mmol/mol,mmol/mol,mmol/mol,mmol/mol,mm,mm,mm,mg,mg,%,ppb,ppb (2-sigma uncertainty),ppt,ppt (2-sigma uncertainty),ppt,ppt (2-sigma uncertainty),activity ratio,activity ratio (2-sigma uncertainty),activity ratio,activity ratio (2-sigma uncertainty),activity ratio,activity ratio (2-sigma uncertainty),activity ratio,activity ratio (2-sigma uncertainty),m,m,m,per mille,degrees decimal,degrees decimal,meters a.s.l. ,year,year,year,year,year,year,year,year,1,10.1038/srep24374,"Kathayat, G., Cheng, H., Sinha, A., Spötl, C., Edwards, R. L., Zhang, H., Li, X., Yi, L., Ning, Y., Cai, Y., Lui, W. L. and Breitenbach, S. F. M.: Indian monsoon variability on millennial-orbital timescales, Sci. Rep., 6(1), 2016.",NOAA,"d13C, d18O, mineralogy_petrology_fabric"
1,Bittoo cave,30.7903,77.7764,3000.0,yes,,5,BT-2.4,current,,1-BT24,from top,limestone,Pleistocene,discontinuous carbonate,unknown,unknown,"closed forest, evergreen needle leaf",unknown,30.0,no,no,32.4,stalagmite,unknown,,yes,yes,Vienna-PDB,unknown,,no,no,yes,no,no,no,no,no,,,,,no,,,,,no,,,,,no,,,,,no,,,,,no,,,no,,no,"Cheng, Hai",https://www.ncdc.noaa.gov/paleo/study/20449,243.6,,289839,,,,,,,,,,,,,,,,,,,,,,,,,,,,,,,,,,,,,,,,,,,,243.6,calcite,not applicable,,,,,,,,,,,,,,-5.39,0.08,-9.36,0.04,189601.0,,,StalAge,not applicable,not applicable,191055.4623,7301.734259,4219.023987,188890.3961,2718.798795,2499.169165,187689.5,2194.65,1399.75,189479.6217,2003.119516,1590.914556,,,,190797.4446,6145.220728,3915.931969,187981.2469,1786.692284,1948.357655,,Calibrated radiocarbon years BP,per mille,per mille,per mille,per mille,mol/mol,mol/mol,mmol/mol,mmol/mol,mmol/mol,mmol/mol,mmol/mol,mmol/mol,mmol/mol,mmol/mol,mmol/mol,mmol/mol,mm,mm,mm,mg,mg,%,ppb,ppb (2-sigma uncertainty),ppt,ppt (2-sigma uncertainty),ppt,ppt (2-sigma uncertainty),activity ratio,activity ratio (2-sigma uncertainty),activity ratio,activity ratio (2-sigma uncertainty),activity ratio,activity ratio (2-sigma uncertainty),activity ratio,activity ratio (2-sigma uncertainty),m,m,m,per mille,degrees decimal,degrees decimal,meters a.s.l. ,year,year,year,year,year,year,year,year,1,10.1038/srep24374,"Kathayat, G., Cheng, H., Sinha, A., Spötl, C., Edwards, R. L., Zhang, H., Li, X., Yi, L., Ning, Y., Cai, Y., Lui, W. L. and Breitenbach, S. F. M.: Indian monsoon variability on millennial-orbital timescales, Sci. Rep., 6(1), 2016.",NOAA,"d13C, d18O, mineralogy_petrology_fabric"
1,Bittoo cave,30.7903,77.7764,3000.0,yes,,5,BT-2.4,current,,1-BT24,from top,limestone,Pleistocene,discontinuous carbonate,unknown,unknown,"closed forest, evergreen needle leaf",unknown,30.0,no,no,32.4,stalagmite,unknown,,yes,yes,Vienna-PDB,unknown,,no,no,yes,no,no,no,no,no,,,,,no,,,,,no,,,,,no,,,,,no,,,,,no,,,no,,no,"Cheng, Hai",https://www.ncdc.noaa.gov/paleo/study/20449,244.8,,289840,,,,,,,,,,,,,,,,,,,,,,,,,,,,,,,,,,,,,,,,,,,,244.8,calcite,not applicable,,,,,,,,,,,,,,-5.15,0.08,-9.73,0.04,189733.0,,,StalAge,not applicable,not applicable,191206.1473,7550.586478,4340.69169,188937.1566,2739.328635,2518.884367,187724.0,2254.05,1393.75,189539.8053,2021.20584,1597.156834,,,,191018.6495,6420.952205,4097.238438,188039.4014,1790.115578,1974.652379,,Calibrated radiocarbon years BP,per mille,per mille,per mille,per mille,mol/mol,mol/mol,mmol/mol,mmol/mol,mmol/mol,mmol/mol,mmol/mol,mmol/mol,mmol/mol,mmol/mol,mmol/mol,mmol/mol,mm,mm,mm,mg,mg,%,ppb,ppb (2-sigma uncertainty),ppt,ppt (2-sigma uncertainty),ppt,ppt (2-sigma uncertainty),activity ratio,activity ratio (2-sigma uncertainty),activity ratio,activity ratio (2-sigma uncertainty),activity ratio,activity ratio (2-sigma uncertainty),activity ratio,activity ratio (2-sigma uncertainty),m,m,m,per mille,degrees decimal,degrees decimal,meters a.s.l. ,year,year,year,year,year,year,year,year,1,10.1038/srep24374,"Kathayat, G., Cheng, H., Sinha, A., Spötl, C., Edwards, R. L., Zhang, H., Li, X., Yi, L., Ning, Y., Cai, Y., Lui, W. L. and Breitenbach, S. F. M.: Indian monsoon variability on millennial-orbital timescales, Sci. Rep., 6(1), 2016.",NOAA,"d13C, d18O, mineralogy_petrology_fabric"
1,Bittoo cave,30.7903,77.7764,3000.0,yes,,5,BT-2.4,current,,1-BT24,from top,limestone,Pleistocene,discontinuous carbonate,unknown,unknown,"closed forest, evergreen needle leaf",unknown,30.0,no,no,32.4,stalagmite,unknown,,yes,yes,Vienna-PDB,unknown,,no,no,yes,no,no,no,no,no,,,,,no,,,,,no,,,,,no,,,,,no,,,,,no,,,no,,no,"Cheng, Hai",https://www.ncdc.noaa.gov/paleo/study/20449,246.0,,289841,,,,,,,,,,,,,,,,,,,,,,,,,,,,,,,,,,,,,,,,,,,,246.0,calcite,not applicable,,,,,,,,,,,,,,-5.38,0.08,-9.76,0.04,189865.0,,,StalAge,not applicable,not applicable,191363.9781,7840.901945,4484.707493,188982.9738,2761.615546,2537.656327,187768.5,2296.65,1416.6,189601.5394,2043.38347,1625.650892,,,,191249.1239,6711.628471,4296.564742,188092.5824,1795.520654,1992.972413,,Calibrated radiocarbon years BP,per mille,per mille,per mille,per mille,mol/mol,mol/mol,mmol/mol,mmol/mol,mmol/mol,mmol/mol,mmol/mol,mmol/mol,mmol/mol,mmol/mol,mmol/mol,mmol/mol,mm,mm,mm,mg,mg,%,ppb,ppb (2-sigma uncertainty),ppt,ppt (2-sigma uncertainty),ppt,ppt (2-sigma uncertainty),activity ratio,activity ratio (2-sigma uncertainty),activity ratio,activity ratio (2-sigma uncertainty),activity ratio,activity ratio (2-sigma uncertainty),activity ratio,activity ratio (2-sigma uncertainty),m,m,m,per mille,degrees decimal,degrees decimal,meters a.s.l. ,year,year,year,year,year,year,year,year,1,10.1038/srep24374,"Kathayat, G., Cheng, H., Sinha, A., Spötl, C., Edwards, R. L., Zhang, H., Li, X., Yi, L., Ning, Y., Cai, Y., Lui, W. L. and Breitenbach, S. F. M.: Indian monsoon variability on millennial-orbital timescales, Sci. Rep., 6(1), 2016.",NOAA,"d13C, d18O, mineralogy_petrology_fabric"
1,Bittoo cave,30.7903,77.7764,3000.0,yes,,5,BT-2.4,current,,1-BT24,from top,limestone,Pleistocene,discontinuous carbonate,unknown,unknown,"closed forest, evergreen needle leaf",unknown,30.0,no,no,32.4,stalagmite,unknown,,yes,yes,Vienna-PDB,unknown,,no,no,yes,no,no,no,no,no,,,,,no,,,,,no,,,,,no,,,,,no,,,,,no,,,no,,no,"Cheng, Hai",https://www.ncdc.noaa.gov/paleo/study/20449,247.2,,289842,,,,,,,,,,,,,,,,,,,,,,,,,,,,,,,,,,,,,,,,,,,,247.2,calcite,not applicable,,,,,,,,,,,,,,-5.18,0.08,-9.22,0.04,189997.0,,,StalAge,not applicable,not applicable,191529.3544,8122.213546,4620.002584,189029.1846,2783.50887,2556.821873,187823.0,2341.7,1439.2,189664.1165,2056.357424,1644.418114,,,,191465.25,7045.413298,4463.70318,188141.3214,1809.343207,2005.396468,,Calibrated radiocarbon years BP,per mille,per mille,per mille,per mille,mol/mol,mol/mol,mmol/mol,mmol/mol,mmol/mol,mmol/mol,mmol/mol,mmol/mol,mmol/mol,mmol/mol,mmol/mol,mmol/mol,mm,mm,mm,mg,mg,%,ppb,ppb (2-sigma uncertainty),ppt,ppt (2-sigma uncertainty),ppt,ppt (2-sigma uncertainty),activity ratio,activity ratio (2-sigma uncertainty),activity ratio,activity ratio (2-sigma uncertainty),activity ratio,activity ratio (2-sigma uncertainty),activity ratio,activity ratio (2-sigma uncertainty),m,m,m,per mille,degrees decimal,degrees decimal,meters a.s.l. ,year,year,year,year,year,year,year,year,1,10.1038/srep24374,"Kathayat, G., Cheng, H., Sinha, A., Spötl, C., Edwards, R. L., Zhang, H., Li, X., Yi, L., Ning, Y., Cai, Y., Lui, W. L. and Breitenbach, S. F. M.: Indian monsoon variability on millennial-orbital timescales, Sci. Rep., 6(1), 2016.",NOAA,"d13C, d18O, mineralogy_petrology_fabric"
1,Bittoo cave,30.7903,77.7764,3000.0,yes,,5,BT-2.4,current,,1-BT24,from top,limestone,Pleistocene,discontinuous carbonate,unknown,unknown,"closed forest, evergreen needle leaf",unknown,30.0,no,no,32.4,stalagmite,unknown,,yes,yes,Vienna-PDB,unknown,,no,no,yes,no,no,no,no,no,,,,,no,,,,,no,,,,,no,,,,,no,,,,,no,,,no,,no,"Cheng, Hai",https://www.ncdc.noaa.gov/paleo/study/20449,248.4,,289843,,,,,,,,,,,,,,,,,,,,,,,,,,,,,,,,,,,,,,,,,,,,248.4,calcite,not applicable,,,,,,,,,,,,,,-5.9,0.08,-9.58,0.04,190129.0,,,StalAge,not applicable,not applicable,191680.5469,8390.025885,4743.718565,189076.2487,2804.548864,2576.242362,187889.5,2385.65,1449.05,189727.2348,2090.742193,1673.990846,,,,191692.8352,7367.528046,4651.843742,188199.8853,1823.444206,2019.714067,,Calibrated radiocarbon years BP,per mille,per mille,per mille,per mille,mol/mol,mol/mol,mmol/mol,mmol/mol,mmol/mol,mmol/mol,mmol/mol,mmol/mol,mmol/mol,mmol/mol,mmol/mol,mmol/mol,mm,mm,mm,mg,mg,%,ppb,ppb (2-sigma uncertainty),ppt,ppt (2-sigma uncertainty),ppt,ppt (2-sigma uncertainty),activity ratio,activity ratio (2-sigma uncertainty),activity ratio,activity ratio (2-sigma uncertainty),activity ratio,activity ratio (2-sigma uncertainty),activity ratio,activity ratio (2-sigma uncertainty),m,m,m,per mille,degrees decimal,degrees decimal,meters a.s.l. ,year,year,year,year,year,year,year,year,1,10.1038/srep24374,"Kathayat, G., Cheng, H., Sinha, A., Spötl, C., Edwards, R. L., Zhang, H., Li, X., Yi, L., Ning, Y., Cai, Y., Lui, W. L. and Breitenbach, S. F. M.: Indian monsoon variability on millennial-orbital timescales, Sci. Rep., 6(1), 2016.",NOAA,"d13C, d18O, mineralogy_petrology_fabric"
1,Bittoo cave,30.7903,77.7764,3000.0,yes,,5,BT-2.4,current,,1-BT24,from top,limestone,Pleistocene,discontinuous carbonate,unknown,unknown,"closed forest, evergreen needle leaf",unknown,30.0,no,no,32.4,stalagmite,unknown,,yes,yes,Vienna-PDB,unknown,,no,no,yes,no,no,no,no,no,,,,,no,,,,,no,,,,,no,,,,,no,,,,,no,,,no,,no,"Cheng, Hai",https://www.ncdc.noaa.gov/paleo/study/20449,248.8,,289844,MC-ICP-MS U/Th,,BT2-8,calcite,,,190373.0,6673.0,6673.0,,,yes,202.5,0.9,1259.0,25.0,,,494.1917019,10.0007421,1.0065,0.0054,1.178687488,0.012676428,0.814430125,0.407215062,Cheng et al. 2013,190174.0,6663.0,6663.0,yes,yes,yes,yes,,yes,yes,,,,,,,248.8,calcite,not applicable,,,,,,,,,,,,,,-6.13,0.08,-9.26,0.04,190173.0,,,StalAge,not applicable,not applicable,191739.0742,8465.067647,4796.329642,189091.5548,2811.944154,2582.329737,187926.0,2386.05,1476.5,189743.8631,2097.229524,1675.830686,,,,191764.5738,7476.907363,4707.0461,188220.7323,1827.813892,2025.272454,,Calibrated radiocarbon years BP,per mille,per mille,per mille,per mille,mol/mol,mol/mol,mmol/mol,mmol/mol,mmol/mol,mmol/mol,mmol/mol,mmol/mol,mmol/mol,mmol/mol,mmol/mol,mmol/mol,mm,mm,mm,mg,mg,%,ppb,ppb (2-sigma uncertainty),ppt,ppt (2-sigma uncertainty),ppt,ppt (2-sigma uncertainty),activity ratio,activity ratio (2-sigma uncertainty),activity ratio,activity ratio (2-sigma uncertainty),activity ratio,activity ratio (2-sigma uncertainty),activity ratio,activity ratio (2-sigma uncertainty),m,m,m,per mille,degrees decimal,degrees decimal,meters a.s.l. ,year,year,year,year,year,year,year,year,1,10.1038/srep24374,"Kathayat, G., Cheng, H., Sinha, A., Spötl, C., Edwards, R. L., Zhang, H., Li, X., Yi, L., Ning, Y., Cai, Y., Lui, W. L. and Breitenbach, S. F. M.: Indian monsoon variability on millennial-orbital timescales, Sci. Rep., 6(1), 2016.",NOAA,"d13C, d18O, mineralogy_petrology_fabric"
1,Bittoo cave,30.7903,77.7764,3000.0,yes,,5,BT-2.4,current,,1-BT24,from top,limestone,Pleistocene,discontinuous carbonate,unknown,unknown,"closed forest, evergreen needle leaf",unknown,30.0,no,no,32.4,stalagmite,unknown,,yes,yes,Vienna-PDB,unknown,,no,no,yes,no,no,no,no,no,,,,,no,,,,,no,,,,,no,,,,,no,,,,,no,,,no,,no,"Cheng, Hai",https://www.ncdc.noaa.gov/paleo/study/20449,249.6,,289845,,,,,,,,,,,,,,,,,,,,,,,,,,,,,,,,,,,,,,,,,,,,249.6,calcite,not applicable,,,,,,,,,,,,,,-6.43,0.08,-9.83,0.04,190261.0,,,StalAge,not applicable,not applicable,191854.3444,8616.935473,4899.593677,189122.1509,2826.750813,2594.488409,187984.5,2368.5,1526.8,189779.6341,2130.65503,1684.90029,,,,191882.734,7599.58529,4802.16491,188258.7759,1837.135435,2036.666401,,Calibrated radiocarbon years BP,per mille,per mille,per mille,per mille,mol/mol,mol/mol,mmol/mol,mmol/mol,mmol/mol,mmol/mol,mmol/mol,mmol/mol,mmol/mol,mmol/mol,mmol/mol,mmol/mol,mm,mm,mm,mg,mg,%,ppb,ppb (2-sigma uncertainty),ppt,ppt (2-sigma uncertainty),ppt,ppt (2-sigma uncertainty),activity ratio,activity ratio (2-sigma uncertainty),activity ratio,activity ratio (2-sigma uncertainty),activity ratio,activity ratio (2-sigma uncertainty),activity ratio,activity ratio (2-sigma uncertainty),m,m,m,per mille,degrees decimal,degrees decimal,meters a.s.l. ,year,year,year,year,year,year,year,year,1,10.1038/srep24374,"Kathayat, G., Cheng, H., Sinha, A., Spötl, C., Edwards, R. L., Zhang, H., Li, X., Yi, L., Ning, Y., Cai, Y., Lui, W. L. and Breitenbach, S. F. M.: Indian monsoon variability on millennial-orbital timescales, Sci. Rep., 6(1), 2016.",NOAA,"d13C, d18O, mineralogy_petrology_fabric"
1,Bittoo cave,30.7903,77.7764,3000.0,yes,,5,BT-2.4,current,,1-BT24,from top,limestone,Pleistocene,discontinuous carbonate,unknown,unknown,"closed forest, evergreen needle leaf",unknown,30.0,no,no,32.4,stalagmite,unknown,,yes,yes,Vienna-PDB,unknown,,no,no,yes,no,no,no,no,no,,,,,no,,,,,no,,,,,no,,,,,no,,,,,no,,,no,,no,"Cheng, Hai",https://www.ncdc.noaa.gov/paleo/study/20449,250.8,,289846,,,,,,,,,,,,,,,,,,,,,,,,,,,,,,,,,,,,,,,,,,,,250.8,calcite,not applicable,,,,,,,,,,,,,,-5.87,0.08,-9.88,0.04,190393.0,,,StalAge,not applicable,not applicable,192019.0142,8852.972611,5037.807782,189169.1255,2847.880302,2613.806917,188034.0,2442.4,1526.25,189839.2475,2132.911602,1704.311672,,,,192045.3205,7804.298096,4937.220463,188299.8977,1853.894723,2053.759995,,Calibrated radiocarbon years BP,per mille,per mille,per mille,per mille,mol/mol,mol/mol,mmol/mol,mmol/mol,mmol/mol,mmol/mol,mmol/mol,mmol/mol,mmol/mol,mmol/mol,mmol/mol,mmol/mol,mm,mm,mm,mg,mg,%,ppb,ppb (2-sigma uncertainty),ppt,ppt (2-sigma uncertainty),ppt,ppt (2-sigma uncertainty),activity ratio,activity ratio (2-sigma uncertainty),activity ratio,activity ratio (2-sigma uncertainty),activity ratio,activity ratio (2-sigma uncertainty),activity ratio,activity ratio (2-sigma uncertainty),m,m,m,per mille,degrees decimal,degrees decimal,meters a.s.l. ,year,year,year,year,year,year,year,year,1,10.1038/srep24374,"Kathayat, G., Cheng, H., Sinha, A., Spötl, C., Edwards, R. L., Zhang, H., Li, X., Yi, L., Ning, Y., Cai, Y., Lui, W. L. and Breitenbach, S. F. M.: Indian monsoon variability on millennial-orbital timescales, Sci. Rep., 6(1), 2016.",NOAA,"d13C, d18O, mineralogy_petrology_fabric"
1,Bittoo cave,30.7903,77.7764,3000.0,yes,,5,BT-2.4,current,,1-BT24,from top,limestone,Pleistocene,discontinuous carbonate,unknown,unknown,"closed forest, evergreen needle leaf",unknown,30.0,no,no,32.4,stalagmite,unknown,,yes,yes,Vienna-PDB,unknown,,no,no,yes,no,no,no,no,no,,,,,no,,,,,no,,,,,no,,,,,no,,,,,no,,,no,,no,"Cheng, Hai",https://www.ncdc.noaa.gov/paleo/study/20449,252.0,,289847,,,,,,,,,,,,,,,,,,,,,,,,,,,,,,,,,,,,,,,,,,,,252.0,calcite,not applicable,,,,,,,,,,,,,,-5.76,0.08,-9.0,0.04,190525.0,,,StalAge,not applicable,not applicable,192177.9325,9124.543383,5187.056212,189216.209,2868.900935,2633.234281,188078.5,2505.5,1553.5,189898.6608,2150.12139,1706.58949,,,,192199.8184,8030.409172,5057.287675,188335.1937,1871.36144,2074.993153,,Calibrated radiocarbon years BP,per mille,per mille,per mille,per mille,mol/mol,mol/mol,mmol/mol,mmol/mol,mmol/mol,mmol/mol,mmol/mol,mmol/mol,mmol/mol,mmol/mol,mmol/mol,mmol/mol,mm,mm,mm,mg,mg,%,ppb,ppb (2-sigma uncertainty),ppt,ppt (2-sigma uncertainty),ppt,ppt (2-sigma uncertainty),activity ratio,activity ratio (2-sigma uncertainty),activity ratio,activity ratio (2-sigma uncertainty),activity ratio,activity ratio (2-sigma uncertainty),activity ratio,activity ratio (2-sigma uncertainty),m,m,m,per mille,degrees decimal,degrees decimal,meters a.s.l. ,year,year,year,year,year,year,year,year,1,10.1038/srep24374,"Kathayat, G., Cheng, H., Sinha, A., Spötl, C., Edwards, R. L., Zhang, H., Li, X., Yi, L., Ning, Y., Cai, Y., Lui, W. L. and Breitenbach, S. F. M.: Indian monsoon variability on millennial-orbital timescales, Sci. Rep., 6(1), 2016.",NOAA,"d13C, d18O, mineralogy_petrology_fabric"
1,Bittoo cave,30.7903,77.7764,3000.0,yes,,5,BT-2.4,current,,1-BT24,from top,limestone,Pleistocene,discontinuous carbonate,unknown,unknown,"closed forest, evergreen needle leaf",unknown,30.0,no,no,32.4,stalagmite,unknown,,yes,yes,Vienna-PDB,unknown,,no,no,yes,no,no,no,no,no,,,,,no,,,,,no,,,,,no,,,,,no,,,,,no,,,no,,no,"Cheng, Hai",https://www.ncdc.noaa.gov/paleo/study/20449,253.2,,289848,,,,,,,,,,,,,,,,,,,,,,,,,,,,,,,,,,,,,,,,,,,,253.2,calcite,not applicable,,,,,,,,,,,,,,-4.04,0.08,-7.35,0.04,190657.0,,,StalAge,not applicable,not applicable,192342.3623,9393.254673,5314.550494,189263.0117,2890.202408,2652.380804,188137.0,2535.5,1597.0,189960.108,2163.060736,1708.92351,,,,192361.9535,8248.882989,5195.463334,188374.6448,1887.719005,2100.633812,,Calibrated radiocarbon years BP,per mille,per mille,per mille,per mille,mol/mol,mol/mol,mmol/mol,mmol/mol,mmol/mol,mmol/mol,mmol/mol,mmol/mol,mmol/mol,mmol/mol,mmol/mol,mmol/mol,mm,mm,mm,mg,mg,%,ppb,ppb (2-sigma uncertainty),ppt,ppt (2-sigma uncertainty),ppt,ppt (2-sigma uncertainty),activity ratio,activity ratio (2-sigma uncertainty),activity ratio,activity ratio (2-sigma uncertainty),activity ratio,activity ratio (2-sigma uncertainty),activity ratio,activity ratio (2-sigma uncertainty),m,m,m,per mille,degrees decimal,degrees decimal,meters a.s.l. ,year,year,year,year,year,year,year,year,1,10.1038/srep24374,"Kathayat, G., Cheng, H., Sinha, A., Spötl, C., Edwards, R. L., Zhang, H., Li, X., Yi, L., Ning, Y., Cai, Y., Lui, W. L. and Breitenbach, S. F. M.: Indian monsoon variability on millennial-orbital timescales, Sci. Rep., 6(1), 2016.",NOAA,"d13C, d18O, mineralogy_petrology_fabric"
1,Bittoo cave,30.7903,77.7764,3000.0,yes,,5,BT-2.4,current,,1-BT24,from top,limestone,Pleistocene,discontinuous carbonate,unknown,unknown,"closed forest, evergreen needle leaf",unknown,30.0,no,no,32.4,stalagmite,unknown,,yes,yes,Vienna-PDB,unknown,,no,no,yes,no,no,no,no,no,,,,,no,,,,,no,,,,,no,,,,,no,,,,,no,,,no,,no,"Cheng, Hai",https://www.ncdc.noaa.gov/paleo/study/20449,254.4,,289849,,,,,,,,,,,,,,,,,,,,,,,,,,,,,,,,,,,,,,,,,,,,254.4,calcite,not applicable,,,,,,,,,,,,,,-3.56,0.08,-7.53,0.04,190789.0,,,StalAge,not applicable,not applicable,192496.6782,9672.079836,5445.590936,189309.4982,2911.82005,2670.01562,188175.0,2575.9,1597.05,190019.1092,2173.047774,1723.96712,,,,192520.0023,8471.443166,5340.872808,188413.7704,1904.339323,2123.226313,,Calibrated radiocarbon years BP,per mille,per mille,per mille,per mille,mol/mol,mol/mol,mmol/mol,mmol/mol,mmol/mol,mmol/mol,mmol/mol,mmol/mol,mmol/mol,mmol/mol,mmol/mol,mmol/mol,mm,mm,mm,mg,mg,%,ppb,ppb (2-sigma uncertainty),ppt,ppt (2-sigma uncertainty),ppt,ppt (2-sigma uncertainty),activity ratio,activity ratio (2-sigma uncertainty),activity ratio,activity ratio (2-sigma uncertainty),activity ratio,activity ratio (2-sigma uncertainty),activity ratio,activity ratio (2-sigma uncertainty),m,m,m,per mille,degrees decimal,degrees decimal,meters a.s.l. ,year,year,year,year,year,year,year,year,1,10.1038/srep24374,"Kathayat, G., Cheng, H., Sinha, A., Spötl, C., Edwards, R. L., Zhang, H., Li, X., Yi, L., Ning, Y., Cai, Y., Lui, W. L. and Breitenbach, S. F. M.: Indian monsoon variability on millennial-orbital timescales, Sci. Rep., 6(1), 2016.",NOAA,"d13C, d18O, mineralogy_petrology_fabric"
1,Bittoo cave,30.7903,77.7764,3000.0,yes,,5,BT-2.4,current,,1-BT24,from top,limestone,Pleistocene,discontinuous carbonate,unknown,unknown,"closed forest, evergreen needle leaf",unknown,30.0,no,no,32.4,stalagmite,unknown,,yes,yes,Vienna-PDB,unknown,,no,no,yes,no,no,no,no,no,,,,,no,,,,,no,,,,,no,,,,,no,,,,,no,,,no,,no,"Cheng, Hai",https://www.ncdc.noaa.gov/paleo/study/20449,255.6,,289850,,,,,,,,,,,,,,,,,,,,,,,,,,,,,,,,,,,,,,,,,,,,255.6,calcite,not applicable,,,,,,,,,,,,,,-3.98,0.08,-7.79,0.04,190921.0,,,StalAge,not applicable,not applicable,192661.2576,9938.253499,5597.056186,189355.9847,2933.437693,2684.301771,188216.5,2605.1,1603.55,190077.0482,2192.065718,1728.788001,,,,192681.4545,8690.035032,5490.000333,188451.3122,1923.250808,2142.041662,,Calibrated radiocarbon years BP,per mille,per mille,per mille,per mille,mol/mol,mol/mol,mmol/mol,mmol/mol,mmol/mol,mmol/mol,mmol/mol,mmol/mol,mmol/mol,mmol/mol,mmol/mol,mmol/mol,mm,mm,mm,mg,mg,%,ppb,ppb (2-sigma uncertainty),ppt,ppt (2-sigma uncertainty),ppt,ppt (2-sigma uncertainty),activity ratio,activity ratio (2-sigma uncertainty),activity ratio,activity ratio (2-sigma uncertainty),activity ratio,activity ratio (2-sigma uncertainty),activity ratio,activity ratio (2-sigma uncertainty),m,m,m,per mille,degrees decimal,degrees decimal,meters a.s.l. ,year,year,year,year,year,year,year,year,1,10.1038/srep24374,"Kathayat, G., Cheng, H., Sinha, A., Spötl, C., Edwards, R. L., Zhang, H., Li, X., Yi, L., Ning, Y., Cai, Y., Lui, W. L. and Breitenbach, S. F. M.: Indian monsoon variability on millennial-orbital timescales, Sci. Rep., 6(1), 2016.",NOAA,"d13C, d18O, mineralogy_petrology_fabric"
1,Bittoo cave,30.7903,77.7764,3000.0,yes,,5,BT-2.4,current,,1-BT24,from top,limestone,Pleistocene,discontinuous carbonate,unknown,unknown,"closed forest, evergreen needle leaf",unknown,30.0,no,no,32.4,stalagmite,unknown,,yes,yes,Vienna-PDB,unknown,,no,no,yes,no,no,no,no,no,,,,,no,,,,,no,,,,,no,,,,,no,,,,,no,,,no,,no,"Cheng, Hai",https://www.ncdc.noaa.gov/paleo/study/20449,256.8,,289851,,,,,,,,,,,,,,,,,,,,,,,,,,,,,,,,,,,,,,,,,,,,256.8,calcite,not applicable,,,,,,,,,,,,,,-4.25,0.08,-7.48,0.04,191053.0,,,StalAge,not applicable,not applicable,192814.5848,10205.07403,5725.551176,189402.4712,2955.055335,2700.884969,188263.5,2598.35,1620.25,190133.1833,2201.31973,1741.915883,,,,192840.6658,8908.523112,5626.803011,188488.9463,1945.20551,2161.791841,,Calibrated radiocarbon years BP,per mille,per mille,per mille,per mille,mol/mol,mol/mol,mmol/mol,mmol/mol,mmol/mol,mmol/mol,mmol/mol,mmol/mol,mmol/mol,mmol/mol,mmol/mol,mmol/mol,mm,mm,mm,mg,mg,%,ppb,ppb (2-sigma uncertainty),ppt,ppt (2-sigma uncertainty),ppt,ppt (2-sigma uncertainty),activity ratio,activity ratio (2-sigma uncertainty),activity ratio,activity ratio (2-sigma uncertainty),activity ratio,activity ratio (2-sigma uncertainty),activity ratio,activity ratio (2-sigma uncertainty),m,m,m,per mille,degrees decimal,degrees decimal,meters a.s.l. ,year,year,year,year,year,year,year,year,1,10.1038/srep24374,"Kathayat, G., Cheng, H., Sinha, A., Spötl, C., Edwards, R. L., Zhang, H., Li, X., Yi, L., Ning, Y., Cai, Y., Lui, W. L. and Breitenbach, S. F. M.: Indian monsoon variability on millennial-orbital timescales, Sci. Rep., 6(1), 2016.",NOAA,"d13C, d18O, mineralogy_petrology_fabric"
1,Bittoo cave,30.7903,77.7764,3000.0,yes,,5,BT-2.4,current,,1-BT24,from top,limestone,Pleistocene,discontinuous carbonate,unknown,unknown,"closed forest, evergreen needle leaf",unknown,30.0,no,no,32.4,stalagmite,unknown,,yes,yes,Vienna-PDB,unknown,,no,no,yes,no,no,no,no,no,,,,,no,,,,,no,,,,,no,,,,,no,,,,,no,,,no,,no,"Cheng, Hai",https://www.ncdc.noaa.gov/paleo/study/20449,258.0,,289852,,,,,,,,,,,,,,,,,,,,,,,,,,,,,,,,,,,,,,,,,,,,258.0,calcite,not applicable,,,,,,,,,,,,,,-11.22,0.08,-4.52,0.04,191185.0,,,StalAge,not applicable,not applicable,192968.4734,10463.81944,5845.477419,189450.0317,2975.598882,2719.303723,188291.0,2587.15,1630.55,190192.932,2215.67396,1762.88743,,,,193001.7465,9116.497846,5769.694512,188528.4816,1964.986418,2189.676392,,Calibrated radiocarbon years BP,per mille,per mille,per mille,per mille,mol/mol,mol/mol,mmol/mol,mmol/mol,mmol/mol,mmol/mol,mmol/mol,mmol/mol,mmol/mol,mmol/mol,mmol/mol,mmol/mol,mm,mm,mm,mg,mg,%,ppb,ppb (2-sigma uncertainty),ppt,ppt (2-sigma uncertainty),ppt,ppt (2-sigma uncertainty),activity ratio,activity ratio (2-sigma uncertainty),activity ratio,activity ratio (2-sigma uncertainty),activity ratio,activity ratio (2-sigma uncertainty),activity ratio,activity ratio (2-sigma uncertainty),m,m,m,per mille,degrees decimal,degrees decimal,meters a.s.l. ,year,year,year,year,year,year,year,year,1,10.1038/srep24374,"Kathayat, G., Cheng, H., Sinha, A., Spötl, C., Edwards, R. L., Zhang, H., Li, X., Yi, L., Ning, Y., Cai, Y., Lui, W. L. and Breitenbach, S. F. M.: Indian monsoon variability on millennial-orbital timescales, Sci. Rep., 6(1), 2016.",NOAA,"d13C, d18O, mineralogy_petrology_fabric"
1,Bittoo cave,30.7903,77.7764,3000.0,yes,,5,BT-2.4,current,,1-BT24,from top,limestone,Pleistocene,discontinuous carbonate,unknown,unknown,"closed forest, evergreen needle leaf",unknown,30.0,no,no,32.4,stalagmite,unknown,,yes,yes,Vienna-PDB,unknown,,no,no,yes,no,no,no,no,no,,,,,no,,,,,no,,,,,no,,,,,no,,,,,no,,,no,,no,"Cheng, Hai",https://www.ncdc.noaa.gov/paleo/study/20449,259.2,,289853,,,,,,,,,,,,,,,,,,,,,,,,,,,,,,,,,,,,,,,,,,,,259.2,calcite,not applicable,,,,,,,,,,,,,,-11.39,0.08,-4.65,0.04,191317.0,,,StalAge,not applicable,not applicable,193140.7433,10689.88982,5992.32977,189496.6132,2997.121529,2735.424953,188310.0,2664.3,1632.45,190257.1274,2229.201198,1783.153482,,,,193170.6242,9330.959058,5921.144048,188569.1755,1983.412629,2225.101171,,Calibrated radiocarbon years BP,per mille,per mille,per mille,per mille,mol/mol,mol/mol,mmol/mol,mmol/mol,mmol/mol,mmol/mol,mmol/mol,mmol/mol,mmol/mol,mmol/mol,mmol/mol,mmol/mol,mm,mm,mm,mg,mg,%,ppb,ppb (2-sigma uncertainty),ppt,ppt (2-sigma uncertainty),ppt,ppt (2-sigma uncertainty),activity ratio,activity ratio (2-sigma uncertainty),activity ratio,activity ratio (2-sigma uncertainty),activity ratio,activity ratio (2-sigma uncertainty),activity ratio,activity ratio (2-sigma uncertainty),m,m,m,per mille,degrees decimal,degrees decimal,meters a.s.l. ,year,year,year,year,year,year,year,year,1,10.1038/srep24374,"Kathayat, G., Cheng, H., Sinha, A., Spötl, C., Edwards, R. L., Zhang, H., Li, X., Yi, L., Ning, Y., Cai, Y., Lui, W. L. and Breitenbach, S. F. M.: Indian monsoon variability on millennial-orbital timescales, Sci. Rep., 6(1), 2016.",NOAA,"d13C, d18O, mineralogy_petrology_fabric"
1,Bittoo cave,30.7903,77.7764,3000.0,yes,,5,BT-2.4,current,,1-BT24,from top,limestone,Pleistocene,discontinuous carbonate,unknown,unknown,"closed forest, evergreen needle leaf",unknown,30.0,no,no,32.4,stalagmite,unknown,,yes,yes,Vienna-PDB,unknown,,no,no,yes,no,no,no,no,no,,,,,no,,,,,no,,,,,no,,,,,no,,,,,no,,,no,,no,"Cheng, Hai",https://www.ncdc.noaa.gov/paleo/study/20449,260.4,,289854,,,,,,,,,,,,,,,,,,,,,,,,,,,,,,,,,,,,,,,,,,,,260.4,calcite,not applicable,,,,,,,,,,,,,,-11.73,0.08,-4.19,0.04,191449.0,,,StalAge,not applicable,not applicable,193298.423,10930.5503,6129.577997,189542.8434,3018.995506,2750.534174,188332.5,2660.25,1631.7,190314.3309,2252.953398,1797.628196,,,,193327.4152,9564.435364,6063.846695,188606.6959,2011.546764,2255.636667,,Calibrated radiocarbon years BP,per mille,per mille,per mille,per mille,mol/mol,mol/mol,mmol/mol,mmol/mol,mmol/mol,mmol/mol,mmol/mol,mmol/mol,mmol/mol,mmol/mol,mmol/mol,mmol/mol,mm,mm,mm,mg,mg,%,ppb,ppb (2-sigma uncertainty),ppt,ppt (2-sigma uncertainty),ppt,ppt (2-sigma uncertainty),activity ratio,activity ratio (2-sigma uncertainty),activity ratio,activity ratio (2-sigma uncertainty),activity ratio,activity ratio (2-sigma uncertainty),activity ratio,activity ratio (2-sigma uncertainty),m,m,m,per mille,degrees decimal,degrees decimal,meters a.s.l. ,year,year,year,year,year,year,year,year,1,10.1038/srep24374,"Kathayat, G., Cheng, H., Sinha, A., Spötl, C., Edwards, R. L., Zhang, H., Li, X., Yi, L., Ning, Y., Cai, Y., Lui, W. L. and Breitenbach, S. F. M.: Indian monsoon variability on millennial-orbital timescales, Sci. Rep., 6(1), 2016.",NOAA,"d13C, d18O, mineralogy_petrology_fabric"
