sisal_site_id,site_name,latitude,longitude,elevation,monitoring,notes,sisal_entity_id,entity_name,entity_status,corresponding_current,persist_id,depth_ref,geology,rock_age,wokam,vegetation_type,land_use,copernicus_lcc,cover_type,cover_thickness,host_rock_trace_elements,drip_water_trace_elements,distance_entrance,speleothem_type,drip_type,drip_height,d13C,d18O,iso_std,d18O_water_equilibrium,d18O_dripwater_carbonate_difference,organics,fluid_inclusions,mineralogy_petrology_fabric,clumped_isotopes,noble_gas_temperatures,C14,ODL,Sr_Ca,Sr_Ca_method,Sr_Ca_std,Sr_Ca_downsampled,Sr_Ca_downsampling_method,Mg_Ca,Mg_Ca_method,Mg_Ca_std,Mg_Ca_downsampled,Mg_Ca_downsampling_method,Ba_Ca,Ba_Ca_method,Ba_Ca_std,Ba_Ca_downsampled,Ba_Ca_downsampling_method,U_Ca,U_Ca_method,U_Ca_std,U_Ca_downsampled,U_Ca_downsampling_method,P_Ca,P_Ca_method,P_Ca_std,P_Ca_downsampled,P_Ca_downsampling_method,Sr_isotopes,Sr_isotopes_method,Sr_isotopes_std,trace_elements_datafile,trace_elements_metadatafile,cave_map,contact,data_DOI_URL,depth,dating_id,sample_id,date_type,dating_thickness,lab_num,material_dated,min_weight,max_weight,uncorr_age,uncorr_age_uncert_pos,uncorr_age_uncert_neg,14C_correction,calib_used,date_used,238U_content,238U_uncertainty,232Th_content,232Th_uncertainty,230Th_content,230Th_uncertainty,230Th_232Th_ratio,230Th_232Th_ratio_uncertainty,230Th_238U_activity,230Th_238U_activity_uncertainty,234U_238U_activity,234U_238U_activity_uncertainty,ini_230Th_232Th_ratio,ini_230Th_232Th_ratio_uncertainty,decay_constant,corr_age,corr_age_uncert_pos,corr_age_uncert_neg,date_used_lin_interp,date_used_lin_reg,date_used_Bchron,date_used_Bacon,date_used_OxCal,date_used_copRa,date_used_StalAge,depth_lam,lam_thickness,lam_age,lam_age_uncert_pos,lam_age_uncert_neg,sample_thickness,depth_sample,mineralogy,arag_corr,hiatus,Ba_Ca_measurement,Ba_Ca_precision,Mg_Ca_measurement,Mg_Ca_precision,P_Ca_measurement,P_Ca_precision,Sr_Ca_measurement,Sr_Ca_precision,U_Ca_measurement,U_Ca_precision,Sr_isotopes_measurement,Sr_isotopes_precision,d18O_measurement,d18O_precision,d13C_measurement,d13C_precision,interp_age,interp_age_uncert_pos,interp_age_uncert_neg,age_model_type,ann_lam_check,dep_rate_check,lin_interp_age,lin_interp_age_uncert_pos,lin_interp_age_uncert_neg,lin_reg_age,lin_reg_age_uncert_pos,lin_reg_age_uncert_neg,Bchron_age,Bchron_age_uncert_pos,Bchron_age_uncert_neg,Bacon_age,Bacon_age_uncert_pos,Bacon_age_uncert_neg,OxCal_age,OxCal_age_uncert_pos,OxCal_age_uncert_neg,copRa_age,copRa_age_uncert_pos,copRa_age_uncert_neg,StalAge_age,StalAge_age_uncert_pos,StalAge_age_uncert_neg,composite_entity_id,agetype,d13C_measurement_units,d13C_precision_units,d18O_measurement_units,d18O_precision_units,Sr_isotopes_measurement_units,Sr_isotopes_precision_units,Sr_Ca_measurement_units,Sr_Ca_precision_units,Mg_Ca_measurement_units,Mg_Ca_precision_units,Ba_Ca_measurement_units,Ba_Ca_precision_units,U_Ca_measurement_units,U_Ca_precision_units,P_Ca_measurement_units,P_Ca_precision_units,depth_lam_units,lam_thickness_units,dating_thickness_units,min_weight_units,max_weight_units,14C_correction_units,238U_content_units,238U_uncertainty_units,232Th_content_units,232Th_uncertainty_units,230Th_content_units,230Th_uncertainty_units,230Th_232Th_ratio_units,230Th_232Th_ratio_uncertainty_units,230Th_238U_activity_units,230Th_238U_activity_uncertainty_units,234U_238U_activity_units,234U_238U_activity_uncertainty_units,ini_230Th_232Th_ratio_units,ini_230Th_232Th_ratio_uncertainty_units,cover_thickness_units,distance_entrance_units,drip_height_units,d18O_dripwater_carbonate_difference_units,latitude_units,longitude_units,elevation_units,lam_age_units,lam_age_uncert_pos_units,uncorr_age_units,uncorr_age_uncert_pos_units,uncorr_age_uncert_neg_units,corr_age_units,corr_age_uncert_pos_units,corr_age_uncert_neg_units,ref_id,publication_DOI,citation,doi_database,external_description,corr_age_uncert_pos_copy,corr_age_uncert_neg_copy,lam_age_uncert_pos_copy,lam_age_uncert_neg_copy,interp_age_uncert_pos_copy,interp_age_uncert_neg_copy,lin_interp_age_uncert_pos_copy,lin_interp_age_uncert_neg_copy,lin_reg_age_uncert_pos_copy,lin_reg_age_uncert_neg_copy,Bchron_age_uncert_pos_copy,Bchron_age_uncert_neg_copy,Bacon_age_uncert_pos_copy,Bacon_age_uncert_neg_copy,OxCal_age_uncert_pos_copy,OxCal_age_uncert_neg_copy,copRa_age_uncert_pos_copy,copRa_age_uncert_neg_copy,StalAge_age_uncert_pos_copy,StalAge_age_uncert_neg_copy,collunit_notes
1,Bittoo cave,30.7903,77.7764,3000.0,yes,,5,BT-2.4,current,,1-BT24,from top,limestone,Pleistocene,discontinuous carbonate,unknown,unknown,"closed forest, evergreen needle leaf",unknown,30.0,no,no,32.4,stalagmite,unknown,,yes,yes,Vienna-PDB,unknown,,no,no,yes,no,no,no,no,no,,,,,no,,,,,no,,,,,no,,,,,no,,,,,no,,,no,,no,"Cheng, Hai",https://www.ncdc.noaa.gov/paleo/study/20449,9.6,,SISAL_SampleID: 289637,,,,,,,,,,,,,,,,,,,,,,,,,,,,,,,,,,,,,,,,,,,,9.6,calcite,not applicable,,,,,,,,,,,,,,-7.84,0.08,-9.65,0.04,179279.9152,,,StalAge,not applicable,not applicable,179550.1226,180525.9272215,178303.477694,179636.0735,180927.488788,178301.754752,179714.5,180562.3,178362.2,179801.0621,180579.811092,178880.41074000002,,,,179598.4306,180549.9571224,178294.354034,179555.5241,180454.9711079,178642.75064810002,,Calibrated radiocarbon years BP,per mille,per mille,per mille,per mille,,,,,,,,,,,,,,,,,,,,,,,,,,,,,,,,,m,m,,,degrees decimal,degrees decimal,meters a.s.l. ,,,,,,,,,1,10.1038/srep24374,"Kathayat, G., Cheng, H., Sinha, A., Spötl, C., Edwards, R. L., Zhang, H., Li, X., Yi, L., Ning, Y., Cai, Y., Lui, W. L. and Breitenbach, S. F. M.: Indian monsoon variability on millennial-orbital timescales, Sci. Rep., 6(1), 2016.",NOAA,"d13C, d18O, mineralogy_petrology_fabric",,,,,,,975.8046215,1246.644906,1291.415288,1334.318748,847.8,1352.3,778.748992,920.65136,,,951.5265224,1304.076566,899.4470079,912.7734519,SISAL_SiteID: 1; SISAL_EntityID: 5
1,Bittoo cave,30.7903,77.7764,3000.0,yes,,5,BT-2.4,current,,1-BT24,from top,limestone,Pleistocene,discontinuous carbonate,unknown,unknown,"closed forest, evergreen needle leaf",unknown,30.0,no,no,32.4,stalagmite,unknown,,yes,yes,Vienna-PDB,unknown,,no,no,yes,no,no,no,no,no,,,,,no,,,,,no,,,,,no,,,,,no,,,,,no,,,no,,no,"Cheng, Hai",https://www.ncdc.noaa.gov/paleo/study/20449,10.8,,SISAL_SampleID: 289638,,,,,,,,,,,,,,,,,,,,,,,,,,,,,,,,,,,,,,,,,,,,10.8,calcite,not applicable,,,,,,,,,,,,,,-8.06,0.08,-9.24,0.04,179355.5296,,,StalAge,not applicable,not applicable,179588.7127,180541.1946399,178398.881547,179682.7136,180956.95713,178370.543274,179735.5,180574.05,178413.1,179855.2886,180622.034692,178955.090812,,,,179634.3194,180562.8982714,178389.00793300002,179603.4032,180479.1761586,178718.9809133,,Calibrated radiocarbon years BP,per mille,per mille,per mille,per mille,,,,,,,,,,,,,,,,,,,,,,,,,,,,,,,,,m,m,,,degrees decimal,degrees decimal,meters a.s.l. ,,,,,,,,,1,10.1038/srep24374,"Kathayat, G., Cheng, H., Sinha, A., Spötl, C., Edwards, R. L., Zhang, H., Li, X., Yi, L., Ning, Y., Cai, Y., Lui, W. L. and Breitenbach, S. F. M.: Indian monsoon variability on millennial-orbital timescales, Sci. Rep., 6(1), 2016.",NOAA,"d13C, d18O, mineralogy_petrology_fabric",,,,,,,952.4819399,1189.831153,1274.24353,1312.170326,838.55,1322.4,766.746092,900.197788,,,928.5788714,1245.311467,875.7729586,884.4222867,SISAL_SiteID: 1; SISAL_EntityID: 5
1,Bittoo cave,30.7903,77.7764,3000.0,yes,,5,BT-2.4,current,,1-BT24,from top,limestone,Pleistocene,discontinuous carbonate,unknown,unknown,"closed forest, evergreen needle leaf",unknown,30.0,no,no,32.4,stalagmite,unknown,,yes,yes,Vienna-PDB,unknown,,no,no,yes,no,no,no,no,no,,,,,no,,,,,no,,,,,no,,,,,no,,,,,no,,,no,,no,"Cheng, Hai",https://www.ncdc.noaa.gov/paleo/study/20449,12.0,,SISAL_SampleID: 289639,,,,,,,,,,,,,,,,,,,,,,,,,,,,,,,,,,,,,,,,,,,,12.0,calcite,not applicable,,,,,,,,,,,,,,-7.32,0.08,-9.74,0.04,179431.144,,,StalAge,not applicable,not applicable,179629.7669,180547.6910873,178477.162135,179729.9761,180987.977443,178439.331699,179762.5,180579.6,178438.3,179906.5562,180662.344,179046.57481999998,,,,179668.7099,180579.4170182,178486.10327599998,179652.1041,180504.1341119,178794.67482739998,,Calibrated radiocarbon years BP,per mille,per mille,per mille,per mille,,,,,,,,,,,,,,,,,,,,,,,,,,,,,,,,,m,m,,,degrees decimal,degrees decimal,meters a.s.l. ,,,,,,,,,1,10.1038/srep24374,"Kathayat, G., Cheng, H., Sinha, A., Spötl, C., Edwards, R. L., Zhang, H., Li, X., Yi, L., Ning, Y., Cai, Y., Lui, W. L. and Breitenbach, S. F. M.: Indian monsoon variability on millennial-orbital timescales, Sci. Rep., 6(1), 2016.",NOAA,"d13C, d18O, mineralogy_petrology_fabric",,,,,,,917.9241873,1152.604765,1258.001343,1290.644401,817.1,1324.2,755.7878,859.98138,,,910.7071182,1182.606624,852.0300119,857.4292726,SISAL_SiteID: 1; SISAL_EntityID: 5
1,Bittoo cave,30.7903,77.7764,3000.0,yes,,5,BT-2.4,current,,1-BT24,from top,limestone,Pleistocene,discontinuous carbonate,unknown,unknown,"closed forest, evergreen needle leaf",unknown,30.0,no,no,32.4,stalagmite,unknown,,yes,yes,Vienna-PDB,unknown,,no,no,yes,no,no,no,no,no,,,,,no,,,,,no,,,,,no,,,,,no,,,,,no,,,no,,no,"Cheng, Hai",https://www.ncdc.noaa.gov/paleo/study/20449,13.2,,SISAL_SampleID: 289640,,,,,,,,,,,,,,,,,,,,,,,,,,,,,,,,,,,,,,,,,,,,13.2,calcite,not applicable,,,,,,,,,,,,,,-7.39,0.08,-9.75,0.04,179506.7584,,,StalAge,not applicable,not applicable,179676.0238,180560.6868596,178577.489931,179777.6583,181018.221865,178507.739875,179795.0,180596.1,178518.8,179956.3734,180701.923668,179120.73982800002,,,,179708.9199,180604.0975852,178570.175083,179701.5789,180537.7111948,178862.29746889998,,Calibrated radiocarbon years BP,per mille,per mille,per mille,per mille,,,,,,,,,,,,,,,,,,,,,,,,,,,,,,,,,m,m,,,degrees decimal,degrees decimal,meters a.s.l. ,,,,,,,,,1,10.1038/srep24374,"Kathayat, G., Cheng, H., Sinha, A., Spötl, C., Edwards, R. L., Zhang, H., Li, X., Yi, L., Ning, Y., Cai, Y., Lui, W. L. and Breitenbach, S. F. M.: Indian monsoon variability on millennial-orbital timescales, Sci. Rep., 6(1), 2016.",NOAA,"d13C, d18O, mineralogy_petrology_fabric",,,,,,,884.6630596,1098.533869,1240.563565,1269.918425,801.1,1276.2,745.550268,835.633572,,,895.1776852,1138.744817,836.1322948,839.2814311,SISAL_SiteID: 1; SISAL_EntityID: 5
1,Bittoo cave,30.7903,77.7764,3000.0,yes,,5,BT-2.4,current,,1-BT24,from top,limestone,Pleistocene,discontinuous carbonate,unknown,unknown,"closed forest, evergreen needle leaf",unknown,30.0,no,no,32.4,stalagmite,unknown,,yes,yes,Vienna-PDB,unknown,,no,no,yes,no,no,no,no,no,,,,,no,,,,,no,,,,,no,,,,,no,,,,,no,,,no,,no,"Cheng, Hai",https://www.ncdc.noaa.gov/paleo/study/20449,14.4,,SISAL_SampleID: 289641,,,,,,,,,,,,,,,,,,,,,,,,,,,,,,,,,,,,,,,,,,,,14.4,calcite,not applicable,,,,,,,,,,,,,,-7.23,0.08,-9.37,0.04,179582.3728,,,StalAge,not applicable,not applicable,179719.7305,180573.6940774,178652.039773,179826.5258,181048.46617,178577.803015,179820.5,180602.55,178623.0,180010.2394,180744.722292,179193.03167199998,,,,179748.8455,180623.7678175,178669.575939,179751.9634,180569.4045701,178928.712945,,Calibrated radiocarbon years BP,per mille,per mille,per mille,per mille,,,,,,,,,,,,,,,,,,,,,,,,,,,,,,,,,m,m,,,degrees decimal,degrees decimal,meters a.s.l. ,,,,,,,,,1,10.1038/srep24374,"Kathayat, G., Cheng, H., Sinha, A., Spötl, C., Edwards, R. L., Zhang, H., Li, X., Yi, L., Ning, Y., Cai, Y., Lui, W. L. and Breitenbach, S. F. M.: Indian monsoon variability on millennial-orbital timescales, Sci. Rep., 6(1), 2016.",NOAA,"d13C, d18O, mineralogy_petrology_fabric",,,,,,,853.9635774,1067.690727,1221.94037,1248.722785,782.05,1197.5,734.482892,817.207728,,,874.9223175,1079.269561,817.4411701,823.250455,SISAL_SiteID: 1; SISAL_EntityID: 5
1,Bittoo cave,30.7903,77.7764,3000.0,yes,,5,BT-2.4,current,,1-BT24,from top,limestone,Pleistocene,discontinuous carbonate,unknown,unknown,"closed forest, evergreen needle leaf",unknown,30.0,no,no,32.4,stalagmite,unknown,,yes,yes,Vienna-PDB,unknown,,no,no,yes,no,no,no,no,no,,,,,no,,,,,no,,,,,no,,,,,no,,,,,no,,,no,,no,"Cheng, Hai",https://www.ncdc.noaa.gov/paleo/study/20449,15.6,,SISAL_SampleID: 289642,,,,,,,,,,,,,,,,,,,,,,,,,,,,,,,,,,,,,,,,,,,,15.6,calcite,not applicable,,,,,,,,,,,,,,-7.14,0.08,-9.43,0.04,179657.9872,,,StalAge,not applicable,not applicable,179757.8883,180585.9046196,178739.276277,179875.4621,181078.710608,178647.169521,179844.5,180616.1,178749.6,180065.0139,180786.929976,179253.188928,,,,179787.796,180639.7798771,178774.158148,179802.7569,180600.7968726,178996.70201540002,,Calibrated radiocarbon years BP,per mille,per mille,per mille,per mille,,,,,,,,,,,,,,,,,,,,,,,,,,,,,,,,,m,m,,,degrees decimal,degrees decimal,meters a.s.l. ,,,,,,,,,1,10.1038/srep24374,"Kathayat, G., Cheng, H., Sinha, A., Spötl, C., Edwards, R. L., Zhang, H., Li, X., Yi, L., Ning, Y., Cai, Y., Lui, W. L. and Breitenbach, S. F. M.: Indian monsoon variability on millennial-orbital timescales, Sci. Rep., 6(1), 2016.",NOAA,"d13C, d18O, mineralogy_petrology_fabric",,,,,,,828.0163196,1018.612023,1203.248508,1228.292579,771.6,1094.9,721.916076,811.824972,,,851.9838771,1013.637852,798.0399726,806.0548846,SISAL_SiteID: 1; SISAL_EntityID: 5
1,Bittoo cave,30.7903,77.7764,3000.0,yes,,5,BT-2.4,current,,1-BT24,from top,limestone,Pleistocene,discontinuous carbonate,unknown,unknown,"closed forest, evergreen needle leaf",unknown,30.0,no,no,32.4,stalagmite,unknown,,yes,yes,Vienna-PDB,unknown,,no,no,yes,no,no,no,no,no,,,,,no,,,,,no,,,,,no,,,,,no,,,,,no,,,no,,no,"Cheng, Hai",https://www.ncdc.noaa.gov/paleo/study/20449,16.8,,SISAL_SampleID: 289643,,,,,,,,,,,,,,,,,,,,,,,,,,,,,,,,,,,,,,,,,,,,16.8,calcite,not applicable,,,,,,,,,,,,,,-7.7,0.08,-9.57,0.04,179733.6016,,,StalAge,not applicable,not applicable,179797.0246,180600.6390929,178819.9373907,179922.0752,181108.954967,178716.535947,179876.0,180631.0,178840.95,180120.3099,180836.639824,179317.420968,,,,179829.1025,180661.2749368,178848.0824992,179852.9739,180639.1300508,179065.964336,,Calibrated radiocarbon years BP,per mille,per mille,per mille,per mille,,,,,,,,,,,,,,,,,,,,,,,,,,,,,,,,,m,m,,,degrees decimal,degrees decimal,meters a.s.l. ,,,,,,,,,1,10.1038/srep24374,"Kathayat, G., Cheng, H., Sinha, A., Spötl, C., Edwards, R. L., Zhang, H., Li, X., Yi, L., Ning, Y., Cai, Y., Lui, W. L. and Breitenbach, S. F. M.: Indian monsoon variability on millennial-orbital timescales, Sci. Rep., 6(1), 2016.",NOAA,"d13C, d18O, mineralogy_petrology_fabric",,,,,,,803.6144929,977.0872093,1186.879767,1205.539253,755.0,1035.05,716.329924,802.888932,,,832.1724368,981.0200008,786.1561508,787.009564,SISAL_SiteID: 1; SISAL_EntityID: 5
1,Bittoo cave,30.7903,77.7764,3000.0,yes,,5,BT-2.4,current,,1-BT24,from top,limestone,Pleistocene,discontinuous carbonate,unknown,unknown,"closed forest, evergreen needle leaf",unknown,30.0,no,no,32.4,stalagmite,unknown,,yes,yes,Vienna-PDB,unknown,,no,no,yes,no,no,no,no,no,,,,,no,,,,,no,,,,,no,,,,,no,,,,,no,,,no,,no,"Cheng, Hai",https://www.ncdc.noaa.gov/paleo/study/20449,18.0,,SISAL_SampleID: 289644,,,,,,,,,,,,,,,,,,,,,,,,,,,,,,,,,,,,,,,,,,,,18.0,calcite,not applicable,,,,,,,,,,,,,,-7.77,0.08,-9.69,0.04,179809.216,,,StalAge,not applicable,not applicable,179831.4731,180616.9689824,178900.07133510002,179968.1481,181139.199273,178784.71351499998,179911.5,180648.15,178929.95,180173.7696,180890.61408,179367.49266,,,,179863.6084,180679.9619537,178934.4456327,179901.4155,180678.9728638,179137.6206708,,Calibrated radiocarbon years BP,per mille,per mille,per mille,per mille,,,,,,,,,,,,,,,,,,,,,,,,,,,,,,,,,m,m,,,degrees decimal,degrees decimal,meters a.s.l. ,,,,,,,,,1,10.1038/srep24374,"Kathayat, G., Cheng, H., Sinha, A., Spötl, C., Edwards, R. L., Zhang, H., Li, X., Yi, L., Ning, Y., Cai, Y., Lui, W. L. and Breitenbach, S. F. M.: Indian monsoon variability on millennial-orbital timescales, Sci. Rep., 6(1), 2016.",NOAA,"d13C, d18O, mineralogy_petrology_fabric",,,,,,,785.4958824,931.4017649,1171.051173,1183.434585,736.65,981.55,716.84448,806.27694,,,816.3535537,929.1627673,777.5573638,763.7948292,SISAL_SiteID: 1; SISAL_EntityID: 5
1,Bittoo cave,30.7903,77.7764,3000.0,yes,,5,BT-2.4,current,,1-BT24,from top,limestone,Pleistocene,discontinuous carbonate,unknown,unknown,"closed forest, evergreen needle leaf",unknown,30.0,no,no,32.4,stalagmite,unknown,,yes,yes,Vienna-PDB,unknown,,no,no,yes,no,no,no,no,no,,,,,no,,,,,no,,,,,no,,,,,no,,,,,no,,,no,,no,"Cheng, Hai",https://www.ncdc.noaa.gov/paleo/study/20449,19.2,,SISAL_SampleID: 289645,,,,,,,,,,,,,,,,,,,,,,,,,,,,,,,,,,,,,,,,,,,,19.2,calcite,not applicable,,,,,,,,,,,,,,-7.42,0.08,-9.71,0.04,179884.8304,,,StalAge,not applicable,not applicable,179871.4836,180635.5730943,178985.92331810002,180016.6762,181167.232167,178848.68495599998,179944.5,180666.05,179015.55,180229.3858,180955.465808,179423.4394112,,,,179901.5681,180695.2596698,179032.9241773,179949.0767,180715.9385887,179211.20721700002,,Calibrated radiocarbon years BP,per mille,per mille,per mille,per mille,,,,,,,,,,,,,,,,,,,,,,,,,,,,,,,,,m,m,,,degrees decimal,degrees decimal,meters a.s.l. ,,,,,,,,,1,10.1038/srep24374,"Kathayat, G., Cheng, H., Sinha, A., Spötl, C., Edwards, R. L., Zhang, H., Li, X., Yi, L., Ning, Y., Cai, Y., Lui, W. L. and Breitenbach, S. F. M.: Indian monsoon variability on millennial-orbital timescales, Sci. Rep., 6(1), 2016.",NOAA,"d13C, d18O, mineralogy_petrology_fabric",,,,,,,764.0894943,885.5602819,1150.555967,1167.991244,721.55,928.95,726.080008,805.9463888,,,793.6915698,868.6439227,766.8618887,737.869483,SISAL_SiteID: 1; SISAL_EntityID: 5
1,Bittoo cave,30.7903,77.7764,3000.0,yes,,5,BT-2.4,current,,1-BT24,from top,limestone,Pleistocene,discontinuous carbonate,unknown,unknown,"closed forest, evergreen needle leaf",unknown,30.0,no,no,32.4,stalagmite,unknown,,yes,yes,Vienna-PDB,unknown,,no,no,yes,no,no,no,no,no,,,,,no,,,,,no,,,,,no,,,,,no,,,,,no,,,no,,no,"Cheng, Hai",https://www.ncdc.noaa.gov/paleo/study/20449,20.4,,SISAL_SampleID: 289646,,,,,,,,,,,,,,,,,,,,,,,,,,,,,,,,,,,,,,,,,,,,20.4,calcite,not applicable,,,,,,,,,,,,,,-7.62,0.08,-9.7,0.04,179960.4448,,,StalAge,not applicable,not applicable,179916.1815,180656.1059456,179070.7392451,180065.0325,181199.471091,178917.739318,179975.0,180695.0,179106.9,180281.7285,181015.081956,179477.606052,,,,179939.7318,180712.02907,179109.029195,179999.9225,180752.139991,179283.27872469998,,Calibrated radiocarbon years BP,per mille,per mille,per mille,per mille,,,,,,,,,,,,,,,,,,,,,,,,,,,,,,,,,m,m,,,degrees decimal,degrees decimal,meters a.s.l. ,,,,,,,,,1,10.1038/srep24374,"Kathayat, G., Cheng, H., Sinha, A., Spötl, C., Edwards, R. L., Zhang, H., Li, X., Yi, L., Ning, Y., Cai, Y., Lui, W. L. and Breitenbach, S. F. M.: Indian monsoon variability on millennial-orbital timescales, Sci. Rep., 6(1), 2016.",NOAA,"d13C, d18O, mineralogy_petrology_fabric",,,,,,,739.9244456,845.4422549,1134.438591,1147.293182,720.0,868.1,733.353456,804.122448,,,772.29727,830.702605,752.217491,716.6437753,SISAL_SiteID: 1; SISAL_EntityID: 5
1,Bittoo cave,30.7903,77.7764,3000.0,yes,,5,BT-2.4,current,,1-BT24,from top,limestone,Pleistocene,discontinuous carbonate,unknown,unknown,"closed forest, evergreen needle leaf",unknown,30.0,no,no,32.4,stalagmite,unknown,,yes,yes,Vienna-PDB,unknown,,no,no,yes,no,no,no,no,no,,,,,no,,,,,no,,,,,no,,,,,no,,,,,no,,,no,,no,"Cheng, Hai",https://www.ncdc.noaa.gov/paleo/study/20449,21.6,,SISAL_SampleID: 289647,,,,,,,,,,,,,,,,,,,,,,,,,,,,,,,,,,,,,,,,,,,,21.6,calcite,not applicable,,,,,,,,,,,,,,-7.2,0.08,-9.64,0.04,180036.0592,,,StalAge,not applicable,not applicable,179953.5813,180669.3985935,179146.06855,180111.5814,181230.832921,178981.877802,180013.0,180724.2,179229.85,180329.9555,181048.528588,179548.02655200002,,,,179981.3914,180741.5935268,179190.1255542,180052.1176,180788.9213759,179350.8324795,,Calibrated radiocarbon years BP,per mille,per mille,per mille,per mille,,,,,,,,,,,,,,,,,,,,,,,,,,,,,,,,,m,m,,,degrees decimal,degrees decimal,meters a.s.l. ,,,,,,,,,1,10.1038/srep24374,"Kathayat, G., Cheng, H., Sinha, A., Spötl, C., Edwards, R. L., Zhang, H., Li, X., Yi, L., Ning, Y., Cai, Y., Lui, W. L. and Breitenbach, S. F. M.: Indian monsoon variability on millennial-orbital timescales, Sci. Rep., 6(1), 2016.",NOAA,"d13C, d18O, mineralogy_petrology_fabric",,,,,,,715.8172935,807.51275,1119.251521,1129.703598,711.2,783.15,718.573088,781.928948,,,760.2021268,791.2658458,736.8037759,701.2851205,SISAL_SiteID: 1; SISAL_EntityID: 5
1,Bittoo cave,30.7903,77.7764,3000.0,yes,,5,BT-2.4,current,,1-BT24,from top,limestone,Pleistocene,discontinuous carbonate,unknown,unknown,"closed forest, evergreen needle leaf",unknown,30.0,no,no,32.4,stalagmite,unknown,,yes,yes,Vienna-PDB,unknown,,no,no,yes,no,no,no,no,no,,,,,no,,,,,no,,,,,no,,,,,no,,,,,no,,,no,,no,"Cheng, Hai",https://www.ncdc.noaa.gov/paleo/study/20449,22.8,,SISAL_SampleID: 289648,,,,,,,,,,,,,,,,,,,,,,,,,,,,,,,,,,,,,,,,,,,,22.8,calcite,not applicable,,,,,,,,,,,,,,-6.59,0.08,-9.27,0.04,180111.6736,,,StalAge,not applicable,not applicable,179997.4512,180693.650536,179215.1728155,180158.0793,181263.06704800003,179049.32346100002,180057.5,180779.1,179348.0,180378.5474,181087.437078,179618.06105400002,,,,180019.6203,180762.155465,179268.69970700002,180101.2129,180826.4177522,179413.038539,,Calibrated radiocarbon years BP,per mille,per mille,per mille,per mille,,,,,,,,,,,,,,,,,,,,,,,,,,,,,,,,,m,m,,,degrees decimal,degrees decimal,meters a.s.l. ,,,,,,,,,1,10.1038/srep24374,"Kathayat, G., Cheng, H., Sinha, A., Spötl, C., Edwards, R. L., Zhang, H., Li, X., Yi, L., Ning, Y., Cai, Y., Lui, W. L. and Breitenbach, S. F. M.: Indian monsoon variability on millennial-orbital timescales, Sci. Rep., 6(1), 2016.",NOAA,"d13C, d18O, mineralogy_petrology_fabric",,,,,,,696.199336,782.2783845,1104.987748,1108.755839,721.6,709.5,708.889678,760.486346,,,742.535165,750.920593,725.2048522,688.174361,SISAL_SiteID: 1; SISAL_EntityID: 5
1,Bittoo cave,30.7903,77.7764,3000.0,yes,,5,BT-2.4,current,,1-BT24,from top,limestone,Pleistocene,discontinuous carbonate,unknown,unknown,"closed forest, evergreen needle leaf",unknown,30.0,no,no,32.4,stalagmite,unknown,,yes,yes,Vienna-PDB,unknown,,no,no,yes,no,no,no,no,no,,,,,no,,,,,no,,,,,no,,,,,no,,,,,no,,,no,,no,"Cheng, Hai",https://www.ncdc.noaa.gov/paleo/study/20449,24.0,,SISAL_SampleID: 289649,MC-ICP-MS U/Th,,BT2(4)-6,calcite,,,180259.0,985.0,985.0,,,yes,815.1,1.0,318.0,7.0,,,7149.976266,157.6358471,0.9128,0.0015,1.10586204,0.001364107,0.814430125,0.407215062,Cheng et al. 2013,180187.0,181172.0,179202.0,yes,yes,yes,yes,,yes,yes,,,,,,,24.0,calcite,not applicable,,,,,,,,,,,,,,-7.03,0.08,-9.33,0.04,180187.288,,,StalAge,not applicable,not applicable,180041.1726,180709.3835209,179297.4342382,180205.9621,181292.368372,179113.788483,180120.5,180826.45,179421.9,180424.3916,181129.985342,179673.93596,,,,180052.2196,180785.3023372,179342.157597,180148.0028,180863.3939272,179475.87505789998,,Calibrated radiocarbon years BP,per mille,per mille,per mille,per mille,,,,,,,,,,,,,,,,,,,ppb,ppb (2-sigma uncertainty),ppt,ppt (2-sigma uncertainty),,,activity ratio,2 Standard Deviations,activity ratio,2 Standard Deviations,activity ratio,2 Standard Deviations,activity ratio,2 Standard Deviations,m,m,,,degrees decimal,degrees decimal,meters a.s.l. ,,,year,year,year,year,year,year,1,10.1038/srep24374,"Kathayat, G., Cheng, H., Sinha, A., Spötl, C., Edwards, R. L., Zhang, H., Li, X., Yi, L., Ning, Y., Cai, Y., Lui, W. L. and Breitenbach, S. F. M.: Indian monsoon variability on millennial-orbital timescales, Sci. Rep., 6(1), 2016.",NOAA,"d13C, d18O, mineralogy_petrology_fabric",985.0,985.0,,,,,668.2109209,743.7383618,1086.406272,1092.173617,705.95,698.6,705.593742,750.45564,,,733.0827372,710.062003,715.3911272,672.1277421,SISAL_SiteID: 1; SISAL_EntityID: 5
1,Bittoo cave,30.7903,77.7764,3000.0,yes,,5,BT-2.4,current,,1-BT24,from top,limestone,Pleistocene,discontinuous carbonate,unknown,unknown,"closed forest, evergreen needle leaf",unknown,30.0,no,no,32.4,stalagmite,unknown,,yes,yes,Vienna-PDB,unknown,,no,no,yes,no,no,no,no,no,,,,,no,,,,,no,,,,,no,,,,,no,,,,,no,,,no,,no,"Cheng, Hai",https://www.ncdc.noaa.gov/paleo/study/20449,25.2,,SISAL_SampleID: 289650,,,,,,,,,,,,,,,,,,,,,,,,,,,,,,,,,,,,,,,,,,,,25.2,calcite,not applicable,,,,,,,,,,,,,,-6.95,0.08,-9.33,0.04,180217.0128,,,StalAge,not applicable,not applicable,180086.9042,180732.1673251,179378.1547127,180253.123,181319.684959,179173.287379,180177.0,180863.3,179507.05,180474.9306,181178.704396,179725.55892399998,,,,180090.5355,180799.568435,179416.2521194,180195.7959,180900.0545425,179542.6384102,,Calibrated radiocarbon years BP,per mille,per mille,per mille,per mille,,,,,,,,,,,,,,,,,,,,,,,,,,,,,,,,,m,m,,,degrees decimal,degrees decimal,meters a.s.l. ,,,,,,,,,1,10.1038/srep24374,"Kathayat, G., Cheng, H., Sinha, A., Spötl, C., Edwards, R. L., Zhang, H., Li, X., Yi, L., Ning, Y., Cai, Y., Lui, W. L. and Breitenbach, S. F. M.: Indian monsoon variability on millennial-orbital timescales, Sci. Rep., 6(1), 2016.",NOAA,"d13C, d18O, mineralogy_petrology_fabric",,,,,,,645.2631251,708.7494873,1066.561959,1079.835621,686.3,669.95,703.773796,749.371676,,,709.032935,674.2833806,704.2586425,653.1574898,SISAL_SiteID: 1; SISAL_EntityID: 5
1,Bittoo cave,30.7903,77.7764,3000.0,yes,,5,BT-2.4,current,,1-BT24,from top,limestone,Pleistocene,discontinuous carbonate,unknown,unknown,"closed forest, evergreen needle leaf",unknown,30.0,no,no,32.4,stalagmite,unknown,,yes,yes,Vienna-PDB,unknown,,no,no,yes,no,no,no,no,no,,,,,no,,,,,no,,,,,no,,,,,no,,,,,no,,,no,,no,"Cheng, Hai",https://www.ncdc.noaa.gov/paleo/study/20449,25.4,,SISAL_SampleID: 289651,,,,,,,,,,,,,,,,,,,,,,,,,,,,,,,,,,,,,,,,,,,,25.4,calcite,not applicable,,,,,,,,,,,,,,-7.0,0.08,-9.44,0.04,180221.9256,,,StalAge,not applicable,not applicable,180095.3321,180736.6958209,179392.8880015,180260.7801,181324.76664,179183.203812,180187.0,180868.05,179527.45,180483.1473,181187.507046,179733.551104,,,,180096.4872,180801.2690638,179425.521318,180204.2167,180906.3363129,179553.9158194,,Calibrated radiocarbon years BP,per mille,per mille,per mille,per mille,,,,,,,,,,,,,,,,,,,,,,,,,,,,,,,,,m,m,,,degrees decimal,degrees decimal,meters a.s.l. ,,,,,,,,,1,10.1038/srep24374,"Kathayat, G., Cheng, H., Sinha, A., Spötl, C., Edwards, R. L., Zhang, H., Li, X., Yi, L., Ning, Y., Cai, Y., Lui, W. L. and Breitenbach, S. F. M.: Indian monsoon variability on millennial-orbital timescales, Sci. Rep., 6(1), 2016.",NOAA,"d13C, d18O, mineralogy_petrology_fabric",,,,,,,641.3637209,702.4440985,1063.98654,1077.576288,681.05,659.55,704.359746,749.596196,,,704.7818638,670.965882,702.1196129,650.3008806,SISAL_SiteID: 1; SISAL_EntityID: 5
1,Bittoo cave,30.7903,77.7764,3000.0,yes,,5,BT-2.4,current,,1-BT24,from top,limestone,Pleistocene,discontinuous carbonate,unknown,unknown,"closed forest, evergreen needle leaf",unknown,30.0,no,no,32.4,stalagmite,unknown,,yes,yes,Vienna-PDB,unknown,,no,no,yes,no,no,no,no,no,,,,,no,,,,,no,,,,,no,,,,,no,,,,,no,,,no,,no,"Cheng, Hai",https://www.ncdc.noaa.gov/paleo/study/20449,26.4,,SISAL_SampleID: 289652,,,,,,,,,,,,,,,,,,,,,,,,,,,,,,,,,,,,,,,,,,,,26.4,calcite,not applicable,,,,,,,,,,,,,,-6.21,0.08,-9.19,0.04,180246.4896,,,StalAge,not applicable,not applicable,180131.3455,180766.7987359,179450.7250902,180299.2963,181349.67556,179232.99616799998,180235.5,180897.3,179586.55,180525.0539,181229.168856,179769.564848,,,,180127.4889,180818.1945319,179479.6412711,180248.919,180939.1411751,179609.9386423,,Calibrated radiocarbon years BP,per mille,per mille,per mille,per mille,,,,,,,,,,,,,,,,,,,,,,,,,,,,,,,,,m,m,,,degrees decimal,degrees decimal,meters a.s.l. ,,,,,,,,,1,10.1038/srep24374,"Kathayat, G., Cheng, H., Sinha, A., Spötl, C., Edwards, R. L., Zhang, H., Li, X., Yi, L., Ning, Y., Cai, Y., Lui, W. L. and Breitenbach, S. F. M.: Indian monsoon variability on millennial-orbital timescales, Sci. Rep., 6(1), 2016.",NOAA,"d13C, d18O, mineralogy_petrology_fabric",,,,,,,635.4532359,680.6204098,1050.37926,1066.300132,661.8,648.95,704.114956,755.489052,,,690.7056319,647.8476289,690.2221751,638.9803577,SISAL_SiteID: 1; SISAL_EntityID: 5
1,Bittoo cave,30.7903,77.7764,3000.0,yes,,5,BT-2.4,current,,1-BT24,from top,limestone,Pleistocene,discontinuous carbonate,unknown,unknown,"closed forest, evergreen needle leaf",unknown,30.0,no,no,32.4,stalagmite,unknown,,yes,yes,Vienna-PDB,unknown,,no,no,yes,no,no,no,no,no,,,,,no,,,,,no,,,,,no,,,,,no,,,,,no,,,no,,no,"Cheng, Hai",https://www.ncdc.noaa.gov/paleo/study/20449,27.6,,SISAL_SampleID: 289653,,,,,,,,,,,,,,,,,,,,,,,,,,,,,,,,,,,,,,,,,,,,27.6,calcite,not applicable,,,,,,,,,,,,,,-6.34,0.08,-9.33,0.04,180275.9664,,,StalAge,not applicable,not applicable,180173.3466,180788.8086731,179520.39220099998,180349.5708,181376.523399,179296.95468199998,180293.0,180934.8,179652.0,180574.5943,181276.817868,179812.8751932,,,,180163.4728,180846.0019111,179527.691551,180302.2201,180980.9418613,179675.3595616,,Calibrated radiocarbon years BP,per mille,per mille,per mille,per mille,,,,,,,,,,,,,,,,,,,,,,,,,,,,,,,,,m,m,,,degrees decimal,degrees decimal,meters a.s.l. ,,,,,,,,,1,10.1038/srep24374,"Kathayat, G., Cheng, H., Sinha, A., Spötl, C., Edwards, R. L., Zhang, H., Li, X., Yi, L., Ning, Y., Cai, Y., Lui, W. L. and Breitenbach, S. F. M.: Indian monsoon variability on millennial-orbital timescales, Sci. Rep., 6(1), 2016.",NOAA,"d13C, d18O, mineralogy_petrology_fabric",,,,,,,615.4620731,652.954399,1026.952599,1052.616118,641.8,641.0,702.223568,761.7191068,,,682.5291111,635.781249,678.7217613,626.8605384,SISAL_SiteID: 1; SISAL_EntityID: 5
1,Bittoo cave,30.7903,77.7764,3000.0,yes,,5,BT-2.4,current,,1-BT24,from top,limestone,Pleistocene,discontinuous carbonate,unknown,unknown,"closed forest, evergreen needle leaf",unknown,30.0,no,no,32.4,stalagmite,unknown,,yes,yes,Vienna-PDB,unknown,,no,no,yes,no,no,no,no,no,,,,,no,,,,,no,,,,,no,,,,,no,,,,,no,,,no,,no,"Cheng, Hai",https://www.ncdc.noaa.gov/paleo/study/20449,28.8,,SISAL_SampleID: 289654,,,,,,,,,,,,,,,,,,,,,,,,,,,,,,,,,,,,,,,,,,,,28.8,calcite,not applicable,,,,,,,,,,,,,,-6.25,0.08,-9.37,0.04,180305.4432,,,StalAge,not applicable,not applicable,180218.7001,180816.8775832,179576.94300429997,180395.1492,181409.68878400003,179365.56027800002,180335.0,180980.15,179729.95,180622.3687,181341.327628,179851.6883968,,,,180210.2511,180877.8160689,179586.5366092,180347.9937,181024.1739388,179737.45581719998,,Calibrated radiocarbon years BP,per mille,per mille,per mille,per mille,,,,,,,,,,,,,,,,,,,,,,,,,,,,,,,,,m,m,,,degrees decimal,degrees decimal,meters a.s.l. ,,,,,,,,,1,10.1038/srep24374,"Kathayat, G., Cheng, H., Sinha, A., Spötl, C., Edwards, R. L., Zhang, H., Li, X., Yi, L., Ning, Y., Cai, Y., Lui, W. L. and Breitenbach, S. F. M.: Indian monsoon variability on millennial-orbital timescales, Sci. Rep., 6(1), 2016.",NOAA,"d13C, d18O, mineralogy_petrology_fabric",,,,,,,598.1774832,641.7570957,1014.539584,1029.588922,645.15,605.05,718.958928,770.6803032,,,667.5649689,623.7144908,676.1802388,610.5378828,SISAL_SiteID: 1; SISAL_EntityID: 5
1,Bittoo cave,30.7903,77.7764,3000.0,yes,,5,BT-2.4,current,,1-BT24,from top,limestone,Pleistocene,discontinuous carbonate,unknown,unknown,"closed forest, evergreen needle leaf",unknown,30.0,no,no,32.4,stalagmite,unknown,,yes,yes,Vienna-PDB,unknown,,no,no,yes,no,no,no,no,no,,,,,no,,,,,no,,,,,no,,,,,no,,,,,no,,,no,,no,"Cheng, Hai",https://www.ncdc.noaa.gov/paleo/study/20449,30.0,,SISAL_SampleID: 289655,,,,,,,,,,,,,,,,,,,,,,,,,,,,,,,,,,,,,,,,,,,,30.0,calcite,not applicable,,,,,,,,,,,,,,-6.51,0.08,-9.51,0.04,180334.92,,,StalAge,not applicable,not applicable,180265.8472,180847.5349405,179632.47496569998,180444.3856,181439.9850272,179431.455984,180384.5,181024.0,179773.95,180668.558,181402.8904,179894.8553,,,,180252.5865,180922.0128709,179626.5325833,180393.0037,181068.2213948,179794.6661753,,Calibrated radiocarbon years BP,per mille,per mille,per mille,per mille,,,,,,,,,,,,,,,,,,,,,,,,,,,,,,,,,m,m,,,degrees decimal,degrees decimal,meters a.s.l. ,,,,,,,,,1,10.1038/srep24374,"Kathayat, G., Cheng, H., Sinha, A., Spötl, C., Edwards, R. L., Zhang, H., Li, X., Yi, L., Ning, Y., Cai, Y., Lui, W. L. and Breitenbach, S. F. M.: Indian monsoon variability on millennial-orbital timescales, Sci. Rep., 6(1), 2016.",NOAA,"d13C, d18O, mineralogy_petrology_fabric",,,,,,,581.6877405,633.3722343,995.5994272,1012.929616,639.5,610.55,734.3324,773.7027,,,669.4263709,626.0539167,675.2176948,598.3375247,SISAL_SiteID: 1; SISAL_EntityID: 5
1,Bittoo cave,30.7903,77.7764,3000.0,yes,,5,BT-2.4,current,,1-BT24,from top,limestone,Pleistocene,discontinuous carbonate,unknown,unknown,"closed forest, evergreen needle leaf",unknown,30.0,no,no,32.4,stalagmite,unknown,,yes,yes,Vienna-PDB,unknown,,no,no,yes,no,no,no,no,no,,,,,no,,,,,no,,,,,no,,,,,no,,,,,no,,,no,,no,"Cheng, Hai",https://www.ncdc.noaa.gov/paleo/study/20449,31.2,,SISAL_SampleID: 289656,,,,,,,,,,,,,,,,,,,,,,,,,,,,,,,,,,,,,,,,,,,,31.2,calcite,not applicable,,,,,,,,,,,,,,-6.98,0.08,-9.32,0.04,180364.3968,,,StalAge,not applicable,not applicable,180313.5413,180885.054128,179688.34540000002,180493.4698,181468.5879044,179498.6865376,180438.0,181054.3,179827.5,180719.6752,181441.331404,179974.469972,,,,180293.8651,180964.4257879,179682.4251036,180442.54,181114.4888406,179845.98312000002,,Calibrated radiocarbon years BP,per mille,per mille,per mille,per mille,,,,,,,,,,,,,,,,,,,,,,,,,,,,,,,,,m,m,,,degrees decimal,degrees decimal,meters a.s.l. ,,,,,,,,,1,10.1038/srep24374,"Kathayat, G., Cheng, H., Sinha, A., Spötl, C., Edwards, R. L., Zhang, H., Li, X., Yi, L., Ning, Y., Cai, Y., Lui, W. L. and Breitenbach, S. F. M.: Indian monsoon variability on millennial-orbital timescales, Sci. Rep., 6(1), 2016.",NOAA,"d13C, d18O, mineralogy_petrology_fabric",,,,,,,571.512828,625.1959,975.1181044,994.7832624,616.3,610.5,721.656204,745.205228,,,670.5606879,611.4399964,671.9488406,596.55688,SISAL_SiteID: 1; SISAL_EntityID: 5
1,Bittoo cave,30.7903,77.7764,3000.0,yes,,5,BT-2.4,current,,1-BT24,from top,limestone,Pleistocene,discontinuous carbonate,unknown,unknown,"closed forest, evergreen needle leaf",unknown,30.0,no,no,32.4,stalagmite,unknown,,yes,yes,Vienna-PDB,unknown,,no,no,yes,no,no,no,no,no,,,,,no,,,,,no,,,,,no,,,,,no,,,,,no,,,no,,no,"Cheng, Hai",https://www.ncdc.noaa.gov/paleo/study/20449,32.4,,SISAL_SampleID: 289657,,,,,,,,,,,,,,,,,,,,,,,,,,,,,,,,,,,,,,,,,,,,32.4,calcite,not applicable,,,,,,,,,,,,,,-6.14,0.08,-9.03,0.04,180393.8736,,,StalAge,not applicable,not applicable,180353.9699,180917.6993775,179750.430352,180538.3666,181499.3313855,179562.83577150002,180481.0,181086.15,179869.75,180768.1751,181480.6694968,180047.77393199998,,,,180336.1516,180998.0229185,179722.9941671,180494.0101,181167.4391734,179891.5801332,,Calibrated radiocarbon years BP,per mille,per mille,per mille,per mille,,,,,,,,,,,,,,,,,,,,,,,,,,,,,,,,,m,m,,,degrees decimal,degrees decimal,meters a.s.l. ,,,,,,,,,1,10.1038/srep24374,"Kathayat, G., Cheng, H., Sinha, A., Spötl, C., Edwards, R. L., Zhang, H., Li, X., Yi, L., Ning, Y., Cai, Y., Lui, W. L. and Breitenbach, S. F. M.: Indian monsoon variability on millennial-orbital timescales, Sci. Rep., 6(1), 2016.",NOAA,"d13C, d18O, mineralogy_petrology_fabric",,,,,,,563.7294775,603.539548,960.9647855,975.5308285,605.15,611.25,712.4943968,720.401168,,,661.8713185,613.1574329,673.4290734,602.4299668,SISAL_SiteID: 1; SISAL_EntityID: 5
1,Bittoo cave,30.7903,77.7764,3000.0,yes,,5,BT-2.4,current,,1-BT24,from top,limestone,Pleistocene,discontinuous carbonate,unknown,unknown,"closed forest, evergreen needle leaf",unknown,30.0,no,no,32.4,stalagmite,unknown,,yes,yes,Vienna-PDB,unknown,,no,no,yes,no,no,no,no,no,,,,,no,,,,,no,,,,,no,,,,,no,,,,,no,,,no,,no,"Cheng, Hai",https://www.ncdc.noaa.gov/paleo/study/20449,33.6,,SISAL_SampleID: 289658,,,,,,,,,,,,,,,,,,,,,,,,,,,,,,,,,,,,,,,,,,,,33.6,calcite,not applicable,,,,,,,,,,,,,,-6.01,0.08,-9.04,0.04,180423.3504,,,StalAge,not applicable,not applicable,180397.6708,180955.3786452,179807.70086729998,180585.1218,181530.1198464,179625.0938597,180521.0,181109.05,179914.85,180819.2338,181525.901274,180117.36992,,,,180378.3475,181061.7273481,179767.4048275,180545.1002,181233.924564,179934.8235827,,Calibrated radiocarbon years BP,per mille,per mille,per mille,per mille,,,,,,,,,,,,,,,,,,,,,,,,,,,,,,,,,m,m,,,degrees decimal,degrees decimal,meters a.s.l. ,,,,,,,,,1,10.1038/srep24374,"Kathayat, G., Cheng, H., Sinha, A., Spötl, C., Edwards, R. L., Zhang, H., Li, X., Yi, L., Ning, Y., Cai, Y., Lui, W. L. and Breitenbach, S. F. M.: Indian monsoon variability on millennial-orbital timescales, Sci. Rep., 6(1), 2016.",NOAA,"d13C, d18O, mineralogy_petrology_fabric",,,,,,,557.7078452,589.9699327,944.9980464,960.0279403,588.05,606.15,706.667474,701.86388,,,683.3798481,610.9426725,688.824364,610.2766173,SISAL_SiteID: 1; SISAL_EntityID: 5
1,Bittoo cave,30.7903,77.7764,3000.0,yes,,5,BT-2.4,current,,1-BT24,from top,limestone,Pleistocene,discontinuous carbonate,unknown,unknown,"closed forest, evergreen needle leaf",unknown,30.0,no,no,32.4,stalagmite,unknown,,yes,yes,Vienna-PDB,unknown,,no,no,yes,no,no,no,no,no,,,,,no,,,,,no,,,,,no,,,,,no,,,,,no,,,no,,no,"Cheng, Hai",https://www.ncdc.noaa.gov/paleo/study/20449,34.8,,SISAL_SampleID: 289659,,,,,,,,,,,,,,,,,,,,,,,,,,,,,,,,,,,,,,,,,,,,34.8,calcite,not applicable,,,,,,,,,,,,,,-5.96,0.08,-8.87,0.04,180452.8272,,,StalAge,not applicable,not applicable,180441.7554,180997.7641646,179850.05754799998,180629.3082,181560.0703436,179692.2387481,180570.0,181148.2,179950.9,180871.5469,181567.2023448,180172.329168,,,,180424.4695,181118.9551585,179805.56811300002,180594.7815,181315.4568132,179978.6976378,,Calibrated radiocarbon years BP,per mille,per mille,per mille,per mille,,,,,,,,,,,,,,,,,,,,,,,,,,,,,,,,,m,m,,,degrees decimal,degrees decimal,meters a.s.l. ,,,,,,,,,1,10.1038/srep24374,"Kathayat, G., Cheng, H., Sinha, A., Spötl, C., Edwards, R. L., Zhang, H., Li, X., Yi, L., Ning, Y., Cai, Y., Lui, W. L. and Breitenbach, S. F. M.: Indian monsoon variability on millennial-orbital timescales, Sci. Rep., 6(1), 2016.",NOAA,"d13C, d18O, mineralogy_petrology_fabric",,,,,,,556.0087646,591.697852,930.7621436,937.0694519,578.2,619.1,695.6554448,699.217732,,,694.4856585,618.901387,720.6753132,616.0838622,SISAL_SiteID: 1; SISAL_EntityID: 5
1,Bittoo cave,30.7903,77.7764,3000.0,yes,,5,BT-2.4,current,,1-BT24,from top,limestone,Pleistocene,discontinuous carbonate,unknown,unknown,"closed forest, evergreen needle leaf",unknown,30.0,no,no,32.4,stalagmite,unknown,,yes,yes,Vienna-PDB,unknown,,no,no,yes,no,no,no,no,no,,,,,no,,,,,no,,,,,no,,,,,no,,,,,no,,,no,,no,"Cheng, Hai",https://www.ncdc.noaa.gov/paleo/study/20449,36.0,,SISAL_SampleID: 289660,,,,,,,,,,,,,,,,,,,,,,,,,,,,,,,,,,,,,,,,,,,,36.0,calcite,not applicable,,,,,,,,,,,,,,-5.27,0.08,-8.83,0.04,180482.304,,,StalAge,not applicable,not applicable,180489.2564,181049.27221030003,179885.8894914,180676.9236,181590.8155361,179763.382936,180611.0,181184.2,179993.0,180922.5032,181622.22191,180226.09612,,,,180461.6487,181184.1890278,179842.5082056,180644.6713,181387.0570855,180016.81698439998,,Calibrated radiocarbon years BP,per mille,per mille,per mille,per mille,,,,,,,,,,,,,,,,,,,,,,,,,,,,,,,,,m,m,,,degrees decimal,degrees decimal,meters a.s.l. ,,,,,,,,,1,10.1038/srep24374,"Kathayat, G., Cheng, H., Sinha, A., Spötl, C., Edwards, R. L., Zhang, H., Li, X., Yi, L., Ning, Y., Cai, Y., Lui, W. L. and Breitenbach, S. F. M.: Indian monsoon variability on millennial-orbital timescales, Sci. Rep., 6(1), 2016.",NOAA,"d13C, d18O, mineralogy_petrology_fabric",,,,,,,560.0158103,603.3669086,913.8919361,913.540664,573.2,618.0,699.71871,696.40708,,,722.5403278,619.1404944,742.3857855,627.8543156,SISAL_SiteID: 1; SISAL_EntityID: 5
1,Bittoo cave,30.7903,77.7764,3000.0,yes,,5,BT-2.4,current,,1-BT24,from top,limestone,Pleistocene,discontinuous carbonate,unknown,unknown,"closed forest, evergreen needle leaf",unknown,30.0,no,no,32.4,stalagmite,unknown,,yes,yes,Vienna-PDB,unknown,,no,no,yes,no,no,no,no,no,,,,,no,,,,,no,,,,,no,,,,,no,,,,,no,,,no,,no,"Cheng, Hai",https://www.ncdc.noaa.gov/paleo/study/20449,37.2,,SISAL_SampleID: 289661,,,,,,,,,,,,,,,,,,,,,,,,,,,,,,,,,,,,,,,,,,,,37.2,calcite,not applicable,,,,,,,,,,,,,,-5.19,0.08,-9.06,0.04,180511.7808,,,StalAge,not applicable,not applicable,180541.8662,181098.3135631,179923.8171731,180724.7395,181622.7987689,179829.9750224,180650.0,181226.3,180029.95,180973.9228,181667.466388,180274.714784,,,,180506.8012,181244.2697691,179879.739147,180695.9828,181439.505885,180050.1161262,,Calibrated radiocarbon years BP,per mille,per mille,per mille,per mille,,,,,,,,,,,,,,,,,,,,,,,,,,,,,,,,,m,m,,,degrees decimal,degrees decimal,meters a.s.l. ,,,,,,,,,1,10.1038/srep24374,"Kathayat, G., Cheng, H., Sinha, A., Spötl, C., Edwards, R. L., Zhang, H., Li, X., Yi, L., Ning, Y., Cai, Y., Lui, W. L. and Breitenbach, S. F. M.: Indian monsoon variability on millennial-orbital timescales, Sci. Rep., 6(1), 2016.",NOAA,"d13C, d18O, mineralogy_petrology_fabric",,,,,,,556.4473631,618.0490269,898.0592689,894.7644776,576.3,620.05,693.543588,699.208016,,,737.4685691,627.062053,743.523085,645.8666738,SISAL_SiteID: 1; SISAL_EntityID: 5
1,Bittoo cave,30.7903,77.7764,3000.0,yes,,5,BT-2.4,current,,1-BT24,from top,limestone,Pleistocene,discontinuous carbonate,unknown,unknown,"closed forest, evergreen needle leaf",unknown,30.0,no,no,32.4,stalagmite,unknown,,yes,yes,Vienna-PDB,unknown,,no,no,yes,no,no,no,no,no,,,,,no,,,,,no,,,,,no,,,,,no,,,,,no,,,no,,no,"Cheng, Hai",https://www.ncdc.noaa.gov/paleo/study/20449,38.4,,SISAL_SampleID: 289662,,,,,,,,,,,,,,,,,,,,,,,,,,,,,,,,,,,,,,,,,,,,38.4,calcite,not applicable,,,,,,,,,,,,,,-5.4,0.08,-9.16,0.04,180541.2576,,,StalAge,not applicable,not applicable,180582.5647,181157.7849487,179949.24412209998,180772.0714,181653.6349217,179898.34918529997,180697.0,181288.15,180068.95,181025.7905,181726.201208,180318.08114,,,,180549.509,181320.8345356,179911.4423699,180748.2866,181495.8727346,180093.1319125,,Calibrated radiocarbon years BP,per mille,per mille,per mille,per mille,,,,,,,,,,,,,,,,,,,,,,,,,,,,,,,,,m,m,,,degrees decimal,degrees decimal,meters a.s.l. ,,,,,,,,,1,10.1038/srep24374,"Kathayat, G., Cheng, H., Sinha, A., Spötl, C., Edwards, R. L., Zhang, H., Li, X., Yi, L., Ning, Y., Cai, Y., Lui, W. L. and Breitenbach, S. F. M.: Indian monsoon variability on millennial-orbital timescales, Sci. Rep., 6(1), 2016.",NOAA,"d13C, d18O, mineralogy_petrology_fabric",,,,,,,575.2202487,633.3205779,881.5635217,873.7222147,591.15,628.05,700.410708,707.70936,,,771.3255356,638.0666301,747.5861346,655.1546875,SISAL_SiteID: 1; SISAL_EntityID: 5
1,Bittoo cave,30.7903,77.7764,3000.0,yes,,5,BT-2.4,current,,1-BT24,from top,limestone,Pleistocene,discontinuous carbonate,unknown,unknown,"closed forest, evergreen needle leaf",unknown,30.0,no,no,32.4,stalagmite,unknown,,yes,yes,Vienna-PDB,unknown,,no,no,yes,no,no,no,no,no,,,,,no,,,,,no,,,,,no,,,,,no,,,,,no,,,no,,no,"Cheng, Hai",https://www.ncdc.noaa.gov/paleo/study/20449,39.6,,SISAL_SampleID: 289663,,,,,,,,,,,,,,,,,,,,,,,,,,,,,,,,,,,,,,,,,,,,39.6,calcite,not applicable,,,,,,,,,,,,,,-4.99,0.08,-9.06,0.04,180570.7344,,,StalAge,not applicable,not applicable,180626.7138,181226.7571528,179973.35130049998,180818.0036,181684.2542453,179967.0382305,180735.0,181327.1,180097.85,181074.8464,181793.344216,180359.084172,,,,180593.0794,181387.6765408,179947.3255355,180801.1441,181552.4909299,180144.8364392,,Calibrated radiocarbon years BP,per mille,per mille,per mille,per mille,,,,,,,,,,,,,,,,,,,,,,,,,,,,,,,,,m,m,,,degrees decimal,degrees decimal,meters a.s.l. ,,,,,,,,,1,10.1038/srep24374,"Kathayat, G., Cheng, H., Sinha, A., Spötl, C., Edwards, R. L., Zhang, H., Li, X., Yi, L., Ning, Y., Cai, Y., Lui, W. L. and Breitenbach, S. F. M.: Indian monsoon variability on millennial-orbital timescales, Sci. Rep., 6(1), 2016.",NOAA,"d13C, d18O, mineralogy_petrology_fabric",,,,,,,600.0433528,653.3624995,866.2506453,850.9653695,592.1,637.15,718.497816,715.762228,,,794.5971408,645.7538645,751.3468299,656.3076608,SISAL_SiteID: 1; SISAL_EntityID: 5
1,Bittoo cave,30.7903,77.7764,3000.0,yes,,5,BT-2.4,current,,1-BT24,from top,limestone,Pleistocene,discontinuous carbonate,unknown,unknown,"closed forest, evergreen needle leaf",unknown,30.0,no,no,32.4,stalagmite,unknown,,yes,yes,Vienna-PDB,unknown,,no,no,yes,no,no,no,no,no,,,,,no,,,,,no,,,,,no,,,,,no,,,,,no,,,no,,no,"Cheng, Hai",https://www.ncdc.noaa.gov/paleo/study/20449,40.8,,SISAL_SampleID: 289664,,,,,,,,,,,,,,,,,,,,,,,,,,,,,,,,,,,,,,,,,,,,40.8,calcite,not applicable,,,,,,,,,,,,,,-4.46,0.08,-8.56,0.04,180600.2112,,,StalAge,not applicable,not applicable,180662.0342,181283.5505902,179997.1676384,180864.9813,181713.0558372,180037.6600531,180773.0,181372.1,180139.9,181128.3262,181845.20028,180425.902656,,,,180636.122,181453.5558637,179974.9533744,180853.9042,181593.320837,180196.2984966,,Calibrated radiocarbon years BP,per mille,per mille,per mille,per mille,,,,,,,,,,,,,,,,,,,,,,,,,,,,,,,,,m,m,,,degrees decimal,degrees decimal,meters a.s.l. ,,,,,,,,,1,10.1038/srep24374,"Kathayat, G., Cheng, H., Sinha, A., Spötl, C., Edwards, R. L., Zhang, H., Li, X., Yi, L., Ning, Y., Cai, Y., Lui, W. L. and Breitenbach, S. F. M.: Indian monsoon variability on millennial-orbital timescales, Sci. Rep., 6(1), 2016.",NOAA,"d13C, d18O, mineralogy_petrology_fabric",,,,,,,621.5163902,664.8665616,848.0745372,827.3212469,599.1,633.1,716.87408,702.423544,,,817.4338637,661.1686256,739.416637,657.6057034,SISAL_SiteID: 1; SISAL_EntityID: 5
1,Bittoo cave,30.7903,77.7764,3000.0,yes,,5,BT-2.4,current,,1-BT24,from top,limestone,Pleistocene,discontinuous carbonate,unknown,unknown,"closed forest, evergreen needle leaf",unknown,30.0,no,no,32.4,stalagmite,unknown,,yes,yes,Vienna-PDB,unknown,,no,no,yes,no,no,no,no,no,,,,,no,,,,,no,,,,,no,,,,,no,,,,,no,,,no,,no,"Cheng, Hai",https://www.ncdc.noaa.gov/paleo/study/20449,42.0,,SISAL_SampleID: 289665,,,,,,,,,,,,,,,,,,,,,,,,,,,,,,,,,,,,,,,,,,,,42.0,calcite,not applicable,,,,,,,,,,,,,,-4.56,0.08,-8.89,0.04,180629.688,,,StalAge,not applicable,not applicable,180698.3928,181347.5286689,180023.9679489,180911.7341,181740.5536615,180105.1040588,180823.0,181421.15,180162.75,181180.0688,181881.6715,180483.07863,,,,180682.3951,181496.9694913,180005.1489961,180904.7622,181629.1048026,180250.2191507,,Calibrated radiocarbon years BP,per mille,per mille,per mille,per mille,,,,,,,,,,,,,,,,,,,,,,,,,,,,,,,,,m,m,,,degrees decimal,degrees decimal,meters a.s.l. ,,,,,,,,,1,10.1038/srep24374,"Kathayat, G., Cheng, H., Sinha, A., Spötl, C., Edwards, R. L., Zhang, H., Li, X., Yi, L., Ning, Y., Cai, Y., Lui, W. L. and Breitenbach, S. F. M.: Indian monsoon variability on millennial-orbital timescales, Sci. Rep., 6(1), 2016.",NOAA,"d13C, d18O, mineralogy_petrology_fabric",,,,,,,649.1358689,674.4248511,828.8195615,806.6300412,598.15,660.25,701.6027,696.99017,,,814.5743913,677.2461039,724.3426026,654.5430493,SISAL_SiteID: 1; SISAL_EntityID: 5
1,Bittoo cave,30.7903,77.7764,3000.0,yes,,5,BT-2.4,current,,1-BT24,from top,limestone,Pleistocene,discontinuous carbonate,unknown,unknown,"closed forest, evergreen needle leaf",unknown,30.0,no,no,32.4,stalagmite,unknown,,yes,yes,Vienna-PDB,unknown,,no,no,yes,no,no,no,no,no,,,,,no,,,,,no,,,,,no,,,,,no,,,,,no,,,no,,no,"Cheng, Hai",https://www.ncdc.noaa.gov/paleo/study/20449,43.2,,SISAL_SampleID: 289666,,,,,,,,,,,,,,,,,,,,,,,,,,,,,,,,,,,,,,,,,,,,43.2,calcite,not applicable,,,,,,,,,,,,,,-3.84,0.08,-8.24,0.04,180659.1648,,,StalAge,not applicable,not applicable,180738.491,181422.4557316,180056.35924710002,180958.886,181770.4276048,180174.0413132,180866.0,181477.1,180184.8,181235.4856,181932.625876,180536.52793200003,,,,180733.0432,181559.9075771,180039.93286469998,180954.0241,181669.1617639,180307.4654618,,Calibrated radiocarbon years BP,per mille,per mille,per mille,per mille,,,,,,,,,,,,,,,,,,,,,,,,,,,,,,,,,m,m,,,degrees decimal,degrees decimal,meters a.s.l. ,,,,,,,,,1,10.1038/srep24374,"Kathayat, G., Cheng, H., Sinha, A., Spötl, C., Edwards, R. L., Zhang, H., Li, X., Yi, L., Ning, Y., Cai, Y., Lui, W. L. and Breitenbach, S. F. M.: Indian monsoon variability on millennial-orbital timescales, Sci. Rep., 6(1), 2016.",NOAA,"d13C, d18O, mineralogy_petrology_fabric",,,,,,,683.9647316,682.1317529,811.5416048,784.8446868,611.1,681.2,697.140276,698.957668,,,826.8643771,693.1103353,715.1376639,646.5586382,SISAL_SiteID: 1; SISAL_EntityID: 5
1,Bittoo cave,30.7903,77.7764,3000.0,yes,,5,BT-2.4,current,,1-BT24,from top,limestone,Pleistocene,discontinuous carbonate,unknown,unknown,"closed forest, evergreen needle leaf",unknown,30.0,no,no,32.4,stalagmite,unknown,,yes,yes,Vienna-PDB,unknown,,no,no,yes,no,no,no,no,no,,,,,no,,,,,no,,,,,no,,,,,no,,,,,no,,,no,,no,"Cheng, Hai",https://www.ncdc.noaa.gov/paleo/study/20449,44.4,,SISAL_SampleID: 289667,,,,,,,,,,,,,,,,,,,,,,,,,,,,,,,,,,,,,,,,,,,,44.4,calcite,not applicable,,,,,,,,,,,,,,-4.19,0.08,-8.58,0.04,180688.6416,,,StalAge,not applicable,not applicable,180777.3365,181499.7089125,180075.1322152,181005.146,181800.0196482,180237.8493598,180914.0,181550.6,180231.45,181291.5474,181988.515888,180587.874154,,,,180780.9205,181613.9676178,180067.6951932,181005.2999,181710.3733122,180362.1618029,,Calibrated radiocarbon years BP,per mille,per mille,per mille,per mille,,,,,,,,,,,,,,,,,,,,,,,,,,,,,,,,,m,m,,,degrees decimal,degrees decimal,meters a.s.l. ,,,,,,,,,1,10.1038/srep24374,"Kathayat, G., Cheng, H., Sinha, A., Spötl, C., Edwards, R. L., Zhang, H., Li, X., Yi, L., Ning, Y., Cai, Y., Lui, W. L. and Breitenbach, S. F. M.: Indian monsoon variability on millennial-orbital timescales, Sci. Rep., 6(1), 2016.",NOAA,"d13C, d18O, mineralogy_petrology_fabric",,,,,,,722.3724125,702.2042848,794.8736482,767.2966402,636.6,682.55,696.968488,703.673246,,,833.0471178,713.2253068,705.0734122,643.1380971,SISAL_SiteID: 1; SISAL_EntityID: 5
1,Bittoo cave,30.7903,77.7764,3000.0,yes,,5,BT-2.4,current,,1-BT24,from top,limestone,Pleistocene,discontinuous carbonate,unknown,unknown,"closed forest, evergreen needle leaf",unknown,30.0,no,no,32.4,stalagmite,unknown,,yes,yes,Vienna-PDB,unknown,,no,no,yes,no,no,no,no,no,,,,,no,,,,,no,,,,,no,,,,,no,,,,,no,,,no,,no,"Cheng, Hai",https://www.ncdc.noaa.gov/paleo/study/20449,44.6,,SISAL_SampleID: 289668,,,,,,,,,,,,,,,,,,,,,,,,,,,,,,,,,,,,,,,,,,,,44.6,calcite,not applicable,,,,,,,,,,,,,,-4.06,0.08,-8.46,0.04,180693.5544,,,StalAge,not applicable,not applicable,180783.3359,181512.4038597,180078.9210908,181012.6383,181804.0997538,180249.5835332,180923.5,181580.1,180244.9,181300.9299,181997.836662,180594.324996,,,,180790.8282,181620.294418,180070.6327839,181014.0515,181717.2591122,180371.0115756,,Calibrated radiocarbon years BP,per mille,per mille,per mille,per mille,,,,,,,,,,,,,,,,,,,,,,,,,,,,,,,,,m,m,,,degrees decimal,degrees decimal,meters a.s.l. ,,,,,,,,,1,10.1038/srep24374,"Kathayat, G., Cheng, H., Sinha, A., Spötl, C., Edwards, R. L., Zhang, H., Li, X., Yi, L., Ning, Y., Cai, Y., Lui, W. L. and Breitenbach, S. F. M.: Indian monsoon variability on millennial-orbital timescales, Sci. Rep., 6(1), 2016.",NOAA,"d13C, d18O, mineralogy_petrology_fabric",,,,,,,729.0679597,704.4148092,791.4614538,763.0547668,656.6,678.6,696.906762,706.604904,,,829.466218,720.1954161,703.2076122,643.0399244,SISAL_SiteID: 1; SISAL_EntityID: 5
1,Bittoo cave,30.7903,77.7764,3000.0,yes,,5,BT-2.4,current,,1-BT24,from top,limestone,Pleistocene,discontinuous carbonate,unknown,unknown,"closed forest, evergreen needle leaf",unknown,30.0,no,no,32.4,stalagmite,unknown,,yes,yes,Vienna-PDB,unknown,,no,no,yes,no,no,no,no,no,,,,,no,,,,,no,,,,,no,,,,,no,,,,,no,,,no,,no,"Cheng, Hai",https://www.ncdc.noaa.gov/paleo/study/20449,45.6,,SISAL_SampleID: 289669,,,,,,,,,,,,,,,,,,,,,,,,,,,,,,,,,,,,,,,,,,,,45.6,calcite,not applicable,,,,,,,,,,,,,,-4.21,0.08,-8.77,0.04,180718.1184,,,StalAge,not applicable,not applicable,180814.7231,181576.7047512,180097.9305012,181051.3251,181829.8664538,180306.2951595,180968.5,181642.05,180296.95,181348.205,182051.277628,180635.756588,,,,180827.7333,181669.133147,180098.5639679,181057.5207,181752.2969822,180416.0386008,,Calibrated radiocarbon years BP,per mille,per mille,per mille,per mille,,,,,,,,,,,,,,,,,,,,,,,,,,,,,,,,,m,m,,,degrees decimal,degrees decimal,meters a.s.l. ,,,,,,,,,1,10.1038/srep24374,"Kathayat, G., Cheng, H., Sinha, A., Spötl, C., Edwards, R. L., Zhang, H., Li, X., Yi, L., Ning, Y., Cai, Y., Lui, W. L. and Breitenbach, S. F. M.: Indian monsoon variability on millennial-orbital timescales, Sci. Rep., 6(1), 2016.",NOAA,"d13C, d18O, mineralogy_petrology_fabric",,,,,,,761.9816512,716.7925988,778.5413538,745.0299405,673.55,671.55,703.072628,712.448412,,,841.399847,729.1693321,694.7762822,641.4820992,SISAL_SiteID: 1; SISAL_EntityID: 5
1,Bittoo cave,30.7903,77.7764,3000.0,yes,,5,BT-2.4,current,,1-BT24,from top,limestone,Pleistocene,discontinuous carbonate,unknown,unknown,"closed forest, evergreen needle leaf",unknown,30.0,no,no,32.4,stalagmite,unknown,,yes,yes,Vienna-PDB,unknown,,no,no,yes,no,no,no,no,no,,,,,no,,,,,no,,,,,no,,,,,no,,,,,no,,,no,,no,"Cheng, Hai",https://www.ncdc.noaa.gov/paleo/study/20449,46.8,,SISAL_SampleID: 289670,MC-ICP-MS U/Th,,BT2(4)-8,calcite,,,180822.0,1105.0,1105.0,,,yes,699.8,0.9,346.0,8.0,,,5662.413229,123.8602605,0.917582191,0.0017,1.109571098,0.001530141,0.814430125,0.407215062,Cheng et al. 2013,180747.0,181852.0,179642.0,yes,yes,yes,yes,,yes,yes,,,,,,,46.8,calcite,not applicable,,,,,,,,,,,,,,-3.83,0.08,-8.2,0.04,180747.5952,,,StalAge,not applicable,not applicable,180857.7729,181655.1905302,180112.75908450002,181095.7584,181860.8443452,180367.9839295,181027.5,181702.3,180360.8,181403.9872,182114.659678,180685.21114,,,,180871.4274,181714.0960182,180129.34514939995,181107.6986,181795.2938415,180473.8816749,,Calibrated radiocarbon years BP,per mille,per mille,per mille,per mille,,,,,,,,,,,,,,,,,,,ppb,ppb (2-sigma uncertainty),ppt,ppt (2-sigma uncertainty),,,activity ratio,2 Standard Deviations,activity ratio,2 Standard Deviations,activity ratio,2 Standard Deviations,activity ratio,2 Standard Deviations,m,m,,,degrees decimal,degrees decimal,meters a.s.l. ,,,year,year,year,year,year,year,1,10.1038/srep24374,"Kathayat, G., Cheng, H., Sinha, A., Spötl, C., Edwards, R. L., Zhang, H., Li, X., Yi, L., Ning, Y., Cai, Y., Lui, W. L. and Breitenbach, S. F. M.: Indian monsoon variability on millennial-orbital timescales, Sci. Rep., 6(1), 2016.",NOAA,"d13C, d18O, mineralogy_petrology_fabric",1105.0,1105.0,,,,,797.4176302,745.0138155,765.0859452,727.7744705,674.8,666.7,710.672478,718.77606,,,842.6686182,742.0822506,687.5952415,633.8169251,SISAL_SiteID: 1; SISAL_EntityID: 5
1,Bittoo cave,30.7903,77.7764,3000.0,yes,,5,BT-2.4,current,,1-BT24,from top,limestone,Pleistocene,discontinuous carbonate,unknown,unknown,"closed forest, evergreen needle leaf",unknown,30.0,no,no,32.4,stalagmite,unknown,,yes,yes,Vienna-PDB,unknown,,no,no,yes,no,no,no,no,no,,,,,no,,,,,no,,,,,no,,,,,no,,,,,no,,,no,,no,"Cheng, Hai",https://www.ncdc.noaa.gov/paleo/study/20449,48.0,,SISAL_SampleID: 289671,,,,,,,,,,,,,,,,,,,,,,,,,,,,,,,,,,,,,,,,,,,,48.0,calcite,not applicable,,,,,,,,,,,,,,-4.13,0.08,-8.65,0.04,180839.152,,,StalAge,not applicable,not applicable,180936.0361,181705.0542123,180221.0442308,181144.0931,181890.5935325,180433.8000448,181105.5,181765.1,180445.7,181457.977,182182.50257,180727.15666,,,,180923.8794,181760.9535219,180166.8358132,181157.9842,181833.4318643,180531.5753424,,Calibrated radiocarbon years BP,per mille,per mille,per mille,per mille,,,,,,,,,,,,,,,,,,,,,,,,,,,,,,,,,m,m,,,degrees decimal,degrees decimal,meters a.s.l. ,,,,,,,,,1,10.1038/srep24374,"Kathayat, G., Cheng, H., Sinha, A., Spötl, C., Edwards, R. L., Zhang, H., Li, X., Yi, L., Ning, Y., Cai, Y., Lui, W. L. and Breitenbach, S. F. M.: Indian monsoon variability on millennial-orbital timescales, Sci. Rep., 6(1), 2016.",NOAA,"d13C, d18O, mineralogy_petrology_fabric",,,,,,,769.0181123,714.9918692,746.5004325,710.2930552,659.6,659.8,724.52557,730.82034,,,837.0741219,757.0435868,675.4476643,626.4088576,SISAL_SiteID: 1; SISAL_EntityID: 5
1,Bittoo cave,30.7903,77.7764,3000.0,yes,,5,BT-2.4,current,,1-BT24,from top,limestone,Pleistocene,discontinuous carbonate,unknown,unknown,"closed forest, evergreen needle leaf",unknown,30.0,no,no,32.4,stalagmite,unknown,,yes,yes,Vienna-PDB,unknown,,no,no,yes,no,no,no,no,no,,,,,no,,,,,no,,,,,no,,,,,no,,,,,no,,,no,,no,"Cheng, Hai",https://www.ncdc.noaa.gov/paleo/study/20449,49.2,,SISAL_SampleID: 289672,,,,,,,,,,,,,,,,,,,,,,,,,,,,,,,,,,,,,,,,,,,,49.2,calcite,not applicable,,,,,,,,,,,,,,-4.35,0.08,-8.89,0.04,180931.2808,,,StalAge,not applicable,not applicable,181013.7983,181755.0015651,180335.1813979,181189.4322,181920.7891535,180489.1840222,181167.0,181829.25,180510.95,181511.3987,182262.440844,180763.029036,,,,180986.5384,181805.752201,180221.2007411,181209.6527,181870.5350056,180586.9363683,,Calibrated radiocarbon years BP,per mille,per mille,per mille,per mille,,,,,,,,,,,,,,,,,,,,,,,,,,,,,,,,,m,m,,,degrees decimal,degrees decimal,meters a.s.l. ,,,,,,,,,1,10.1038/srep24374,"Kathayat, G., Cheng, H., Sinha, A., Spötl, C., Edwards, R. L., Zhang, H., Li, X., Yi, L., Ning, Y., Cai, Y., Lui, W. L. and Breitenbach, S. F. M.: Indian monsoon variability on millennial-orbital timescales, Sci. Rep., 6(1), 2016.",NOAA,"d13C, d18O, mineralogy_petrology_fabric",,,,,,,741.2032651,678.6169021,731.3569535,700.2481778,662.25,656.05,751.042144,748.369664,,,819.213801,765.3376589,660.8823056,622.7163317,SISAL_SiteID: 1; SISAL_EntityID: 5
1,Bittoo cave,30.7903,77.7764,3000.0,yes,,5,BT-2.4,current,,1-BT24,from top,limestone,Pleistocene,discontinuous carbonate,unknown,unknown,"closed forest, evergreen needle leaf",unknown,30.0,no,no,32.4,stalagmite,unknown,,yes,yes,Vienna-PDB,unknown,,no,no,yes,no,no,no,no,no,,,,,no,,,,,no,,,,,no,,,,,no,,,,,no,,,no,,no,"Cheng, Hai",https://www.ncdc.noaa.gov/paleo/study/20449,50.4,,SISAL_SampleID: 289673,,,,,,,,,,,,,,,,,,,,,,,,,,,,,,,,,,,,,,,,,,,,50.4,calcite,not applicable,,,,,,,,,,,,,,-4.84,0.08,-9.28,0.04,181023.4096,,,StalAge,not applicable,not applicable,181102.6356,181797.6801815,180444.4007438,181236.6304,181952.1426859,180553.9431673,181245.5,181918.15,180595.75,181563.5022,182337.33865,180813.301222,,,,181063.9402,181863.1232672,180304.0701254,181260.8798,181926.0126271,180643.7204051,,Calibrated radiocarbon years BP,per mille,per mille,per mille,per mille,,,,,,,,,,,,,,,,,,,,,,,,,,,,,,,,,m,m,,,degrees decimal,degrees decimal,meters a.s.l. ,,,,,,,,,1,10.1038/srep24374,"Kathayat, G., Cheng, H., Sinha, A., Spötl, C., Edwards, R. L., Zhang, H., Li, X., Yi, L., Ning, Y., Cai, Y., Lui, W. L. and Breitenbach, S. F. M.: Indian monsoon variability on millennial-orbital timescales, Sci. Rep., 6(1), 2016.",NOAA,"d13C, d18O, mineralogy_petrology_fabric",,,,,,,695.0445815,658.2348562,715.5122859,682.6872327,672.65,649.75,773.83645,750.200978,,,799.1830672,759.8700746,665.1328271,617.1593949,SISAL_SiteID: 1; SISAL_EntityID: 5
1,Bittoo cave,30.7903,77.7764,3000.0,yes,,5,BT-2.4,current,,1-BT24,from top,limestone,Pleistocene,discontinuous carbonate,unknown,unknown,"closed forest, evergreen needle leaf",unknown,30.0,no,no,32.4,stalagmite,unknown,,yes,yes,Vienna-PDB,unknown,,no,no,yes,no,no,no,no,no,,,,,no,,,,,no,,,,,no,,,,,no,,,,,no,,,no,,no,"Cheng, Hai",https://www.ncdc.noaa.gov/paleo/study/20449,51.6,,SISAL_SampleID: 289674,,,,,,,,,,,,,,,,,,,,,,,,,,,,,,,,,,,,,,,,,,,,51.6,calcite,not applicable,,,,,,,,,,,,,,-4.18,0.08,-8.43,0.04,181115.5384,,,StalAge,not applicable,not applicable,181189.5546,181852.700052,180543.7750779,181284.0558,181982.4524608,180618.0224206,181312.0,181985.1,180660.95,181618.9589,182374.9809424,180885.489024,,,,181138.0409,181921.4987517,180397.4271244,181312.8415,181996.7919914,180699.6449335,,Calibrated radiocarbon years BP,per mille,per mille,per mille,per mille,,,,,,,,,,,,,,,,,,,,,,,,,,,,,,,,,m,m,,,degrees decimal,degrees decimal,meters a.s.l. ,,,,,,,,,1,10.1038/srep24374,"Kathayat, G., Cheng, H., Sinha, A., Spötl, C., Edwards, R. L., Zhang, H., Li, X., Yi, L., Ning, Y., Cai, Y., Lui, W. L. and Breitenbach, S. F. M.: Indian monsoon variability on millennial-orbital timescales, Sci. Rep., 6(1), 2016.",NOAA,"d13C, d18O, mineralogy_petrology_fabric",,,,,,,663.145452,645.7795221,698.3966608,666.0333794,673.1,651.05,756.0220424,733.469876,,,783.4578517,740.6137756,683.9504914,613.1965665,SISAL_SiteID: 1; SISAL_EntityID: 5
1,Bittoo cave,30.7903,77.7764,3000.0,yes,,5,BT-2.4,current,,1-BT24,from top,limestone,Pleistocene,discontinuous carbonate,unknown,unknown,"closed forest, evergreen needle leaf",unknown,30.0,no,no,32.4,stalagmite,unknown,,yes,yes,Vienna-PDB,unknown,,no,no,yes,no,no,no,no,no,,,,,no,,,,,no,,,,,no,,,,,no,,,,,no,,,no,,no,"Cheng, Hai",https://www.ncdc.noaa.gov/paleo/study/20449,52.8,,SISAL_SampleID: 289675,,,,,,,,,,,,,,,,,,,,,,,,,,,,,,,,,,,,,,,,,,,,52.8,calcite,not applicable,,,,,,,,,,,,,,-4.24,0.08,-8.42,0.04,181207.6672,,,StalAge,not applicable,not applicable,181267.1383,181905.1566419,180638.9857797,181332.2738,182013.2123895,180682.4873709,181366.0,182029.2,180723.9,181675.6816,182416.2825484,180947.829984,,,,181215.8674,181998.8947292,180501.7166026,181367.8355,182068.4082264,180750.3296557,,Calibrated radiocarbon years BP,per mille,per mille,per mille,per mille,,,,,,,,,,,,,,,,,,,,,,,,,,,,,,,,,m,m,,,degrees decimal,degrees decimal,meters a.s.l. ,,,,,,,,,1,10.1038/srep24374,"Kathayat, G., Cheng, H., Sinha, A., Spötl, C., Edwards, R. L., Zhang, H., Li, X., Yi, L., Ning, Y., Cai, Y., Lui, W. L. and Breitenbach, S. F. M.: Indian monsoon variability on millennial-orbital timescales, Sci. Rep., 6(1), 2016.",NOAA,"d13C, d18O, mineralogy_petrology_fabric",,,,,,,638.0183419,628.1525203,680.9385895,649.7864291,663.2,642.1,740.6009484,727.851616,,,783.0273292,714.1507974,700.5727264,617.5058443,SISAL_SiteID: 1; SISAL_EntityID: 5
1,Bittoo cave,30.7903,77.7764,3000.0,yes,,5,BT-2.4,current,,1-BT24,from top,limestone,Pleistocene,discontinuous carbonate,unknown,unknown,"closed forest, evergreen needle leaf",unknown,30.0,no,no,32.4,stalagmite,unknown,,yes,yes,Vienna-PDB,unknown,,no,no,yes,no,no,no,no,no,,,,,no,,,,,no,,,,,no,,,,,no,,,,,no,,,no,,no,"Cheng, Hai",https://www.ncdc.noaa.gov/paleo/study/20449,54.0,,SISAL_SampleID: 289676,,,,,,,,,,,,,,,,,,,,,,,,,,,,,,,,,,,,,,,,,,,,54.0,calcite,not applicable,,,,,,,,,,,,,,-4.34,0.08,-8.5,0.04,181299.796,,,StalAge,not applicable,not applicable,181345.4634,181971.3804064,180731.2057974,181377.4615,182043.5372829,180743.7842321,181434.0,182090.6,180797.95,181728.379,182463.18419,181006.72777,,,,181304.1929,182070.7905137,180603.3722097,181424.2156,182142.7980926,180799.9001835,,Calibrated radiocarbon years BP,per mille,per mille,per mille,per mille,,,,,,,,,,,,,,,,,,,,,,,,,,,,,,,,,m,m,,,degrees decimal,degrees decimal,meters a.s.l. ,,,,,,,,,1,10.1038/srep24374,"Kathayat, G., Cheng, H., Sinha, A., Spötl, C., Edwards, R. L., Zhang, H., Li, X., Yi, L., Ning, Y., Cai, Y., Lui, W. L. and Breitenbach, S. F. M.: Indian monsoon variability on millennial-orbital timescales, Sci. Rep., 6(1), 2016.",NOAA,"d13C, d18O, mineralogy_petrology_fabric",,,,,,,625.9170064,614.2576026,666.0757829,633.6772679,656.6,636.05,734.80519,721.65123,,,766.5976137,700.8206903,718.5824926,624.3154165,SISAL_SiteID: 1; SISAL_EntityID: 5
1,Bittoo cave,30.7903,77.7764,3000.0,yes,,5,BT-2.4,current,,1-BT24,from top,limestone,Pleistocene,discontinuous carbonate,unknown,unknown,"closed forest, evergreen needle leaf",unknown,30.0,no,no,32.4,stalagmite,unknown,,yes,yes,Vienna-PDB,unknown,,no,no,yes,no,no,no,no,no,,,,,no,,,,,no,,,,,no,,,,,no,,,,,no,,,no,,no,"Cheng, Hai",https://www.ncdc.noaa.gov/paleo/study/20449,55.2,,SISAL_SampleID: 289677,,,,,,,,,,,,,,,,,,,,,,,,,,,,,,,,,,,,,,,,,,,,55.2,calcite,not applicable,,,,,,,,,,,,,,-4.64,0.08,-8.73,0.04,181391.9248,,,StalAge,not applicable,not applicable,181425.605,182038.744669,180807.7429308,181427.7667,182070.2598394,180808.2967945,181495.0,182155.2,180852.7,181783.7572,182511.607536,181058.071002,,,,181388.8948,182154.8006245,180709.6606372,181481.1002,182243.6120003,180851.2286703,,Calibrated radiocarbon years BP,per mille,per mille,per mille,per mille,,,,,,,,,,,,,,,,,,,,,,,,,,,,,,,,,m,m,,,degrees decimal,degrees decimal,meters a.s.l. ,,,,,,,,,1,10.1038/srep24374,"Kathayat, G., Cheng, H., Sinha, A., Spötl, C., Edwards, R. L., Zhang, H., Li, X., Yi, L., Ning, Y., Cai, Y., Lui, W. L. and Breitenbach, S. F. M.: Indian monsoon variability on millennial-orbital timescales, Sci. Rep., 6(1), 2016.",NOAA,"d13C, d18O, mineralogy_petrology_fabric",,,,,,,613.139669,617.8620692,642.4931394,619.4699055,660.2,642.3,727.850336,725.686198,,,765.9058245,679.2341628,762.5118003,629.8715297,SISAL_SiteID: 1; SISAL_EntityID: 5
1,Bittoo cave,30.7903,77.7764,3000.0,yes,,5,BT-2.4,current,,1-BT24,from top,limestone,Pleistocene,discontinuous carbonate,unknown,unknown,"closed forest, evergreen needle leaf",unknown,30.0,no,no,32.4,stalagmite,unknown,,yes,yes,Vienna-PDB,unknown,,no,no,yes,no,no,no,no,no,,,,,no,,,,,no,,,,,no,,,,,no,,,,,no,,,no,,no,"Cheng, Hai",https://www.ncdc.noaa.gov/paleo/study/20449,56.4,,SISAL_SampleID: 289678,,,,,,,,,,,,,,,,,,,,,,,,,,,,,,,,,,,,,,,,,,,,56.4,calcite,not applicable,,,,,,,,,,,,,,-4.47,0.08,-8.66,0.04,181484.0536,,,StalAge,not applicable,not applicable,181504.5561,182105.0787213,180881.015861,181474.6157,182100.8072165,180870.4177255,181551.5,182213.3,180888.95,181841.0172,182570.630384,181100.920624,,,,181481.4398,182243.3035518,180812.4326045,181540.096,182413.5444454,180902.1044273,,Calibrated radiocarbon years BP,per mille,per mille,per mille,per mille,,,,,,,,,,,,,,,,,,,,,,,,,,,,,,,,,m,m,,,degrees decimal,degrees decimal,meters a.s.l. ,,,,,,,,,1,10.1038/srep24374,"Kathayat, G., Cheng, H., Sinha, A., Spötl, C., Edwards, R. L., Zhang, H., Li, X., Yi, L., Ning, Y., Cai, Y., Lui, W. L. and Breitenbach, S. F. M.: Indian monsoon variability on millennial-orbital timescales, Sci. Rep., 6(1), 2016.",NOAA,"d13C, d18O, mineralogy_petrology_fabric",,,,,,,600.5226213,623.540239,626.1915165,604.1979745,661.8,662.55,729.613184,740.096576,,,761.8637518,669.0071955,873.4484454,637.9915727,SISAL_SiteID: 1; SISAL_EntityID: 5
1,Bittoo cave,30.7903,77.7764,3000.0,yes,,5,BT-2.4,current,,1-BT24,from top,limestone,Pleistocene,discontinuous carbonate,unknown,unknown,"closed forest, evergreen needle leaf",unknown,30.0,no,no,32.4,stalagmite,unknown,,yes,yes,Vienna-PDB,unknown,,no,no,yes,no,no,no,no,no,,,,,no,,,,,no,,,,,no,,,,,no,,,,,no,,,no,,no,"Cheng, Hai",https://www.ncdc.noaa.gov/paleo/study/20449,57.6,,SISAL_SampleID: 289679,,,,,,,,,,,,,,,,,,,,,,,,,,,,,,,,,,,,,,,,,,,,57.6,calcite,not applicable,,,,,,,,,,,,,,-4.37,0.08,-8.34,0.04,181576.1824,,,StalAge,not applicable,not applicable,181578.0418,182182.06067,180946.7927753,181520.5507,182136.2692672,180932.8208613,181615.5,182247.0,180936.0,181896.2749,182635.3802344,181148.60714,,,,181587.887,182336.9076802,180907.8388178,181600.1496,182601.511,180952.2648538,,Calibrated radiocarbon years BP,per mille,per mille,per mille,per mille,,,,,,,,,,,,,,,,,,,,,,,,,,,,,,,,,m,m,,,degrees decimal,degrees decimal,meters a.s.l. ,,,,,,,,,1,10.1038/srep24374,"Kathayat, G., Cheng, H., Sinha, A., Spötl, C., Edwards, R. L., Zhang, H., Li, X., Yi, L., Ning, Y., Cai, Y., Lui, W. L. and Breitenbach, S. F. M.: Indian monsoon variability on millennial-orbital timescales, Sci. Rep., 6(1), 2016.",NOAA,"d13C, d18O, mineralogy_petrology_fabric",,,,,,,604.01887,631.2490247,615.7185672,587.7298387,631.5,679.5,739.1053344,747.66776,,,749.0206802,680.0481822,1001.3614,647.8847462,SISAL_SiteID: 1; SISAL_EntityID: 5
1,Bittoo cave,30.7903,77.7764,3000.0,yes,,5,BT-2.4,current,,1-BT24,from top,limestone,Pleistocene,discontinuous carbonate,unknown,unknown,"closed forest, evergreen needle leaf",unknown,30.0,no,no,32.4,stalagmite,unknown,,yes,yes,Vienna-PDB,unknown,,no,no,yes,no,no,no,no,no,,,,,no,,,,,no,,,,,no,,,,,no,,,,,no,,,no,,no,"Cheng, Hai",https://www.ncdc.noaa.gov/paleo/study/20449,58.8,,SISAL_SampleID: 289680,,,,,,,,,,,,,,,,,,,,,,,,,,,,,,,,,,,,,,,,,,,,58.8,calcite,not applicable,,,,,,,,,,,,,,-4.53,0.08,-8.49,0.04,181668.3112,,,StalAge,not applicable,not applicable,181656.3628,182279.6162494,181013.9174386,181569.7646,182169.1333869,180995.3810096,181673.0,182312.45,180992.7,181951.9248,182706.222516,181193.327202,,,,181687.8012,182433.5503027,180984.7928357,181659.0271,182725.961687,181002.9488214,,Calibrated radiocarbon years BP,per mille,per mille,per mille,per mille,,,,,,,,,,,,,,,,,,,,,,,,,,,,,,,,,m,m,,,degrees decimal,degrees decimal,meters a.s.l. ,,,,,,,,,1,10.1038/srep24374,"Kathayat, G., Cheng, H., Sinha, A., Spötl, C., Edwards, R. L., Zhang, H., Li, X., Yi, L., Ning, Y., Cai, Y., Lui, W. L. and Breitenbach, S. F. M.: Indian monsoon variability on millennial-orbital timescales, Sci. Rep., 6(1), 2016.",NOAA,"d13C, d18O, mineralogy_petrology_fabric",,,,,,,623.2534494,642.4453614,599.3687869,574.3835904,639.45,680.3,754.297716,758.597598,,,745.7491027,703.0083643,1066.934587,656.0782786,SISAL_SiteID: 1; SISAL_EntityID: 5
1,Bittoo cave,30.7903,77.7764,3000.0,yes,,5,BT-2.4,current,,1-BT24,from top,limestone,Pleistocene,discontinuous carbonate,unknown,unknown,"closed forest, evergreen needle leaf",unknown,30.0,no,no,32.4,stalagmite,unknown,,yes,yes,Vienna-PDB,unknown,,no,no,yes,no,no,no,no,no,,,,,no,,,,,no,,,,,no,,,,,no,,,,,no,,,no,,no,"Cheng, Hai",https://www.ncdc.noaa.gov/paleo/study/20449,60.0,,SISAL_SampleID: 289681,,,,,,,,,,,,,,,,,,,,,,,,,,,,,,,,,,,,,,,,,,,,60.0,calcite,not applicable,,,,,,,,,,,,,,-4.02,0.08,-8.07,0.04,181760.44,,,StalAge,not applicable,not applicable,181739.8252,182382.9576608,181072.4892361,181614.7941,182200.1985062,181059.2755715,181732.5,182380.2,181036.85,182004.748,182782.31794,181227.9138,,,,181785.9795,182538.0679714,181060.5061932,181717.1918,182829.757576,181055.1966978,,Calibrated radiocarbon years BP,per mille,per mille,per mille,per mille,,,,,,,,,,,,,,,,,,,,,,,,,,,,,,,,,m,m,,,degrees decimal,degrees decimal,meters a.s.l. ,,,,,,,,,1,10.1038/srep24374,"Kathayat, G., Cheng, H., Sinha, A., Spötl, C., Edwards, R. L., Zhang, H., Li, X., Yi, L., Ning, Y., Cai, Y., Lui, W. L. and Breitenbach, S. F. M.: Indian monsoon variability on millennial-orbital timescales, Sci. Rep., 6(1), 2016.",NOAA,"d13C, d18O, mineralogy_petrology_fabric",,,,,,,643.1324608,667.3359639,585.4044062,555.5185285,647.7,695.65,777.56994,776.8342,,,752.0884714,725.4733068,1112.565776,661.9951022,SISAL_SiteID: 1; SISAL_EntityID: 5
1,Bittoo cave,30.7903,77.7764,3000.0,yes,,5,BT-2.4,current,,1-BT24,from top,limestone,Pleistocene,discontinuous carbonate,unknown,unknown,"closed forest, evergreen needle leaf",unknown,30.0,no,no,32.4,stalagmite,unknown,,yes,yes,Vienna-PDB,unknown,,no,no,yes,no,no,no,no,no,,,,,no,,,,,no,,,,,no,,,,,no,,,,,no,,,no,,no,"Cheng, Hai",https://www.ncdc.noaa.gov/paleo/study/20449,61.2,,SISAL_SampleID: 289682,,,,,,,,,,,,,,,,,,,,,,,,,,,,,,,,,,,,,,,,,,,,61.2,calcite,not applicable,,,,,,,,,,,,,,-4.0,0.08,-8.18,0.04,181852.5688,,,StalAge,not applicable,not applicable,181813.5636,182478.1750758,181124.8355548,181662.5456,182234.1957772,181124.9538078,181803.5,182445.1,181072.95,182052.7343,182826.349944,181283.023734,,,,181882.0227,182645.412499,181142.5396354,181774.512,182941.365353,181108.3238545,,Calibrated radiocarbon years BP,per mille,per mille,per mille,per mille,,,,,,,,,,,,,,,,,,,,,,,,,,,,,,,,,m,m,,,degrees decimal,degrees decimal,meters a.s.l. ,,,,,,,,,1,10.1038/srep24374,"Kathayat, G., Cheng, H., Sinha, A., Spötl, C., Edwards, R. L., Zhang, H., Li, X., Yi, L., Ning, Y., Cai, Y., Lui, W. L. and Breitenbach, S. F. M.: Indian monsoon variability on millennial-orbital timescales, Sci. Rep., 6(1), 2016.",NOAA,"d13C, d18O, mineralogy_petrology_fabric",,,,,,,664.6114758,688.7280452,571.6501772,537.5917922,641.6,730.55,773.615644,769.710566,,,763.389799,739.4830646,1166.853353,666.1881455,SISAL_SiteID: 1; SISAL_EntityID: 5
1,Bittoo cave,30.7903,77.7764,3000.0,yes,,5,BT-2.4,current,,1-BT24,from top,limestone,Pleistocene,discontinuous carbonate,unknown,unknown,"closed forest, evergreen needle leaf",unknown,30.0,no,no,32.4,stalagmite,unknown,,yes,yes,Vienna-PDB,unknown,,no,no,yes,no,no,no,no,no,,,,,no,,,,,no,,,,,no,,,,,no,,,,,no,,,no,,no,"Cheng, Hai",https://www.ncdc.noaa.gov/paleo/study/20449,62.4,,SISAL_SampleID: 289683,,,,,,,,,,,,,,,,,,,,,,,,,,,,,,,,,,,,,,,,,,,,62.4,calcite,not applicable,,,,,,,,,,,,,,-3.79,0.08,-8.18,0.04,181944.6976,,,StalAge,not applicable,not applicable,181890.4465,182580.2950623,181169.2310114,181709.1114,182270.5398239,181188.6698345,181879.0,182520.4,181111.85,182103.1863,182863.357404,181329.7794376,,,,181978.7813,182778.3127895,181213.0963327,181829.1593,183022.029231,181159.4858303,,Calibrated radiocarbon years BP,per mille,per mille,per mille,per mille,,,,,,,,,,,,,,,,,,,,,,,,,,,,,,,,,m,m,,,degrees decimal,degrees decimal,meters a.s.l. ,,,,,,,,,1,10.1038/srep24374,"Kathayat, G., Cheng, H., Sinha, A., Spötl, C., Edwards, R. L., Zhang, H., Li, X., Yi, L., Ning, Y., Cai, Y., Lui, W. L. and Breitenbach, S. F. M.: Indian monsoon variability on millennial-orbital timescales, Sci. Rep., 6(1), 2016.",NOAA,"d13C, d18O, mineralogy_petrology_fabric",,,,,,,689.8485623,721.2154886,561.4284239,520.4415655,641.4,767.15,760.171104,773.4068624,,,799.5314895,765.6849673,1192.869931,669.6734697,SISAL_SiteID: 1; SISAL_EntityID: 5
1,Bittoo cave,30.7903,77.7764,3000.0,yes,,5,BT-2.4,current,,1-BT24,from top,limestone,Pleistocene,discontinuous carbonate,unknown,unknown,"closed forest, evergreen needle leaf",unknown,30.0,no,no,32.4,stalagmite,unknown,,yes,yes,Vienna-PDB,unknown,,no,no,yes,no,no,no,no,no,,,,,no,,,,,no,,,,,no,,,,,no,,,,,no,,,no,,no,"Cheng, Hai",https://www.ncdc.noaa.gov/paleo/study/20449,63.6,,SISAL_SampleID: 289684,,,,,,,,,,,,,,,,,,,,,,,,,,,,,,,,,,,,,,,,,,,,63.6,calcite,not applicable,,,,,,,,,,,,,,-3.67,0.08,-8.07,0.04,182036.8264,,,StalAge,not applicable,not applicable,181963.6724,182687.5001656,181222.2899562,181759.7427,182301.8047657,181250.4587066,181936.5,182593.1,181147.75,182151.5039,182908.436798,181377.779152,,,,182065.2382,182904.4437142,181280.5824728,181882.5176,183073.313112,181210.7038601,,Calibrated radiocarbon years BP,per mille,per mille,per mille,per mille,,,,,,,,,,,,,,,,,,,,,,,,,,,,,,,,,m,m,,,degrees decimal,degrees decimal,meters a.s.l. ,,,,,,,,,1,10.1038/srep24374,"Kathayat, G., Cheng, H., Sinha, A., Spötl, C., Edwards, R. L., Zhang, H., Li, X., Yi, L., Ning, Y., Cai, Y., Lui, W. L. and Breitenbach, S. F. M.: Indian monsoon variability on millennial-orbital timescales, Sci. Rep., 6(1), 2016.",NOAA,"d13C, d18O, mineralogy_petrology_fabric",,,,,,,723.8277656,741.3824438,542.0620657,509.2839934,656.6,788.75,756.932898,773.724748,,,839.2055142,784.6557272,1190.795512,671.8137399,SISAL_SiteID: 1; SISAL_EntityID: 5
1,Bittoo cave,30.7903,77.7764,3000.0,yes,,5,BT-2.4,current,,1-BT24,from top,limestone,Pleistocene,discontinuous carbonate,unknown,unknown,"closed forest, evergreen needle leaf",unknown,30.0,no,no,32.4,stalagmite,unknown,,yes,yes,Vienna-PDB,unknown,,no,no,yes,no,no,no,no,no,,,,,no,,,,,no,,,,,no,,,,,no,,,,,no,,,no,,no,"Cheng, Hai",https://www.ncdc.noaa.gov/paleo/study/20449,63.8,,SISAL_SampleID: 289685,,,,,,,,,,,,,,,,,,,,,,,,,,,,,,,,,,,,,,,,,,,,63.8,calcite,not applicable,,,,,,,,,,,,,,-3.89,0.08,-8.45,0.04,182052.1812,,,StalAge,not applicable,not applicable,181976.221,182705.0397323,181227.82232,181767.9509,182305.9933363,181260.0063791,181945.0,182605.15,181149.9,182159.2574,182915.736496,181384.55092,,,,182078.8452,182922.938139,181288.1619447,181891.5289,183081.174295,181219.6082531,,Calibrated radiocarbon years BP,per mille,per mille,per mille,per mille,,,,,,,,,,,,,,,,,,,,,,,,,,,,,,,,,m,m,,,degrees decimal,degrees decimal,meters a.s.l. ,,,,,,,,,1,10.1038/srep24374,"Kathayat, G., Cheng, H., Sinha, A., Spötl, C., Edwards, R. L., Zhang, H., Li, X., Yi, L., Ning, Y., Cai, Y., Lui, W. L. and Breitenbach, S. F. M.: Indian monsoon variability on millennial-orbital timescales, Sci. Rep., 6(1), 2016.",NOAA,"d13C, d18O, mineralogy_petrology_fabric",,,,,,,728.8187323,748.39868,538.0424363,507.9445209,660.15,795.1,756.479096,774.70648,,,844.092939,790.6832553,1189.645395,671.9206469,SISAL_SiteID: 1; SISAL_EntityID: 5
1,Bittoo cave,30.7903,77.7764,3000.0,yes,,5,BT-2.4,current,,1-BT24,from top,limestone,Pleistocene,discontinuous carbonate,unknown,unknown,"closed forest, evergreen needle leaf",unknown,30.0,no,no,32.4,stalagmite,unknown,,yes,yes,Vienna-PDB,unknown,,no,no,yes,no,no,no,no,no,,,,,no,,,,,no,,,,,no,,,,,no,,,,,no,,,no,,no,"Cheng, Hai",https://www.ncdc.noaa.gov/paleo/study/20449,64.8,,SISAL_SampleID: 289686,,,,,,,,,,,,,,,,,,,,,,,,,,,,,,,,,,,,,,,,,,,,64.8,calcite,not applicable,,,,,,,,,,,,,,-3.69,0.08,-8.31,0.04,182128.9552,,,StalAge,not applicable,not applicable,182040.2716,182800.3035973,181256.7694595,181807.0154,182336.0951742,181307.9219643,181994.0,182666.4,181199.95,182199.3618,182959.118244,181417.11025000003,,,,182153.03,183004.2567001,181323.7452327,181936.8841,183120.246647,181265.4737493,,Calibrated radiocarbon years BP,per mille,per mille,per mille,per mille,,,,,,,,,,,,,,,,,,,,,,,,,,,,,,,,,m,m,,,degrees decimal,degrees decimal,meters a.s.l. ,,,,,,,,,1,10.1038/srep24374,"Kathayat, G., Cheng, H., Sinha, A., Spötl, C., Edwards, R. L., Zhang, H., Li, X., Yi, L., Ning, Y., Cai, Y., Lui, W. L. and Breitenbach, S. F. M.: Indian monsoon variability on millennial-orbital timescales, Sci. Rep., 6(1), 2016.",NOAA,"d13C, d18O, mineralogy_petrology_fabric",,,,,,,760.0319973,783.5021405,529.0797742,499.0934357,672.4,794.05,759.756444,782.25155,,,851.2267001,829.2847673,1183.362547,671.4103507,SISAL_SiteID: 1; SISAL_EntityID: 5
1,Bittoo cave,30.7903,77.7764,3000.0,yes,,5,BT-2.4,current,,1-BT24,from top,limestone,Pleistocene,discontinuous carbonate,unknown,unknown,"closed forest, evergreen needle leaf",unknown,30.0,no,no,32.4,stalagmite,unknown,,yes,yes,Vienna-PDB,unknown,,no,no,yes,no,no,no,no,no,,,,,no,,,,,no,,,,,no,,,,,no,,,,,no,,,no,,no,"Cheng, Hai",https://www.ncdc.noaa.gov/paleo/study/20449,66.0,,SISAL_SampleID: 289687,,,,,,,,,,,,,,,,,,,,,,,,,,,,,,,,,,,,,,,,,,,,66.0,calcite,not applicable,,,,,,,,,,,,,,-3.63,0.08,-7.85,0.04,182221.084,,,StalAge,not applicable,not applicable,182112.9683,182924.04028,181288.2985783,181856.8363,182370.5991934,181366.213623,182048.0,182758.0,181269.15,182245.2364,183012.40946,181456.24341,,,,182232.3537,183108.1324895,181361.2243183,181989.5533,183162.438685,181320.1741038,,Calibrated radiocarbon years BP,per mille,per mille,per mille,per mille,,,,,,,,,,,,,,,,,,,,,,,,,,,,,,,,,m,m,,,degrees decimal,degrees decimal,meters a.s.l. ,,,,,,,,,1,10.1038/srep24374,"Kathayat, G., Cheng, H., Sinha, A., Spötl, C., Edwards, R. L., Zhang, H., Li, X., Yi, L., Ning, Y., Cai, Y., Lui, W. L. and Breitenbach, S. F. M.: Indian monsoon variability on millennial-orbital timescales, Sci. Rep., 6(1), 2016.",NOAA,"d13C, d18O, mineralogy_petrology_fabric",,,,,,,811.07198,824.6697217,513.7628934,490.622677,710.0,778.85,767.17306,788.99299,,,875.7787895,871.1293817,1172.885385,669.3791962,SISAL_SiteID: 1; SISAL_EntityID: 5
1,Bittoo cave,30.7903,77.7764,3000.0,yes,,5,BT-2.4,current,,1-BT24,from top,limestone,Pleistocene,discontinuous carbonate,unknown,unknown,"closed forest, evergreen needle leaf",unknown,30.0,no,no,32.4,stalagmite,unknown,,yes,yes,Vienna-PDB,unknown,,no,no,yes,no,no,no,no,no,,,,,no,,,,,no,,,,,no,,,,,no,,,,,no,,,no,,no,"Cheng, Hai",https://www.ncdc.noaa.gov/paleo/study/20449,67.2,,SISAL_SampleID: 289688,,,,,,,,,,,,,,,,,,,,,,,,,,,,,,,,,,,,,,,,,,,,67.2,calcite,not applicable,,,,,,,,,,,,,,-3.39,0.08,-7.98,0.04,182313.2128,,,StalAge,not applicable,not applicable,182190.8843,183047.7142508,181334.2616737,181903.1044,182403.7235646,181423.0502125,182113.5,182840.05,181296.8,182293.9671,183068.437952,181489.9081968,,,,182297.824,183205.2810739,181415.3196149,182038.7597,183197.518405,181373.0415433,,Calibrated radiocarbon years BP,per mille,per mille,per mille,per mille,,,,,,,,,,,,,,,,,,,,,,,,,,,,,,,,,m,m,,,degrees decimal,degrees decimal,meters a.s.l. ,,,,,,,,,1,10.1038/srep24374,"Kathayat, G., Cheng, H., Sinha, A., Spötl, C., Edwards, R. L., Zhang, H., Li, X., Yi, L., Ning, Y., Cai, Y., Lui, W. L. and Breitenbach, S. F. M.: Indian monsoon variability on millennial-orbital timescales, Sci. Rep., 6(1), 2016.",NOAA,"d13C, d18O, mineralogy_petrology_fabric",,,,,,,856.8299508,856.6226263,500.6191646,480.0541875,726.55,816.7,774.470852,804.0589032,,,907.4570739,882.5043851,1158.758705,665.7181567,SISAL_SiteID: 1; SISAL_EntityID: 5
1,Bittoo cave,30.7903,77.7764,3000.0,yes,,5,BT-2.4,current,,1-BT24,from top,limestone,Pleistocene,discontinuous carbonate,unknown,unknown,"closed forest, evergreen needle leaf",unknown,30.0,no,no,32.4,stalagmite,unknown,,yes,yes,Vienna-PDB,unknown,,no,no,yes,no,no,no,no,no,,,,,no,,,,,no,,,,,no,,,,,no,,,,,no,,,no,,no,"Cheng, Hai",https://www.ncdc.noaa.gov/paleo/study/20449,68.4,,SISAL_SampleID: 289689,,,,,,,,,,,,,,,,,,,,,,,,,,,,,,,,,,,,,,,,,,,,68.4,calcite,not applicable,,,,,,,,,,,,,,-3.7,0.08,-8.16,0.04,182405.3416,,,StalAge,not applicable,not applicable,182264.4928,183181.1947936,181373.3898867,181950.2528,182441.307496,181485.2320049,182184.0,182923.15,181347.45,182341.0853,183130.062708,181522.3608984,,,,182362.4009,183286.5750411,181446.0222372,182086.0469,183230.140407,181427.5511165,,Calibrated radiocarbon years BP,per mille,per mille,per mille,per mille,,,,,,,,,,,,,,,,,,,,,,,,,,,,,,,,,m,m,,,degrees decimal,degrees decimal,meters a.s.l. ,,,,,,,,,1,10.1038/srep24374,"Kathayat, G., Cheng, H., Sinha, A., Spötl, C., Edwards, R. L., Zhang, H., Li, X., Yi, L., Ning, Y., Cai, Y., Lui, W. L. and Breitenbach, S. F. M.: Indian monsoon variability on millennial-orbital timescales, Sci. Rep., 6(1), 2016.",NOAA,"d13C, d18O, mineralogy_petrology_fabric",,,,,,,916.7019936,891.1029133,491.054696,465.0207951,739.15,836.55,788.977408,818.7244016,,,924.1741411,916.3786628,1144.093507,658.4957835,SISAL_SiteID: 1; SISAL_EntityID: 5
1,Bittoo cave,30.7903,77.7764,3000.0,yes,,5,BT-2.4,current,,1-BT24,from top,limestone,Pleistocene,discontinuous carbonate,unknown,unknown,"closed forest, evergreen needle leaf",unknown,30.0,no,no,32.4,stalagmite,unknown,,yes,yes,Vienna-PDB,unknown,,no,no,yes,no,no,no,no,no,,,,,no,,,,,no,,,,,no,,,,,no,,,,,no,,,no,,no,"Cheng, Hai",https://www.ncdc.noaa.gov/paleo/study/20449,69.6,,SISAL_SampleID: 289690,,,,,,,,,,,,,,,,,,,,,,,,,,,,,,,,,,,,,,,,,,,,69.6,calcite,not applicable,,,,,,,,,,,,,,-4.38,0.08,-8.38,0.04,182497.4704,,,StalAge,not applicable,not applicable,182338.1957,183291.8918284,181411.6815962,181998.3885,182477.1243586,181548.3122407,182264.5,183012.2,181399.95,182387.5006,183199.709016,181554.694384,,,,182410.0954,183357.7014929,181487.7462054,182131.9002,183265.783498,181482.4836788,,Calibrated radiocarbon years BP,per mille,per mille,per mille,per mille,,,,,,,,,,,,,,,,,,,,,,,,,,,,,,,,,m,m,,,degrees decimal,degrees decimal,meters a.s.l. ,,,,,,,,,1,10.1038/srep24374,"Kathayat, G., Cheng, H., Sinha, A., Spötl, C., Edwards, R. L., Zhang, H., Li, X., Yi, L., Ning, Y., Cai, Y., Lui, W. L. and Breitenbach, S. F. M.: Indian monsoon variability on millennial-orbital timescales, Sci. Rep., 6(1), 2016.",NOAA,"d13C, d18O, mineralogy_petrology_fabric",,,,,,,953.6961284,926.5141038,478.7358586,450.0762593,747.7,864.55,812.208416,832.806216,,,947.6060929,922.3491946,1133.883298,649.4165212,SISAL_SiteID: 1; SISAL_EntityID: 5
1,Bittoo cave,30.7903,77.7764,3000.0,yes,,5,BT-2.4,current,,1-BT24,from top,limestone,Pleistocene,discontinuous carbonate,unknown,unknown,"closed forest, evergreen needle leaf",unknown,30.0,no,no,32.4,stalagmite,unknown,,yes,yes,Vienna-PDB,unknown,,no,no,yes,no,no,no,no,no,,,,,no,,,,,no,,,,,no,,,,,no,,,,,no,,,no,,no,"Cheng, Hai",https://www.ncdc.noaa.gov/paleo/study/20449,70.8,,SISAL_SampleID: 289691,MC-ICP-MS U/Th,,BT2(4)-10,calcite,,,182735.0,1340.0,1340.0,,,yes,377.8,0.4,1256.0,26.0,,,840.2254345,17.20141712,0.915488191,0.0022,1.103508453,0.001556226,0.814430125,0.407215062,Cheng et al. 2013,182590.0,183930.0,181250.0,yes,yes,yes,yes,,yes,yes,,,,,,,70.8,calcite,not applicable,,,,,,,,,,,,,,-4.89,0.08,-8.57,0.04,182589.5992,,,StalAge,not applicable,not applicable,182412.7536,183417.451678,181447.5395548,182046.5534,182517.5343825,181609.5127443,182322.5,183099.05,181440.9,182429.7865,183241.71752,181600.21062,,,,182456.0423,183391.2844477,181535.4447606,182176.3958,183306.945971,181534.4585345,,Calibrated radiocarbon years BP,per mille,per mille,per mille,per mille,,,,,,,,,,,,,,,,,,,ppb,ppb (2-sigma uncertainty),ppt,ppt (2-sigma uncertainty),,,activity ratio,2 Standard Deviations,activity ratio,2 Standard Deviations,activity ratio,2 Standard Deviations,activity ratio,2 Standard Deviations,m,m,,,degrees decimal,degrees decimal,meters a.s.l. ,,,year,year,year,year,year,year,1,10.1038/srep24374,"Kathayat, G., Cheng, H., Sinha, A., Spötl, C., Edwards, R. L., Zhang, H., Li, X., Yi, L., Ning, Y., Cai, Y., Lui, W. L. and Breitenbach, S. F. M.: Indian monsoon variability on millennial-orbital timescales, Sci. Rep., 6(1), 2016.",NOAA,"d13C, d18O, mineralogy_petrology_fabric",1340.0,1340.0,,,,,1004.698078,965.2140452,470.9809825,437.0406557,776.55,881.6,811.93102,829.57588,,,935.2421477,920.5975394,1130.550171,641.9372655,SISAL_SiteID: 1; SISAL_EntityID: 5
1,Bittoo cave,30.7903,77.7764,3000.0,yes,,5,BT-2.4,current,,1-BT24,from top,limestone,Pleistocene,discontinuous carbonate,unknown,unknown,"closed forest, evergreen needle leaf",unknown,30.0,no,no,32.4,stalagmite,unknown,,yes,yes,Vienna-PDB,unknown,,no,no,yes,no,no,no,no,no,,,,,no,,,,,no,,,,,no,,,,,no,,,,,no,,,no,,no,"Cheng, Hai",https://www.ncdc.noaa.gov/paleo/study/20449,72.0,,SISAL_SampleID: 289692,,,,,,,,,,,,,,,,,,,,,,,,,,,,,,,,,,,,,,,,,,,,72.0,calcite,not applicable,,,,,,,,,,,,,,-4.34,0.08,-7.85,0.04,182608.488,,,StalAge,not applicable,not applicable,182441.5038,183433.8815335,181488.3444496,182095.9794,182556.6121964,181666.2966171,182372.0,183171.35,181541.9,182476.2634,183278.38033,181652.92163,,,,182494.3585,183415.4148948,181575.5454878,182221.4248,183343.776956,181584.7595994,,Calibrated radiocarbon years BP,per mille,per mille,per mille,per mille,,,,,,,,,,,,,,,,,,,,,,,,,,,,,,,,,m,m,,,degrees decimal,degrees decimal,meters a.s.l. ,,,,,,,,,1,10.1038/srep24374,"Kathayat, G., Cheng, H., Sinha, A., Spötl, C., Edwards, R. L., Zhang, H., Li, X., Yi, L., Ning, Y., Cai, Y., Lui, W. L. and Breitenbach, S. F. M.: Indian monsoon variability on millennial-orbital timescales, Sci. Rep., 6(1), 2016.",NOAA,"d13C, d18O, mineralogy_petrology_fabric",,,,,,,992.3777335,953.1593504,460.6327964,429.6827829,799.35,830.1,802.11693,823.34177,,,921.0563948,918.8130122,1122.352156,636.6652006,SISAL_SiteID: 1; SISAL_EntityID: 5
1,Bittoo cave,30.7903,77.7764,3000.0,yes,,5,BT-2.4,current,,1-BT24,from top,limestone,Pleistocene,discontinuous carbonate,unknown,unknown,"closed forest, evergreen needle leaf",unknown,30.0,no,no,32.4,stalagmite,unknown,,yes,yes,Vienna-PDB,unknown,,no,no,yes,no,no,no,no,no,,,,,no,,,,,no,,,,,no,,,,,no,,,,,no,,,no,,no,"Cheng, Hai",https://www.ncdc.noaa.gov/paleo/study/20449,73.2,,SISAL_SampleID: 289693,,,,,,,,,,,,,,,,,,,,,,,,,,,,,,,,,,,,,,,,,,,,73.2,calcite,not applicable,,,,,,,,,,,,,,-3.98,0.08,-8.06,0.04,182627.6628,,,StalAge,not applicable,not applicable,182463.0061,183447.4595006,181531.8204573,182143.8096,182596.8371694,181713.2917957,182414.5,183226.05,181594.3,182523.4707,183319.866256,181699.3164984,,,,182527.0135,183441.2843107,181611.1343734,182267.915,183371.944693,181635.4048075,,Calibrated radiocarbon years BP,per mille,per mille,per mille,per mille,,,,,,,,,,,,,,,,,,,,,,,,,,,,,,,,,m,m,,,degrees decimal,degrees decimal,meters a.s.l. ,,,,,,,,,1,10.1038/srep24374,"Kathayat, G., Cheng, H., Sinha, A., Spötl, C., Edwards, R. L., Zhang, H., Li, X., Yi, L., Ning, Y., Cai, Y., Lui, W. L. and Breitenbach, S. F. M.: Indian monsoon variability on millennial-orbital timescales, Sci. Rep., 6(1), 2016.",NOAA,"d13C, d18O, mineralogy_petrology_fabric",,,,,,,984.4534006,931.1856427,453.0275694,430.5178043,811.55,820.2,796.395556,824.1542016,,,914.2708107,915.8791266,1104.029693,632.5101925,SISAL_SiteID: 1; SISAL_EntityID: 5
1,Bittoo cave,30.7903,77.7764,3000.0,yes,,5,BT-2.4,current,,1-BT24,from top,limestone,Pleistocene,discontinuous carbonate,unknown,unknown,"closed forest, evergreen needle leaf",unknown,30.0,no,no,32.4,stalagmite,unknown,,yes,yes,Vienna-PDB,unknown,,no,no,yes,no,no,no,no,no,,,,,no,,,,,no,,,,,no,,,,,no,,,,,no,,,no,,no,"Cheng, Hai",https://www.ncdc.noaa.gov/paleo/study/20449,74.4,,SISAL_SampleID: 289694,,,,,,,,,,,,,,,,,,,,,,,,,,,,,,,,,,,,,,,,,,,,74.4,calcite,not applicable,,,,,,,,,,,,,,-4.47,0.08,-8.39,0.04,182646.8376,,,StalAge,not applicable,not applicable,182488.5461,183469.2776578,181577.1152407,182189.1289,182639.2528043,181771.898767,182465.0,183247.4,181631.9,182568.6298,183363.695116,181741.192588,,,,182561.0052,183459.1925446,181650.22032060003,182314.6348,183400.062439,181687.4476002,,Calibrated radiocarbon years BP,per mille,per mille,per mille,per mille,,,,,,,,,,,,,,,,,,,,,,,,,,,,,,,,,m,m,,,degrees decimal,degrees decimal,meters a.s.l. ,,,,,,,,,1,10.1038/srep24374,"Kathayat, G., Cheng, H., Sinha, A., Spötl, C., Edwards, R. L., Zhang, H., Li, X., Yi, L., Ning, Y., Cai, Y., Lui, W. L. and Breitenbach, S. F. M.: Indian monsoon variability on millennial-orbital timescales, Sci. Rep., 6(1), 2016.",NOAA,"d13C, d18O, mineralogy_petrology_fabric",,,,,,,980.7315578,911.4308593,450.1239043,417.230133,782.4,833.1,795.065316,827.437212,,,898.1873446,910.7848794,1085.427639,627.1871998,SISAL_SiteID: 1; SISAL_EntityID: 5
1,Bittoo cave,30.7903,77.7764,3000.0,yes,,5,BT-2.4,current,,1-BT24,from top,limestone,Pleistocene,discontinuous carbonate,unknown,unknown,"closed forest, evergreen needle leaf",unknown,30.0,no,no,32.4,stalagmite,unknown,,yes,yes,Vienna-PDB,unknown,,no,no,yes,no,no,no,no,no,,,,,no,,,,,no,,,,,no,,,,,no,,,,,no,,,no,,no,"Cheng, Hai",https://www.ncdc.noaa.gov/paleo/study/20449,75.6,,SISAL_SampleID: 289695,,,,,,,,,,,,,,,,,,,,,,,,,,,,,,,,,,,,,,,,,,,,75.6,calcite,not applicable,,,,,,,,,,,,,,-4.89,0.08,-8.19,0.04,182666.0124,,,StalAge,not applicable,not applicable,182515.1018,183477.8416199,181612.8840751,182236.3945,182681.2786039,181825.5644082,182496.5,183278.4,181675.75,182613.2328,183411.8928,181786.192676,,,,182586.9611,183479.3981888,181681.8781935,182360.7696,183432.650061,181738.7452507,,Calibrated radiocarbon years BP,per mille,per mille,per mille,per mille,,,,,,,,,,,,,,,,,,,,,,,,,,,,,,,,,m,m,,,degrees decimal,degrees decimal,meters a.s.l. ,,,,,,,,,1,10.1038/srep24374,"Kathayat, G., Cheng, H., Sinha, A., Spötl, C., Edwards, R. L., Zhang, H., Li, X., Yi, L., Ning, Y., Cai, Y., Lui, W. L. and Breitenbach, S. F. M.: Indian monsoon variability on millennial-orbital timescales, Sci. Rep., 6(1), 2016.",NOAA,"d13C, d18O, mineralogy_petrology_fabric",,,,,,,962.7398199,902.2177249,444.8841039,410.8300918,781.9,820.75,798.66,827.040124,,,892.4370888,905.0829065,1071.880461,622.0243493,SISAL_SiteID: 1; SISAL_EntityID: 5
1,Bittoo cave,30.7903,77.7764,3000.0,yes,,5,BT-2.4,current,,1-BT24,from top,limestone,Pleistocene,discontinuous carbonate,unknown,unknown,"closed forest, evergreen needle leaf",unknown,30.0,no,no,32.4,stalagmite,unknown,,yes,yes,Vienna-PDB,unknown,,no,no,yes,no,no,no,no,no,,,,,no,,,,,no,,,,,no,,,,,no,,,,,no,,,no,,no,"Cheng, Hai",https://www.ncdc.noaa.gov/paleo/study/20449,76.8,,SISAL_SampleID: 289696,,,,,,,,,,,,,,,,,,,,,,,,,,,,,,,,,,,,,,,,,,,,76.8,calcite,not applicable,,,,,,,,,,,,,,-5.18,0.08,-8.53,0.04,182685.1872,,,StalAge,not applicable,not applicable,182541.7269,183492.5807619,181646.7167321,182284.9037,182716.2054012,181878.8149603,182528.5,183308.1,181721.85,182654.4511,183458.213814,181822.055856,,,,182614.763,183504.0660532,181705.2445549,182406.1338,183469.603424,181786.7688426,,Calibrated radiocarbon years BP,per mille,per mille,per mille,per mille,,,,,,,,,,,,,,,,,,,,,,,,,,,,,,,,,m,m,,,degrees decimal,degrees decimal,meters a.s.l. ,,,,,,,,,1,10.1038/srep24374,"Kathayat, G., Cheng, H., Sinha, A., Spötl, C., Edwards, R. L., Zhang, H., Li, X., Yi, L., Ning, Y., Cai, Y., Lui, W. L. and Breitenbach, S. F. M.: Indian monsoon variability on millennial-orbital timescales, Sci. Rep., 6(1), 2016.",NOAA,"d13C, d18O, mineralogy_petrology_fabric",,,,,,,950.8538619,895.0101679,431.3017012,406.0887397,779.6,806.65,803.762714,832.395244,,,889.3030532,909.5184451,1063.469624,619.3649574,SISAL_SiteID: 1; SISAL_EntityID: 5
1,Bittoo cave,30.7903,77.7764,3000.0,yes,,5,BT-2.4,current,,1-BT24,from top,limestone,Pleistocene,discontinuous carbonate,unknown,unknown,"closed forest, evergreen needle leaf",unknown,30.0,no,no,32.4,stalagmite,unknown,,yes,yes,Vienna-PDB,unknown,,no,no,yes,no,no,no,no,no,,,,,no,,,,,no,,,,,no,,,,,no,,,,,no,,,no,,no,"Cheng, Hai",https://www.ncdc.noaa.gov/paleo/study/20449,78.0,,SISAL_SampleID: 289697,,,,,,,,,,,,,,,,,,,,,,,,,,,,,,,,,,,,,,,,,,,,78.0,calcite,not applicable,,,,,,,,,,,,,,-5.35,0.08,-8.37,0.04,182704.362,,,StalAge,not applicable,not applicable,182569.3513,183507.4544545,181696.0210019,182333.7672,182755.262692,181931.0111079,182557.0,183331.1,181765.25,182699.1895,183522.23086,181857.01551,,,,182645.4551,183523.2295787,181732.6081575,182451.4833,183505.866523,181835.4489186,,Calibrated radiocarbon years BP,per mille,per mille,per mille,per mille,,,,,,,,,,,,,,,,,,,,,,,,,,,,,,,,,m,m,,,degrees decimal,degrees decimal,meters a.s.l. ,,,,,,,,,1,10.1038/srep24374,"Kathayat, G., Cheng, H., Sinha, A., Spötl, C., Edwards, R. L., Zhang, H., Li, X., Yi, L., Ning, Y., Cai, Y., Lui, W. L. and Breitenbach, S. F. M.: Indian monsoon variability on millennial-orbital timescales, Sci. Rep., 6(1), 2016.",NOAA,"d13C, d18O, mineralogy_petrology_fabric",,,,,,,938.1031545,873.3302981,421.495492,402.7560921,774.1,791.75,823.04136,842.17399,,,877.7744787,912.8469425,1054.383223,616.0343814,SISAL_SiteID: 1; SISAL_EntityID: 5
1,Bittoo cave,30.7903,77.7764,3000.0,yes,,5,BT-2.4,current,,1-BT24,from top,limestone,Pleistocene,discontinuous carbonate,unknown,unknown,"closed forest, evergreen needle leaf",unknown,30.0,no,no,32.4,stalagmite,unknown,,yes,yes,Vienna-PDB,unknown,,no,no,yes,no,no,no,no,no,,,,,no,,,,,no,,,,,no,,,,,no,,,,,no,,,no,,no,"Cheng, Hai",https://www.ncdc.noaa.gov/paleo/study/20449,79.2,,SISAL_SampleID: 289698,,,,,,,,,,,,,,,,,,,,,,,,,,,,,,,,,,,,,,,,,,,,79.2,calcite,not applicable,,,,,,,,,,,,,,-5.53,0.08,-8.4,0.04,182723.5368,,,StalAge,not applicable,not applicable,182599.461,183525.1799604,181729.8634465,182379.4705,182794.7230524,181981.5716312,182589.5,183362.4,181803.75,182742.7686,183585.590366,181890.58478,,,,182669.968,183544.4165209,181757.7269384,182496.9467,183538.902045,181886.9639911,,Calibrated radiocarbon years BP,per mille,per mille,per mille,per mille,,,,,,,,,,,,,,,,,,,,,,,,,,,,,,,,,m,m,,,degrees decimal,degrees decimal,meters a.s.l. ,,,,,,,,,1,10.1038/srep24374,"Kathayat, G., Cheng, H., Sinha, A., Spötl, C., Edwards, R. L., Zhang, H., Li, X., Yi, L., Ning, Y., Cai, Y., Lui, W. L. and Breitenbach, S. F. M.: Indian monsoon variability on millennial-orbital timescales, Sci. Rep., 6(1), 2016.",NOAA,"d13C, d18O, mineralogy_petrology_fabric",,,,,,,925.7189604,869.5975535,415.2525524,397.8988688,772.9,785.75,842.821766,852.18382,,,874.4485209,912.2410616,1041.955345,609.9827089,SISAL_SiteID: 1; SISAL_EntityID: 5
1,Bittoo cave,30.7903,77.7764,3000.0,yes,,5,BT-2.4,current,,1-BT24,from top,limestone,Pleistocene,discontinuous carbonate,unknown,unknown,"closed forest, evergreen needle leaf",unknown,30.0,no,no,32.4,stalagmite,unknown,,yes,yes,Vienna-PDB,unknown,,no,no,yes,no,no,no,no,no,,,,,no,,,,,no,,,,,no,,,,,no,,,,,no,,,no,,no,"Cheng, Hai",https://www.ncdc.noaa.gov/paleo/study/20449,80.4,,SISAL_SampleID: 289699,,,,,,,,,,,,,,,,,,,,,,,,,,,,,,,,,,,,,,,,,,,,80.4,calcite,not applicable,,,,,,,,,,,,,,-5.66,0.08,-8.79,0.04,182742.7116,,,StalAge,not applicable,not applicable,182624.5954,183539.4544944,181765.0203582,182430.847,182836.3413497,182033.3906573,182619.5,183384.45,181843.0,182787.3424,183643.7520088,181936.085668,,,,182701.5957,183567.0333496,181774.7168658,182541.4553,183571.529195,181938.4638643,,Calibrated radiocarbon years BP,per mille,per mille,per mille,per mille,,,,,,,,,,,,,,,,,,,,,,,,,,,,,,,,,m,m,,,degrees decimal,degrees decimal,meters a.s.l. ,,,,,,,,,1,10.1038/srep24374,"Kathayat, G., Cheng, H., Sinha, A., Spötl, C., Edwards, R. L., Zhang, H., Li, X., Yi, L., Ning, Y., Cai, Y., Lui, W. L. and Breitenbach, S. F. M.: Indian monsoon variability on millennial-orbital timescales, Sci. Rep., 6(1), 2016.",NOAA,"d13C, d18O, mineralogy_petrology_fabric",,,,,,,914.8590944,859.5750418,405.4943497,397.4563427,764.95,776.5,856.4096088,851.256732,,,865.4376496,926.8788342,1030.073895,602.9914357,SISAL_SiteID: 1; SISAL_EntityID: 5
1,Bittoo cave,30.7903,77.7764,3000.0,yes,,5,BT-2.4,current,,1-BT24,from top,limestone,Pleistocene,discontinuous carbonate,unknown,unknown,"closed forest, evergreen needle leaf",unknown,30.0,no,no,32.4,stalagmite,unknown,,yes,yes,Vienna-PDB,unknown,,no,no,yes,no,no,no,no,no,,,,,no,,,,,no,,,,,no,,,,,no,,,,,no,,,no,,no,"Cheng, Hai",https://www.ncdc.noaa.gov/paleo/study/20449,81.6,,SISAL_SampleID: 289700,,,,,,,,,,,,,,,,,,,,,,,,,,,,,,,,,,,,,,,,,,,,81.6,calcite,not applicable,,,,,,,,,,,,,,-4.83,0.08,-8.52,0.04,182761.8864,,,StalAge,not applicable,not applicable,182650.2232,183550.8531161,181799.6475857,182479.5212,182886.0150612,182086.2536535,182652.0,183452.3,181866.95,182832.1314,183675.422386,181992.501844,,,,182721.1868,183591.9121001,181792.855407,182585.4821,183601.615069,181989.2570851,,Calibrated radiocarbon years BP,per mille,per mille,per mille,per mille,,,,,,,,,,,,,,,,,,,,,,,,,,,,,,,,,m,m,,,degrees decimal,degrees decimal,meters a.s.l. ,,,,,,,,,1,10.1038/srep24374,"Kathayat, G., Cheng, H., Sinha, A., Spötl, C., Edwards, R. L., Zhang, H., Li, X., Yi, L., Ning, Y., Cai, Y., Lui, W. L. and Breitenbach, S. F. M.: Indian monsoon variability on millennial-orbital timescales, Sci. Rep., 6(1), 2016.",NOAA,"d13C, d18O, mineralogy_petrology_fabric",,,,,,,900.6299161,850.5756143,406.4938612,393.2675465,800.3,785.05,843.290986,839.629556,,,870.7253001,928.331393,1016.132969,596.2250149,SISAL_SiteID: 1; SISAL_EntityID: 5
1,Bittoo cave,30.7903,77.7764,3000.0,yes,,5,BT-2.4,current,,1-BT24,from top,limestone,Pleistocene,discontinuous carbonate,unknown,unknown,"closed forest, evergreen needle leaf",unknown,30.0,no,no,32.4,stalagmite,unknown,,yes,yes,Vienna-PDB,unknown,,no,no,yes,no,no,no,no,no,,,,,no,,,,,no,,,,,no,,,,,no,,,,,no,,,no,,no,"Cheng, Hai",https://www.ncdc.noaa.gov/paleo/study/20449,82.8,,SISAL_SampleID: 289701,,,,,,,,,,,,,,,,,,,,,,,,,,,,,,,,,,,,,,,,,,,,82.8,calcite,not applicable,,,,,,,,,,,,,,-4.91,0.08,-8.32,0.04,182781.0612,,,StalAge,not applicable,not applicable,182679.5465,183565.3188666,181831.8066504,182528.5303,182929.9837908,182136.8281446,182679.5,183480.3,181897.95,182878.5714,183716.421852,182050.517002,,,,182749.092,183615.0200341,181810.1431025,182630.2465,183626.7946774,182040.0735262,,Calibrated radiocarbon years BP,per mille,per mille,per mille,per mille,,,,,,,,,,,,,,,,,,,,,,,,,,,,,,,,,m,m,,,degrees decimal,degrees decimal,meters a.s.l. ,,,,,,,,,1,10.1038/srep24374,"Kathayat, G., Cheng, H., Sinha, A., Spötl, C., Edwards, R. L., Zhang, H., Li, X., Yi, L., Ning, Y., Cai, Y., Lui, W. L. and Breitenbach, S. F. M.: Indian monsoon variability on millennial-orbital timescales, Sci. Rep., 6(1), 2016.",NOAA,"d13C, d18O, mineralogy_petrology_fabric",,,,,,,885.7723666,847.7398496,401.4534908,391.7021554,800.8,781.55,837.850452,828.054398,,,865.9280341,938.9488975,996.5481774,590.1729738,SISAL_SiteID: 1; SISAL_EntityID: 5
1,Bittoo cave,30.7903,77.7764,3000.0,yes,,5,BT-2.4,current,,1-BT24,from top,limestone,Pleistocene,discontinuous carbonate,unknown,unknown,"closed forest, evergreen needle leaf",unknown,30.0,no,no,32.4,stalagmite,unknown,,yes,yes,Vienna-PDB,unknown,,no,no,yes,no,no,no,no,no,,,,,no,,,,,no,,,,,no,,,,,no,,,,,no,,,no,,no,"Cheng, Hai",https://www.ncdc.noaa.gov/paleo/study/20449,84.0,,SISAL_SampleID: 289702,,,,,,,,,,,,,,,,,,,,,,,,,,,,,,,,,,,,,,,,,,,,84.0,calcite,not applicable,,,,,,,,,,,,,,-4.52,0.08,-8.07,0.04,182800.236,,,StalAge,not applicable,not applicable,182708.8559,183581.6418063,181866.0790281,182574.8025,182976.0263257,182187.415042,182709.5,183503.15,181937.0,182925.5148,183754.238696,182090.33437,,,,182765.3948,183634.8426785,181827.3650019,182675.6953,183657.5564891,182090.6204388,,Calibrated radiocarbon years BP,per mille,per mille,per mille,per mille,,,,,,,,,,,,,,,,,,,,,,,,,,,,,,,,,m,m,,,degrees decimal,degrees decimal,meters a.s.l. ,,,,,,,,,1,10.1038/srep24374,"Kathayat, G., Cheng, H., Sinha, A., Spötl, C., Edwards, R. L., Zhang, H., Li, X., Yi, L., Ning, Y., Cai, Y., Lui, W. L. and Breitenbach, S. F. M.: Indian monsoon variability on millennial-orbital timescales, Sci. Rep., 6(1), 2016.",NOAA,"d13C, d18O, mineralogy_petrology_fabric",,,,,,,872.7859063,842.7768719,401.2238257,387.387458,793.65,772.5,828.723896,835.18043,,,869.4478785,938.0297981,981.8611891,585.0748612,SISAL_SiteID: 1; SISAL_EntityID: 5
1,Bittoo cave,30.7903,77.7764,3000.0,yes,,5,BT-2.4,current,,1-BT24,from top,limestone,Pleistocene,discontinuous carbonate,unknown,unknown,"closed forest, evergreen needle leaf",unknown,30.0,no,no,32.4,stalagmite,unknown,,yes,yes,Vienna-PDB,unknown,,no,no,yes,no,no,no,no,no,,,,,no,,,,,no,,,,,no,,,,,no,,,,,no,,,no,,no,"Cheng, Hai",https://www.ncdc.noaa.gov/paleo/study/20449,85.2,,SISAL_SampleID: 289703,,,,,,,,,,,,,,,,,,,,,,,,,,,,,,,,,,,,,,,,,,,,85.2,calcite,not applicable,,,,,,,,,,,,,,-4.36,0.08,-8.2,0.04,182819.4108,,,StalAge,not applicable,not applicable,182737.087,183596.4570529,181900.9863649,182623.1465,183024.5976833,182238.2673145,182737.0,183522.3,181975.8,182972.4272,183798.877212,182134.761178,,,,182783.1582,183646.1134439,181847.6229938,182721.6327,183693.9100532,182140.5904155,,Calibrated radiocarbon years BP,per mille,per mille,per mille,per mille,,,,,,,,,,,,,,,,,,,,,,,,,,,,,,,,,m,m,,,degrees decimal,degrees decimal,meters a.s.l. ,,,,,,,,,1,10.1038/srep24374,"Kathayat, G., Cheng, H., Sinha, A., Spötl, C., Edwards, R. L., Zhang, H., Li, X., Yi, L., Ning, Y., Cai, Y., Lui, W. L. and Breitenbach, S. F. M.: Indian monsoon variability on millennial-orbital timescales, Sci. Rep., 6(1), 2016.",NOAA,"d13C, d18O, mineralogy_petrology_fabric",,,,,,,859.3700529,836.1006351,401.4511833,384.8791855,785.3,761.2,826.450012,837.666022,,,862.9552439,935.5352062,972.2773532,581.0422845,SISAL_SiteID: 1; SISAL_EntityID: 5
1,Bittoo cave,30.7903,77.7764,3000.0,yes,,5,BT-2.4,current,,1-BT24,from top,limestone,Pleistocene,discontinuous carbonate,unknown,unknown,"closed forest, evergreen needle leaf",unknown,30.0,no,no,32.4,stalagmite,unknown,,yes,yes,Vienna-PDB,unknown,,no,no,yes,no,no,no,no,no,,,,,no,,,,,no,,,,,no,,,,,no,,,,,no,,,no,,no,"Cheng, Hai",https://www.ncdc.noaa.gov/paleo/study/20449,86.4,,SISAL_SampleID: 289704,,,,,,,,,,,,,,,,,,,,,,,,,,,,,,,,,,,,,,,,,,,,86.4,calcite,not applicable,,,,,,,,,,,,,,-4.67,0.08,-8.4,0.04,182838.5856,,,StalAge,not applicable,not applicable,182765.3283,183622.977118,181931.1513059,182669.0978,183071.2945751,182284.1208998,182763.5,183539.65,182000.95,183018.5611,183846.820336,182174.899784,,,,182802.9422,183661.7181905,181871.5252943,182768.025,183716.9073437,182189.9895581,,Calibrated radiocarbon years BP,per mille,per mille,per mille,per mille,,,,,,,,,,,,,,,,,,,,,,,,,,,,,,,,,m,m,,,degrees decimal,degrees decimal,meters a.s.l. ,,,,,,,,,1,10.1038/srep24374,"Kathayat, G., Cheng, H., Sinha, A., Spötl, C., Edwards, R. L., Zhang, H., Li, X., Yi, L., Ning, Y., Cai, Y., Lui, W. L. and Breitenbach, S. F. M.: Indian monsoon variability on millennial-orbital timescales, Sci. Rep., 6(1), 2016.",NOAA,"d13C, d18O, mineralogy_petrology_fabric",,,,,,,857.648818,834.1769941,402.1967751,384.9769002,776.15,762.55,828.259236,843.661316,,,858.7759905,931.4169057,948.8823437,578.0354419,SISAL_SiteID: 1; SISAL_EntityID: 5
1,Bittoo cave,30.7903,77.7764,3000.0,yes,,5,BT-2.4,current,,1-BT24,from top,limestone,Pleistocene,discontinuous carbonate,unknown,unknown,"closed forest, evergreen needle leaf",unknown,30.0,no,no,32.4,stalagmite,unknown,,yes,yes,Vienna-PDB,unknown,,no,no,yes,no,no,no,no,no,,,,,no,,,,,no,,,,,no,,,,,no,,,,,no,,,no,,no,"Cheng, Hai",https://www.ncdc.noaa.gov/paleo/study/20449,86.6,,SISAL_SampleID: 289705,,,,,,,,,,,,,,,,,,,,,,,,,,,,,,,,,,,,,,,,,,,,86.6,calcite,not applicable,,,,,,,,,,,,,,-4.22,0.08,-8.01,0.04,182841.7814,,,StalAge,not applicable,not applicable,182768.4643,183628.2714821,181936.1259424,182677.9185,183078.6598821,182291.0520421,182767.0,183554.05,182004.85,183027.2641,183855.4615042,182184.68052,,,,182807.7663,183664.072456,181874.6547479,182775.7277,183719.4540271,182198.125306,,Calibrated radiocarbon years BP,per mille,per mille,per mille,per mille,,,,,,,,,,,,,,,,,,,,,,,,,,,,,,,,,m,m,,,degrees decimal,degrees decimal,meters a.s.l. ,,,,,,,,,1,10.1038/srep24374,"Kathayat, G., Cheng, H., Sinha, A., Spötl, C., Edwards, R. L., Zhang, H., Li, X., Yi, L., Ning, Y., Cai, Y., Lui, W. L. and Breitenbach, S. F. M.: Indian monsoon variability on millennial-orbital timescales, Sci. Rep., 6(1), 2016.",NOAA,"d13C, d18O, mineralogy_petrology_fabric",,,,,,,859.8071821,832.3383576,400.7413821,386.8664579,787.05,762.15,828.1974042,842.58358,,,856.306156,933.1115521,943.7263271,577.602394,SISAL_SiteID: 1; SISAL_EntityID: 5
1,Bittoo cave,30.7903,77.7764,3000.0,yes,,5,BT-2.4,current,,1-BT24,from top,limestone,Pleistocene,discontinuous carbonate,unknown,unknown,"closed forest, evergreen needle leaf",unknown,30.0,no,no,32.4,stalagmite,unknown,,yes,yes,Vienna-PDB,unknown,,no,no,yes,no,no,no,no,no,,,,,no,,,,,no,,,,,no,,,,,no,,,,,no,,,no,,no,"Cheng, Hai",https://www.ncdc.noaa.gov/paleo/study/20449,87.6,,SISAL_SampleID: 289706,,,,,,,,,,,,,,,,,,,,,,,,,,,,,,,,,,,,,,,,,,,,87.6,calcite,not applicable,,,,,,,,,,,,,,-4.36,0.08,-8.21,0.04,182857.7604,,,StalAge,not applicable,not applicable,182789.6881,183645.4121809,181966.5921798,182718.2667,183118.8655002,182330.5858865,182783.5,183568.15,182028.2,183063.7439,183897.600988,182216.6154324,,,,182820.5238,183676.8333529,181898.2837184,182813.4937,183733.4023416,182238.0178154,,Calibrated radiocarbon years BP,per mille,per mille,per mille,per mille,,,,,,,,,,,,,,,,,,,,,,,,,,,,,,,,,m,m,,,degrees decimal,degrees decimal,meters a.s.l. ,,,,,,,,,1,10.1038/srep24374,"Kathayat, G., Cheng, H., Sinha, A., Spötl, C., Edwards, R. L., Zhang, H., Li, X., Yi, L., Ning, Y., Cai, Y., Lui, W. L. and Breitenbach, S. F. M.: Indian monsoon variability on millennial-orbital timescales, Sci. Rep., 6(1), 2016.",NOAA,"d13C, d18O, mineralogy_petrology_fabric",,,,,,,855.7240809,823.0959202,400.5988002,387.6808135,784.65,755.3,833.857088,847.1284676,,,856.3095529,922.2400816,919.9086416,575.4758846,SISAL_SiteID: 1; SISAL_EntityID: 5
1,Bittoo cave,30.7903,77.7764,3000.0,yes,,5,BT-2.4,current,,1-BT24,from top,limestone,Pleistocene,discontinuous carbonate,unknown,unknown,"closed forest, evergreen needle leaf",unknown,30.0,no,no,32.4,stalagmite,unknown,,yes,yes,Vienna-PDB,unknown,,no,no,yes,no,no,no,no,no,,,,,no,,,,,no,,,,,no,,,,,no,,,,,no,,,no,,no,"Cheng, Hai",https://www.ncdc.noaa.gov/paleo/study/20449,88.8,,SISAL_SampleID: 289707,,,,,,,,,,,,,,,,,,,,,,,,,,,,,,,,,,,,,,,,,,,,88.8,calcite,not applicable,,,,,,,,,,,,,,-5.34,0.08,-8.63,0.04,182876.9352,,,StalAge,not applicable,not applicable,182816.943,183671.0693532,182011.7528759,182766.874,183172.7091474,182376.6280411,182807.5,183581.05,182056.7,183106.6302,183961.706684,182251.841704,,,,182841.5034,183696.9760096,181923.9940371,182857.0057,183762.0741911,182284.1224882,,Calibrated radiocarbon years BP,per mille,per mille,per mille,per mille,,,,,,,,,,,,,,,,,,,,,,,,,,,,,,,,,m,m,,,degrees decimal,degrees decimal,meters a.s.l. ,,,,,,,,,1,10.1038/srep24374,"Kathayat, G., Cheng, H., Sinha, A., Spötl, C., Edwards, R. L., Zhang, H., Li, X., Yi, L., Ning, Y., Cai, Y., Lui, W. L. and Breitenbach, S. F. M.: Indian monsoon variability on millennial-orbital timescales, Sci. Rep., 6(1), 2016.",NOAA,"d13C, d18O, mineralogy_petrology_fabric",,,,,,,854.1263532,805.1901241,405.8351474,390.2459589,773.55,750.8,855.076484,854.788496,,,855.4726096,917.5093629,905.0684911,572.8832118,SISAL_SiteID: 1; SISAL_EntityID: 5
1,Bittoo cave,30.7903,77.7764,3000.0,yes,,5,BT-2.4,current,,1-BT24,from top,limestone,Pleistocene,discontinuous carbonate,unknown,unknown,"closed forest, evergreen needle leaf",unknown,30.0,no,no,32.4,stalagmite,unknown,,yes,yes,Vienna-PDB,unknown,,no,no,yes,no,no,no,no,no,,,,,no,,,,,no,,,,,no,,,,,no,,,,,no,,,no,,no,"Cheng, Hai",https://www.ncdc.noaa.gov/paleo/study/20449,90.0,,SISAL_SampleID: 289708,,,,,,,,,,,,,,,,,,,,,,,,,,,,,,,,,,,,,,,,,,,,90.0,calcite,not applicable,,,,,,,,,,,,,,-4.5,0.08,-8.08,0.04,182896.11,,,StalAge,not applicable,not applicable,182838.5501,183690.7536152,182053.6692861,182814.7085,183216.5018432,182416.9870202,182839.5,183594.25,182075.9,183148.9241,184023.28402,182284.39604,,,,182855.452,183709.1588694,181943.3890104,182902.3728,183797.945189,182330.8459654,,Calibrated radiocarbon years BP,per mille,per mille,per mille,per mille,,,,,,,,,,,,,,,,,,,,,,,,,,,,,,,,,m,m,,,degrees decimal,degrees decimal,meters a.s.l. ,,,,,,,,,1,10.1038/srep24374,"Kathayat, G., Cheng, H., Sinha, A., Spötl, C., Edwards, R. L., Zhang, H., Li, X., Yi, L., Ning, Y., Cai, Y., Lui, W. L. and Breitenbach, S. F. M.: Indian monsoon variability on millennial-orbital timescales, Sci. Rep., 6(1), 2016.",NOAA,"d13C, d18O, mineralogy_petrology_fabric",,,,,,,852.2035152,784.8808139,401.7933432,397.7214798,754.75,763.6,874.35992,864.52806,,,853.7068694,912.0629896,895.572389,571.5268346,SISAL_SiteID: 1; SISAL_EntityID: 5
1,Bittoo cave,30.7903,77.7764,3000.0,yes,,5,BT-2.4,current,,1-BT24,from top,limestone,Pleistocene,discontinuous carbonate,unknown,unknown,"closed forest, evergreen needle leaf",unknown,30.0,no,no,32.4,stalagmite,unknown,,yes,yes,Vienna-PDB,unknown,,no,no,yes,no,no,no,no,no,,,,,no,,,,,no,,,,,no,,,,,no,,,,,no,,,no,,no,"Cheng, Hai",https://www.ncdc.noaa.gov/paleo/study/20449,91.2,,SISAL_SampleID: 289709,,,,,,,,,,,,,,,,,,,,,,,,,,,,,,,,,,,,,,,,,,,,91.2,calcite,not applicable,,,,,,,,,,,,,,-4.37,0.08,-8.16,0.04,182915.2848,,,StalAge,not applicable,not applicable,182870.7981,183717.3692334,182078.8978013,182861.9304,183268.2168277,182457.6656647,182863.0,183618.0,182092.9,183194.4592,184057.76748,182343.9371528,,,,182868.4681,183722.6616255,181967.4754404,182951.2829,183833.9927311,182378.3617615,,Calibrated radiocarbon years BP,per mille,per mille,per mille,per mille,,,,,,,,,,,,,,,,,,,,,,,,,,,,,,,,,m,m,,,degrees decimal,degrees decimal,meters a.s.l. ,,,,,,,,,1,10.1038/srep24374,"Kathayat, G., Cheng, H., Sinha, A., Spötl, C., Edwards, R. L., Zhang, H., Li, X., Yi, L., Ning, Y., Cai, Y., Lui, W. L. and Breitenbach, S. F. M.: Indian monsoon variability on millennial-orbital timescales, Sci. Rep., 6(1), 2016.",NOAA,"d13C, d18O, mineralogy_petrology_fabric",,,,,,,846.5711334,791.9002987,406.2864277,404.2647353,755.0,770.1,863.30828,850.5220472,,,854.1935255,900.9926596,882.7098311,572.9211385,SISAL_SiteID: 1; SISAL_EntityID: 5
1,Bittoo cave,30.7903,77.7764,3000.0,yes,,5,BT-2.4,current,,1-BT24,from top,limestone,Pleistocene,discontinuous carbonate,unknown,unknown,"closed forest, evergreen needle leaf",unknown,30.0,no,no,32.4,stalagmite,unknown,,yes,yes,Vienna-PDB,unknown,,no,no,yes,no,no,no,no,no,,,,,no,,,,,no,,,,,no,,,,,no,,,,,no,,,no,,no,"Cheng, Hai",https://www.ncdc.noaa.gov/paleo/study/20449,92.4,,SISAL_SampleID: 289710,,,,,,,,,,,,,,,,,,,,,,,,,,,,,,,,,,,,,,,,,,,,92.4,calcite,not applicable,,,,,,,,,,,,,,-4.67,0.08,-8.19,0.04,182934.4596,,,StalAge,not applicable,not applicable,182898.1793,183740.6126018,182110.6386633,182909.6643,183322.6351067,182499.9286069,182894.0,183646.85,182116.95,183240.2811,184089.135072,182404.328278,,,,182885.3328,183739.3707528,181981.0629533,183000.4621,183869.4491614,182422.2927111,,Calibrated radiocarbon years BP,per mille,per mille,per mille,per mille,,,,,,,,,,,,,,,,,,,,,,,,,,,,,,,,,m,m,,,degrees decimal,degrees decimal,meters a.s.l. ,,,,,,,,,1,10.1038/srep24374,"Kathayat, G., Cheng, H., Sinha, A., Spötl, C., Edwards, R. L., Zhang, H., Li, X., Yi, L., Ning, Y., Cai, Y., Lui, W. L. and Breitenbach, S. F. M.: Indian monsoon variability on millennial-orbital timescales, Sci. Rep., 6(1), 2016.",NOAA,"d13C, d18O, mineralogy_petrology_fabric",,,,,,,842.4333018,787.5406367,412.9708067,409.7356931,752.85,777.05,848.853972,835.952822,,,854.0379528,904.2698467,868.9870614,578.1693889,SISAL_SiteID: 1; SISAL_EntityID: 5
1,Bittoo cave,30.7903,77.7764,3000.0,yes,,5,BT-2.4,current,,1-BT24,from top,limestone,Pleistocene,discontinuous carbonate,unknown,unknown,"closed forest, evergreen needle leaf",unknown,30.0,no,no,32.4,stalagmite,unknown,,yes,yes,Vienna-PDB,unknown,,no,no,yes,no,no,no,no,no,,,,,no,,,,,no,,,,,no,,,,,no,,,,,no,,,no,,no,"Cheng, Hai",https://www.ncdc.noaa.gov/paleo/study/20449,93.6,,SISAL_SampleID: 289711,,,,,,,,,,,,,,,,,,,,,,,,,,,,,,,,,,,,,,,,,,,,93.6,calcite,not applicable,,,,,,,,,,,,,,-4.16,0.08,-8.52,0.04,182953.6344,,,StalAge,not applicable,not applicable,182931.3628,183766.5743214,182137.5831986,182958.598,183374.7267854,182540.8631547,182924.0,183677.25,182137.9,183287.2472,184122.787548,182462.69852,,,,182899.5452,183761.5019524,181993.7233946,183048.912,183905.4231158,182461.8338947,,Calibrated radiocarbon years BP,per mille,per mille,per mille,per mille,,,,,,,,,,,,,,,,,,,,,,,,,,,,,,,,,m,m,,,degrees decimal,degrees decimal,meters a.s.l. ,,,,,,,,,1,10.1038/srep24374,"Kathayat, G., Cheng, H., Sinha, A., Spötl, C., Edwards, R. L., Zhang, H., Li, X., Yi, L., Ning, Y., Cai, Y., Lui, W. L. and Breitenbach, S. F. M.: Indian monsoon variability on millennial-orbital timescales, Sci. Rep., 6(1), 2016.",NOAA,"d13C, d18O, mineralogy_petrology_fabric",,,,,,,835.2115214,793.7796014,416.1287854,417.7348453,753.25,786.1,835.540348,824.54868,,,861.9567524,905.8218054,856.5111158,587.0781053,SISAL_SiteID: 1; SISAL_EntityID: 5
1,Bittoo cave,30.7903,77.7764,3000.0,yes,,5,BT-2.4,current,,1-BT24,from top,limestone,Pleistocene,discontinuous carbonate,unknown,unknown,"closed forest, evergreen needle leaf",unknown,30.0,no,no,32.4,stalagmite,unknown,,yes,yes,Vienna-PDB,unknown,,no,no,yes,no,no,no,no,no,,,,,no,,,,,no,,,,,no,,,,,no,,,,,no,,,no,,no,"Cheng, Hai",https://www.ncdc.noaa.gov/paleo/study/20449,94.8,,SISAL_SampleID: 289712,,,,,,,,,,,,,,,,,,,,,,,,,,,,,,,,,,,,,,,,,,,,94.8,calcite,not applicable,,,,,,,,,,,,,,-4.35,0.08,-7.92,0.04,182972.8092,,,StalAge,not applicable,not applicable,182960.3406,183787.5552769,182158.2087613,183007.6228,183425.9290981,182582.1264919,182950.5,183701.1,182165.6,183333.2461,184166.387876,182512.640736,,,,182913.1875,183783.8279655,182002.789541,183097.068,183943.2472991,182498.6679966,,Calibrated radiocarbon years BP,per mille,per mille,per mille,per mille,,,,,,,,,,,,,,,,,,,,,,,,,,,,,,,,,m,m,,,degrees decimal,degrees decimal,meters a.s.l. ,,,,,,,,,1,10.1038/srep24374,"Kathayat, G., Cheng, H., Sinha, A., Spötl, C., Edwards, R. L., Zhang, H., Li, X., Yi, L., Ning, Y., Cai, Y., Lui, W. L. and Breitenbach, S. F. M.: Indian monsoon variability on millennial-orbital timescales, Sci. Rep., 6(1), 2016.",NOAA,"d13C, d18O, mineralogy_petrology_fabric",,,,,,,827.2146769,802.1318387,418.3062981,425.4963081,750.6,784.9,833.141776,820.605364,,,870.6404655,910.397959,846.1792991,598.4000034,SISAL_SiteID: 1; SISAL_EntityID: 5
1,Bittoo cave,30.7903,77.7764,3000.0,yes,,5,BT-2.4,current,,1-BT24,from top,limestone,Pleistocene,discontinuous carbonate,unknown,unknown,"closed forest, evergreen needle leaf",unknown,30.0,no,no,32.4,stalagmite,unknown,,yes,yes,Vienna-PDB,unknown,,no,no,yes,no,no,no,no,no,,,,,no,,,,,no,,,,,no,,,,,no,,,,,no,,,no,,no,"Cheng, Hai",https://www.ncdc.noaa.gov/paleo/study/20449,96.0,,SISAL_SampleID: 289713,,,,,,,,,,,,,,,,,,,,,,,,,,,,,,,,,,,,,,,,,,,,96.0,calcite,not applicable,,,,,,,,,,,,,,-4.43,0.08,-7.71,0.04,182991.984,,,StalAge,not applicable,not applicable,182991.9285,183823.7932424,182183.892863,183053.7612,183484.5868914,182622.6662011,182977.5,183719.25,182188.0,183379.513,184208.7932,182560.045904,,,,182929.6151,183804.950524,182014.3190218,183144.1271,183981.6948336,182534.1463249,,Calibrated radiocarbon years BP,per mille,per mille,per mille,per mille,,,,,,,,,,,,,,,,,,,,,,,,,,,,,,,,,m,m,,,degrees decimal,degrees decimal,meters a.s.l. ,,,,,,,,,1,10.1038/srep24374,"Kathayat, G., Cheng, H., Sinha, A., Spötl, C., Edwards, R. L., Zhang, H., Li, X., Yi, L., Ning, Y., Cai, Y., Lui, W. L. and Breitenbach, S. F. M.: Indian monsoon variability on millennial-orbital timescales, Sci. Rep., 6(1), 2016.",NOAA,"d13C, d18O, mineralogy_petrology_fabric",,,,,,,831.8647424,808.035637,430.8256914,431.0949989,741.75,789.5,829.2802,819.467096,,,875.335424,915.2960782,837.5677336,609.9807751,SISAL_SiteID: 1; SISAL_EntityID: 5
1,Bittoo cave,30.7903,77.7764,3000.0,yes,,5,BT-2.4,current,,1-BT24,from top,limestone,Pleistocene,discontinuous carbonate,unknown,unknown,"closed forest, evergreen needle leaf",unknown,30.0,no,no,32.4,stalagmite,unknown,,yes,yes,Vienna-PDB,unknown,,no,no,yes,no,no,no,no,no,,,,,no,,,,,no,,,,,no,,,,,no,,,,,no,,,no,,no,"Cheng, Hai",https://www.ncdc.noaa.gov/paleo/study/20449,97.2,,SISAL_SampleID: 289714,,,,,,,,,,,,,,,,,,,,,,,,,,,,,,,,,,,,,,,,,,,,97.2,calcite,not applicable,,,,,,,,,,,,,,-4.39,0.08,-7.74,0.04,183011.1588,,,StalAge,not applicable,not applicable,183021.229,183849.5328233,182202.8647235,183100.2168,183544.9488486,182663.6771882,183003.0,183738.0,182206.85,183424.9071,184246.5657504,182612.6352136,,,,182946.079,183832.9508809,182026.197646,183190.4659,184019.5580774,182568.4888642,,Calibrated radiocarbon years BP,per mille,per mille,per mille,per mille,,,,,,,,,,,,,,,,,,,,,,,,,,,,,,,,,m,m,,,degrees decimal,degrees decimal,meters a.s.l. ,,,,,,,,,1,10.1038/srep24374,"Kathayat, G., Cheng, H., Sinha, A., Spötl, C., Edwards, R. L., Zhang, H., Li, X., Yi, L., Ning, Y., Cai, Y., Lui, W. L. and Breitenbach, S. F. M.: Indian monsoon variability on millennial-orbital timescales, Sci. Rep., 6(1), 2016.",NOAA,"d13C, d18O, mineralogy_petrology_fabric",,,,,,,828.3038233,818.3642765,444.7320486,436.5396118,735.0,796.15,821.6586504,812.2718864,,,886.8718809,919.881354,829.0921774,621.9770358,SISAL_SiteID: 1; SISAL_EntityID: 5
1,Bittoo cave,30.7903,77.7764,3000.0,yes,,5,BT-2.4,current,,1-BT24,from top,limestone,Pleistocene,discontinuous carbonate,unknown,unknown,"closed forest, evergreen needle leaf",unknown,30.0,no,no,32.4,stalagmite,unknown,,yes,yes,Vienna-PDB,unknown,,no,no,yes,no,no,no,no,no,,,,,no,,,,,no,,,,,no,,,,,no,,,,,no,,,no,,no,"Cheng, Hai",https://www.ncdc.noaa.gov/paleo/study/20449,98.4,,SISAL_SampleID: 289715,,,,,,,,,,,,,,,,,,,,,,,,,,,,,,,,,,,,,,,,,,,,98.4,calcite,not applicable,,,,,,,,,,,,,,-4.62,0.08,-7.99,0.04,183030.3336,,,StalAge,not applicable,not applicable,183053.0308,183883.2857719,182213.9514664,183147.6219,183609.0034648,182700.315306,183029.0,183768.25,182237.6,183472.4001,184298.154148,182654.1801594,,,,182962.4431,183853.4392415,182039.4697461,183238.4478,184056.7945729,182600.6848759,,Calibrated radiocarbon years BP,per mille,per mille,per mille,per mille,,,,,,,,,,,,,,,,,,,,,,,,,,,,,,,,,m,m,,,degrees decimal,degrees decimal,meters a.s.l. ,,,,,,,,,1,10.1038/srep24374,"Kathayat, G., Cheng, H., Sinha, A., Spötl, C., Edwards, R. L., Zhang, H., Li, X., Yi, L., Ning, Y., Cai, Y., Lui, W. L. and Breitenbach, S. F. M.: Indian monsoon variability on millennial-orbital timescales, Sci. Rep., 6(1), 2016.",NOAA,"d13C, d18O, mineralogy_petrology_fabric",,,,,,,830.2549719,839.0793336,461.3815648,447.306594,739.25,791.4,825.754048,818.2199406,,,890.9961415,922.9733539,818.3467729,637.7629241,SISAL_SiteID: 1; SISAL_EntityID: 5
1,Bittoo cave,30.7903,77.7764,3000.0,yes,,5,BT-2.4,current,,1-BT24,from top,limestone,Pleistocene,discontinuous carbonate,unknown,unknown,"closed forest, evergreen needle leaf",unknown,30.0,no,no,32.4,stalagmite,unknown,,yes,yes,Vienna-PDB,unknown,,no,no,yes,no,no,no,no,no,,,,,no,,,,,no,,,,,no,,,,,no,,,,,no,,,no,,no,"Cheng, Hai",https://www.ncdc.noaa.gov/paleo/study/20449,99.6,,SISAL_SampleID: 289716,,,,,,,,,,,,,,,,,,,,,,,,,,,,,,,,,,,,,,,,,,,,99.6,calcite,not applicable,,,,,,,,,,,,,,-4.54,0.08,-8.58,0.04,183049.5084,,,StalAge,not applicable,not applicable,183083.6527,183912.0467562,182236.8242757,183192.3862,183667.4666085,182734.8401366,183056.0,183780.15,182268.0,183517.0513,184346.100896,182694.4592168,,,,182977.4649,183875.1336399,182057.5138769,183286.6409,184094.9898629,182634.040623,,Calibrated radiocarbon years BP,per mille,per mille,per mille,per mille,,,,,,,,,,,,,,,,,,,,,,,,,,,,,,,,,m,m,,,degrees decimal,degrees decimal,meters a.s.l. ,,,,,,,,,1,10.1038/srep24374,"Kathayat, G., Cheng, H., Sinha, A., Spötl, C., Edwards, R. L., Zhang, H., Li, X., Yi, L., Ning, Y., Cai, Y., Lui, W. L. and Breitenbach, S. F. M.: Indian monsoon variability on millennial-orbital timescales, Sci. Rep., 6(1), 2016.",NOAA,"d13C, d18O, mineralogy_petrology_fabric",,,,,,,828.3940562,846.8284243,475.0804085,457.5460634,724.15,788.0,829.049596,822.5920832,,,897.6687399,919.9510231,808.3489629,652.600277,SISAL_SiteID: 1; SISAL_EntityID: 5
1,Bittoo cave,30.7903,77.7764,3000.0,yes,,5,BT-2.4,current,,1-BT24,from top,limestone,Pleistocene,discontinuous carbonate,unknown,unknown,"closed forest, evergreen needle leaf",unknown,30.0,no,no,32.4,stalagmite,unknown,,yes,yes,Vienna-PDB,unknown,,no,no,yes,no,no,no,no,no,,,,,no,,,,,no,,,,,no,,,,,no,,,,,no,,,no,,no,"Cheng, Hai",https://www.ncdc.noaa.gov/paleo/study/20449,100.8,,SISAL_SampleID: 289717,,,,,,,,,,,,,,,,,,,,,,,,,,,,,,,,,,,,,,,,,,,,100.8,calcite,not applicable,,,,,,,,,,,,,,-4.7,0.08,-8.21,0.04,183068.6832,,,StalAge,not applicable,not applicable,183116.2335,183928.9626409,182256.4283055,183241.1563,183722.5372257,182773.6978943,183088.0,183797.25,182297.95,183563.1424,184386.852228,182743.238076,,,,182991.4151,183915.0743279,182070.0779391,183332.2156,184135.2659629,182672.970917,,Calibrated radiocarbon years BP,per mille,per mille,per mille,per mille,,,,,,,,,,,,,,,,,,,,,,,,,,,,,,,,,m,m,,,degrees decimal,degrees decimal,meters a.s.l. ,,,,,,,,,1,10.1038/srep24374,"Kathayat, G., Cheng, H., Sinha, A., Spötl, C., Edwards, R. L., Zhang, H., Li, X., Yi, L., Ning, Y., Cai, Y., Lui, W. L. and Breitenbach, S. F. M.: Indian monsoon variability on millennial-orbital timescales, Sci. Rep., 6(1), 2016.",NOAA,"d13C, d18O, mineralogy_petrology_fabric",,,,,,,812.7291409,859.8051945,481.3809257,467.4584057,709.25,790.05,823.709828,819.904324,,,923.6592279,921.3371609,803.0503629,659.244683,SISAL_SiteID: 1; SISAL_EntityID: 5
1,Bittoo cave,30.7903,77.7764,3000.0,yes,,5,BT-2.4,current,,1-BT24,from top,limestone,Pleistocene,discontinuous carbonate,unknown,unknown,"closed forest, evergreen needle leaf",unknown,30.0,no,no,32.4,stalagmite,unknown,,yes,yes,Vienna-PDB,unknown,,no,no,yes,no,no,no,no,no,,,,,no,,,,,no,,,,,no,,,,,no,,,,,no,,,no,,no,"Cheng, Hai",https://www.ncdc.noaa.gov/paleo/study/20449,102.0,,SISAL_SampleID: 289718,,,,,,,,,,,,,,,,,,,,,,,,,,,,,,,,,,,,,,,,,,,,102.0,calcite,not applicable,,,,,,,,,,,,,,-3.89,0.08,-7.68,0.04,183087.858,,,StalAge,not applicable,not applicable,183147.9384,183951.7556621,182270.8777638,183289.2898,183776.821875,182809.2602087,183114.5,183815.0,182332.8,183607.6338,184424.50906,182800.77103,,,,183007.7724,183945.6019925,182084.5519136,183376.9998,184172.9979524,182714.8873285,,Calibrated radiocarbon years BP,per mille,per mille,per mille,per mille,,,,,,,,,,,,,,,,,,,,,,,,,,,,,,,,,m,m,,,degrees decimal,degrees decimal,meters a.s.l. ,,,,,,,,,1,10.1038/srep24374,"Kathayat, G., Cheng, H., Sinha, A., Spötl, C., Edwards, R. L., Zhang, H., Li, X., Yi, L., Ning, Y., Cai, Y., Lui, W. L. and Breitenbach, S. F. M.: Indian monsoon variability on millennial-orbital timescales, Sci. Rep., 6(1), 2016.",NOAA,"d13C, d18O, mineralogy_petrology_fabric",,,,,,,803.8172621,877.0606362,487.532075,480.0295913,700.5,781.7,816.87526,806.86277,,,937.8295925,923.2204864,795.9981524,662.1124715,SISAL_SiteID: 1; SISAL_EntityID: 5
1,Bittoo cave,30.7903,77.7764,3000.0,yes,,5,BT-2.4,current,,1-BT24,from top,limestone,Pleistocene,discontinuous carbonate,unknown,unknown,"closed forest, evergreen needle leaf",unknown,30.0,no,no,32.4,stalagmite,unknown,,yes,yes,Vienna-PDB,unknown,,no,no,yes,no,no,no,no,no,,,,,no,,,,,no,,,,,no,,,,,no,,,,,no,,,no,,no,"Cheng, Hai",https://www.ncdc.noaa.gov/paleo/study/20449,103.2,,SISAL_SampleID: 289719,,,,,,,,,,,,,,,,,,,,,,,,,,,,,,,,,,,,,,,,,,,,103.2,calcite,not applicable,,,,,,,,,,,,,,-4.67,0.08,-8.27,0.04,183107.0328,,,StalAge,not applicable,not applicable,183177.7998,183977.4400525,182288.6204788,183332.6738,183836.0880624,182845.5234279,183144.5,183833.7,182366.6,183651.2299,184456.869424,182858.707904,,,,183027.109,183971.6573275,182099.3799617,183422.7451,184205.8315214,182756.2194951,,Calibrated radiocarbon years BP,per mille,per mille,per mille,per mille,,,,,,,,,,,,,,,,,,,,,,,,,,,,,,,,,m,m,,,degrees decimal,degrees decimal,meters a.s.l. ,,,,,,,,,1,10.1038/srep24374,"Kathayat, G., Cheng, H., Sinha, A., Spötl, C., Edwards, R. L., Zhang, H., Li, X., Yi, L., Ning, Y., Cai, Y., Lui, W. L. and Breitenbach, S. F. M.: Indian monsoon variability on millennial-orbital timescales, Sci. Rep., 6(1), 2016.",NOAA,"d13C, d18O, mineralogy_petrology_fabric",,,,,,,799.6402525,889.1793212,503.4142624,487.1503721,689.2,777.9,805.639524,792.521996,,,944.5483275,927.7290383,783.0864214,666.5256049,SISAL_SiteID: 1; SISAL_EntityID: 5
1,Bittoo cave,30.7903,77.7764,3000.0,yes,,5,BT-2.4,current,,1-BT24,from top,limestone,Pleistocene,discontinuous carbonate,unknown,unknown,"closed forest, evergreen needle leaf",unknown,30.0,no,no,32.4,stalagmite,unknown,,yes,yes,Vienna-PDB,unknown,,no,no,yes,no,no,no,no,no,,,,,no,,,,,no,,,,,no,,,,,no,,,,,no,,,no,,no,"Cheng, Hai",https://www.ncdc.noaa.gov/paleo/study/20449,104.4,,SISAL_SampleID: 289720,,,,,,,,,,,,,,,,,,,,,,,,,,,,,,,,,,,,,,,,,,,,104.4,calcite,not applicable,,,,,,,,,,,,,,-4.36,0.08,-7.91,0.04,183126.2076,,,StalAge,not applicable,not applicable,183205.8586,184009.2979395,182306.2609013,183377.9695,183897.491602,182884.1338489,183171.0,183861.05,182390.95,183694.8907,184498.131672,182910.665356,,,,183047.4539,184003.4425782,182117.1945181,183469.2503,184237.1286939,182795.1267605,,Calibrated radiocarbon years BP,per mille,per mille,per mille,per mille,,,,,,,,,,,,,,,,,,,,,,,,,,,,,,,,,m,m,,,degrees decimal,degrees decimal,meters a.s.l. ,,,,,,,,,1,10.1038/srep24374,"Kathayat, G., Cheng, H., Sinha, A., Spötl, C., Edwards, R. L., Zhang, H., Li, X., Yi, L., Ning, Y., Cai, Y., Lui, W. L. and Breitenbach, S. F. M.: Indian monsoon variability on millennial-orbital timescales, Sci. Rep., 6(1), 2016.",NOAA,"d13C, d18O, mineralogy_petrology_fabric",,,,,,,803.4393395,899.5976987,519.522102,493.8356511,690.05,780.05,803.240972,784.225344,,,955.9886782,930.2593819,767.8783939,674.1235395,SISAL_SiteID: 1; SISAL_EntityID: 5
1,Bittoo cave,30.7903,77.7764,3000.0,yes,,5,BT-2.4,current,,1-BT24,from top,limestone,Pleistocene,discontinuous carbonate,unknown,unknown,"closed forest, evergreen needle leaf",unknown,30.0,no,no,32.4,stalagmite,unknown,,yes,yes,Vienna-PDB,unknown,,no,no,yes,no,no,no,no,no,,,,,no,,,,,no,,,,,no,,,,,no,,,,,no,,,no,,no,"Cheng, Hai",https://www.ncdc.noaa.gov/paleo/study/20449,104.8,,SISAL_SampleID: 289721,,,,,,,,,,,,,,,,,,,,,,,,,,,,,,,,,,,,,,,,,,,,104.8,calcite,not applicable,,,,,,,,,,,,,,-5.16,0.08,-8.04,0.04,183132.5992,,,StalAge,not applicable,not applicable,183216.3752,184025.3752628,182310.357241,183392.7971,183918.8045959,182896.953754,183179.0,183865.05,182399.95,183710.0059,184512.0257304,182926.900584,,,,183054.1085,184011.5981015,182122.270467,183484.8475,184247.785519,182808.1023418,,Calibrated radiocarbon years BP,per mille,per mille,per mille,per mille,,,,,,,,,,,,,,,,,,,,,,,,,,,,,,,,,m,m,,,degrees decimal,degrees decimal,meters a.s.l. ,,,,,,,,,1,10.1038/srep24374,"Kathayat, G., Cheng, H., Sinha, A., Spötl, C., Edwards, R. L., Zhang, H., Li, X., Yi, L., Ning, Y., Cai, Y., Lui, W. L. and Breitenbach, S. F. M.: Indian monsoon variability on millennial-orbital timescales, Sci. Rep., 6(1), 2016.",NOAA,"d13C, d18O, mineralogy_petrology_fabric",,,,,,,809.0000628,906.017959,526.0074959,495.843346,686.05,779.05,802.0198304,783.105316,,,957.4896015,931.838033,762.938019,676.7451582,SISAL_SiteID: 1; SISAL_EntityID: 5
1,Bittoo cave,30.7903,77.7764,3000.0,yes,,5,BT-2.4,current,,1-BT24,from top,limestone,Pleistocene,discontinuous carbonate,unknown,unknown,"closed forest, evergreen needle leaf",unknown,30.0,no,no,32.4,stalagmite,unknown,,yes,yes,Vienna-PDB,unknown,,no,no,yes,no,no,no,no,no,,,,,no,,,,,no,,,,,no,,,,,no,,,,,no,,,no,,no,"Cheng, Hai",https://www.ncdc.noaa.gov/paleo/study/20449,105.6,,SISAL_SampleID: 289722,,,,,,,,,,,,,,,,,,,,,,,,,,,,,,,,,,,,,,,,,,,,105.6,calcite,not applicable,,,,,,,,,,,,,,-4.88,0.08,-7.64,0.04,183145.3824,,,StalAge,not applicable,not applicable,183232.3497,184050.1066005,182318.2332133,183427.3731,183960.8392874,182918.6459621,183196.5,183875.05,182419.7,183742.2134,184542.3774396,182963.011874,,,,183070.5882,184030.2251649,182134.2792186,183516.0786,184270.0346763,182835.8419079,,Calibrated radiocarbon years BP,per mille,per mille,per mille,per mille,,,,,,,,,,,,,,,,,,,,,,,,,,,,,,,,,m,m,,,degrees decimal,degrees decimal,meters a.s.l. ,,,,,,,,,1,10.1038/srep24374,"Kathayat, G., Cheng, H., Sinha, A., Spötl, C., Edwards, R. L., Zhang, H., Li, X., Yi, L., Ning, Y., Cai, Y., Lui, W. L. and Breitenbach, S. F. M.: Indian monsoon variability on millennial-orbital timescales, Sci. Rep., 6(1), 2016.",NOAA,"d13C, d18O, mineralogy_petrology_fabric",,,,,,,817.7569005,914.1164867,533.4661874,508.7271379,678.55,776.8,800.1640396,779.201526,,,959.6369649,936.3089814,753.9560763,680.2366921,SISAL_SiteID: 1; SISAL_EntityID: 5
1,Bittoo cave,30.7903,77.7764,3000.0,yes,,5,BT-2.4,current,,1-BT24,from top,limestone,Pleistocene,discontinuous carbonate,unknown,unknown,"closed forest, evergreen needle leaf",unknown,30.0,no,no,32.4,stalagmite,unknown,,yes,yes,Vienna-PDB,unknown,,no,no,yes,no,no,no,no,no,,,,,no,,,,,no,,,,,no,,,,,no,,,,,no,,,no,,no,"Cheng, Hai",https://www.ncdc.noaa.gov/paleo/study/20449,106.8,,SISAL_SampleID: 289723,,,,,,,,,,,,,,,,,,,,,,,,,,,,,,,,,,,,,,,,,,,,106.8,calcite,not applicable,,,,,,,,,,,,,,-4.85,0.08,-7.84,0.04,183164.5572,,,StalAge,not applicable,not applicable,183258.1277,184083.1973156,182334.4606781,183473.1899,184028.2238895,182950.8591378,183222.5,183895.15,182437.55,183788.006,184587.347676,183005.5369096,,,,183093.2415,184052.3852727,182146.1879052,183562.7226,184305.7905751,182883.8744104,,Calibrated radiocarbon years BP,per mille,per mille,per mille,per mille,,,,,,,,,,,,,,,,,,,,,,,,,,,,,,,,,m,m,,,degrees decimal,degrees decimal,meters a.s.l. ,,,,,,,,,1,10.1038/srep24374,"Kathayat, G., Cheng, H., Sinha, A., Spötl, C., Edwards, R. L., Zhang, H., Li, X., Yi, L., Ning, Y., Cai, Y., Lui, W. L. and Breitenbach, S. F. M.: Indian monsoon variability on millennial-orbital timescales, Sci. Rep., 6(1), 2016.",NOAA,"d13C, d18O, mineralogy_petrology_fabric",,,,,,,825.0696156,923.6670219,555.0339895,522.3307622,672.65,784.95,799.341676,782.4690904,,,959.1437727,947.0535948,743.0679751,678.8481896,SISAL_SiteID: 1; SISAL_EntityID: 5
1,Bittoo cave,30.7903,77.7764,3000.0,yes,,5,BT-2.4,current,,1-BT24,from top,limestone,Pleistocene,discontinuous carbonate,unknown,unknown,"closed forest, evergreen needle leaf",unknown,30.0,no,no,32.4,stalagmite,unknown,,yes,yes,Vienna-PDB,unknown,,no,no,yes,no,no,no,no,no,,,,,no,,,,,no,,,,,no,,,,,no,,,,,no,,,no,,no,"Cheng, Hai",https://www.ncdc.noaa.gov/paleo/study/20449,108.0,,SISAL_SampleID: 289724,,,,,,,,,,,,,,,,,,,,,,,,,,,,,,,,,,,,,,,,,,,,108.0,calcite,not applicable,,,,,,,,,,,,,,-4.69,0.08,-7.69,0.04,183183.732,,,StalAge,not applicable,not applicable,183282.8389,184128.4032587,182351.5692758,183519.9105,184085.278092,182984.5114037,183245.0,183913.15,182462.9,183831.9616,184633.96011,183049.14098,,,,183116.3773,184081.0672319,182154.8706093,183608.5764,184339.9420957,182934.5237402,,Calibrated radiocarbon years BP,per mille,per mille,per mille,per mille,,,,,,,,,,,,,,,,,,,,,,,,,,,,,,,,,m,m,,,degrees decimal,degrees decimal,meters a.s.l. ,,,,,,,,,1,10.1038/srep24374,"Kathayat, G., Cheng, H., Sinha, A., Spötl, C., Edwards, R. L., Zhang, H., Li, X., Yi, L., Ning, Y., Cai, Y., Lui, W. L. and Breitenbach, S. F. M.: Indian monsoon variability on millennial-orbital timescales, Sci. Rep., 6(1), 2016.",NOAA,"d13C, d18O, mineralogy_petrology_fabric",,,,,,,845.5643587,931.2696242,565.367592,535.3990963,668.15,782.1,801.99851,782.82062,,,964.6899319,961.5066907,731.3656957,674.0526598,SISAL_SiteID: 1; SISAL_EntityID: 5
1,Bittoo cave,30.7903,77.7764,3000.0,yes,,5,BT-2.4,current,,1-BT24,from top,limestone,Pleistocene,discontinuous carbonate,unknown,unknown,"closed forest, evergreen needle leaf",unknown,30.0,no,no,32.4,stalagmite,unknown,,yes,yes,Vienna-PDB,unknown,,no,no,yes,no,no,no,no,no,,,,,no,,,,,no,,,,,no,,,,,no,,,,,no,,,no,,no,"Cheng, Hai",https://www.ncdc.noaa.gov/paleo/study/20449,109.2,,SISAL_SampleID: 289725,,,,,,,,,,,,,,,,,,,,,,,,,,,,,,,,,,,,,,,,,,,,109.2,calcite,not applicable,,,,,,,,,,,,,,-5.05,0.08,-8.08,0.04,183202.9068,,,StalAge,not applicable,not applicable,183306.0024,184170.8227891,182357.976414,183568.2272,184150.2526967,183016.1300788,183268.5,183938.1,182495.4,183878.3962,184685.419696,183089.310514,,,,183142.3308,184107.7761187,182175.2943786,183653.6022,184371.84834,182981.9269066,,Calibrated radiocarbon years BP,per mille,per mille,per mille,per mille,,,,,,,,,,,,,,,,,,,,,,,,,,,,,,,,,m,m,,,degrees decimal,degrees decimal,meters a.s.l. ,,,,,,,,,1,10.1038/srep24374,"Kathayat, G., Cheng, H., Sinha, A., Spötl, C., Edwards, R. L., Zhang, H., Li, X., Yi, L., Ning, Y., Cai, Y., Lui, W. L. and Breitenbach, S. F. M.: Indian monsoon variability on millennial-orbital timescales, Sci. Rep., 6(1), 2016.",NOAA,"d13C, d18O, mineralogy_petrology_fabric",,,,,,,864.8203891,948.025986,582.0254967,552.0971212,669.6,773.1,807.023496,789.085686,,,965.4453187,967.0364214,718.24614,671.6752934,SISAL_SiteID: 1; SISAL_EntityID: 5
1,Bittoo cave,30.7903,77.7764,3000.0,yes,,5,BT-2.4,current,,1-BT24,from top,limestone,Pleistocene,discontinuous carbonate,unknown,unknown,"closed forest, evergreen needle leaf",unknown,30.0,no,no,32.4,stalagmite,unknown,,yes,yes,Vienna-PDB,unknown,,no,no,yes,no,no,no,no,no,,,,,no,,,,,no,,,,,no,,,,,no,,,,,no,,,no,,no,"Cheng, Hai",https://www.ncdc.noaa.gov/paleo/study/20449,110.4,,SISAL_SampleID: 289726,,,,,,,,,,,,,,,,,,,,,,,,,,,,,,,,,,,,,,,,,,,,110.4,calcite,not applicable,,,,,,,,,,,,,,-4.9,0.08,-8.02,0.04,183222.0816,,,StalAge,not applicable,not applicable,183331.7794,184209.488448,182373.678644,183618.0673,184211.0717057,183051.3227651,183296.0,183950.4,182507.85,183924.2372,184730.859682,183144.662152,,,,183164.3014,184145.8603623,182194.9629603,183698.5765,184408.2886549,183023.0958079,,Calibrated radiocarbon years BP,per mille,per mille,per mille,per mille,,,,,,,,,,,,,,,,,,,,,,,,,,,,,,,,,m,m,,,degrees decimal,degrees decimal,meters a.s.l. ,,,,,,,,,1,10.1038/srep24374,"Kathayat, G., Cheng, H., Sinha, A., Spötl, C., Edwards, R. L., Zhang, H., Li, X., Yi, L., Ning, Y., Cai, Y., Lui, W. L. and Breitenbach, S. F. M.: Indian monsoon variability on millennial-orbital timescales, Sci. Rep., 6(1), 2016.",NOAA,"d13C, d18O, mineralogy_petrology_fabric",,,,,,,877.709048,958.100756,593.0044057,566.7445349,654.4,788.15,806.622482,779.575048,,,981.5589623,969.3384397,709.7121549,675.4806921,SISAL_SiteID: 1; SISAL_EntityID: 5
1,Bittoo cave,30.7903,77.7764,3000.0,yes,,5,BT-2.4,current,,1-BT24,from top,limestone,Pleistocene,discontinuous carbonate,unknown,unknown,"closed forest, evergreen needle leaf",unknown,30.0,no,no,32.4,stalagmite,unknown,,yes,yes,Vienna-PDB,unknown,,no,no,yes,no,no,no,no,no,,,,,no,,,,,no,,,,,no,,,,,no,,,,,no,,,no,,no,"Cheng, Hai",https://www.ncdc.noaa.gov/paleo/study/20449,111.6,,SISAL_SampleID: 289727,,,,,,,,,,,,,,,,,,,,,,,,,,,,,,,,,,,,,,,,,,,,111.6,calcite,not applicable,,,,,,,,,,,,,,-4.8,0.08,-8.18,0.04,183241.2564,,,StalAge,not applicable,not applicable,183354.9744,184248.2536466,182384.0565386,183666.557,184272.4297289,183089.3677699,183322.5,183980.15,182569.45,183977.2478,184771.6953832,183213.452656,,,,183190.2393,184193.873642,182218.1028119,183743.1092,184448.2842883,183063.2186992,,Calibrated radiocarbon years BP,per mille,per mille,per mille,per mille,,,,,,,,,,,,,,,,,,,,,,,,,,,,,,,,,m,m,,,degrees decimal,degrees decimal,meters a.s.l. ,,,,,,,,,1,10.1038/srep24374,"Kathayat, G., Cheng, H., Sinha, A., Spötl, C., Edwards, R. L., Zhang, H., Li, X., Yi, L., Ning, Y., Cai, Y., Lui, W. L. and Breitenbach, S. F. M.: Indian monsoon variability on millennial-orbital timescales, Sci. Rep., 6(1), 2016.",NOAA,"d13C, d18O, mineralogy_petrology_fabric",,,,,,,893.2792466,970.9178614,605.8727289,577.1892301,657.65,753.05,794.4475832,763.795144,,,1003.634342,972.1364881,705.1750883,679.8905008,SISAL_SiteID: 1; SISAL_EntityID: 5
1,Bittoo cave,30.7903,77.7764,3000.0,yes,,5,BT-2.4,current,,1-BT24,from top,limestone,Pleistocene,discontinuous carbonate,unknown,unknown,"closed forest, evergreen needle leaf",unknown,30.0,no,no,32.4,stalagmite,unknown,,yes,yes,Vienna-PDB,unknown,,no,no,yes,no,no,no,no,no,,,,,no,,,,,no,,,,,no,,,,,no,,,,,no,,,no,,no,"Cheng, Hai",https://www.ncdc.noaa.gov/paleo/study/20449,112.8,,SISAL_SampleID: 289728,,,,,,,,,,,,,,,,,,,,,,,,,,,,,,,,,,,,,,,,,,,,112.8,calcite,not applicable,,,,,,,,,,,,,,-4.78,0.08,-7.95,0.04,183260.4312,,,StalAge,not applicable,not applicable,183385.5176,184297.4952476,182395.8176205,183712.8352,184335.3824977,183125.7531094,183351.0,183999.15,182584.55,184028.5544,184804.0402188,183293.833254,,,,183214.8854,184234.730737,182242.7704517,183786.6462,184486.1558698,183109.2278866,,Calibrated radiocarbon years BP,per mille,per mille,per mille,per mille,,,,,,,,,,,,,,,,,,,,,,,,,,,,,,,,,m,m,,,degrees decimal,degrees decimal,meters a.s.l. ,,,,,,,,,1,10.1038/srep24374,"Kathayat, G., Cheng, H., Sinha, A., Spötl, C., Edwards, R. L., Zhang, H., Li, X., Yi, L., Ning, Y., Cai, Y., Lui, W. L. and Breitenbach, S. F. M.: Indian monsoon variability on millennial-orbital timescales, Sci. Rep., 6(1), 2016.",NOAA,"d13C, d18O, mineralogy_petrology_fabric",,,,,,,911.9776476,989.6999795,622.5472977,587.0820906,648.15,766.45,775.4858188,734.721146,,,1019.845337,972.1149483,699.5096698,677.4183134,SISAL_SiteID: 1; SISAL_EntityID: 5
1,Bittoo cave,30.7903,77.7764,3000.0,yes,,5,BT-2.4,current,,1-BT24,from top,limestone,Pleistocene,discontinuous carbonate,unknown,unknown,"closed forest, evergreen needle leaf",unknown,30.0,no,no,32.4,stalagmite,unknown,,yes,yes,Vienna-PDB,unknown,,no,no,yes,no,no,no,no,no,,,,,no,,,,,no,,,,,no,,,,,no,,,,,no,,,no,,no,"Cheng, Hai",https://www.ncdc.noaa.gov/paleo/study/20449,114.0,,SISAL_SampleID: 289729,,,,,,,,,,,,,,,,,,,,,,,,,,,,,,,,,,,,,,,,,,,,114.0,calcite,not applicable,,,,,,,,,,,,,,-4.71,0.08,-7.79,0.04,183279.606,,,StalAge,not applicable,not applicable,183407.1668,184343.7972448,182403.840047,183758.8338,184402.7709687,183163.4261832,183373.5,184016.3,182611.6,184076.8992,184843.50671,183350.922362,,,,183242.0033,184277.948292,182261.1803592,183831.1477,184519.2122397,183154.6075167,,Calibrated radiocarbon years BP,per mille,per mille,per mille,per mille,,,,,,,,,,,,,,,,,,,,,,,,,,,,,,,,,m,m,,,degrees decimal,degrees decimal,meters a.s.l. ,,,,,,,,,1,10.1038/srep24374,"Kathayat, G., Cheng, H., Sinha, A., Spötl, C., Edwards, R. L., Zhang, H., Li, X., Yi, L., Ning, Y., Cai, Y., Lui, W. L. and Breitenbach, S. F. M.: Indian monsoon variability on millennial-orbital timescales, Sci. Rep., 6(1), 2016.",NOAA,"d13C, d18O, mineralogy_petrology_fabric",,,,,,,936.6304448,1003.326753,643.9371687,595.4076168,642.8,761.9,766.60751,725.976838,,,1035.944992,980.8229408,688.0645397,676.5401833,SISAL_SiteID: 1; SISAL_EntityID: 5
1,Bittoo cave,30.7903,77.7764,3000.0,yes,,5,BT-2.4,current,,1-BT24,from top,limestone,Pleistocene,discontinuous carbonate,unknown,unknown,"closed forest, evergreen needle leaf",unknown,30.0,no,no,32.4,stalagmite,unknown,,yes,yes,Vienna-PDB,unknown,,no,no,yes,no,no,no,no,no,,,,,no,,,,,no,,,,,no,,,,,no,,,,,no,,,no,,no,"Cheng, Hai",https://www.ncdc.noaa.gov/paleo/study/20449,115.2,,SISAL_SampleID: 289730,,,,,,,,,,,,,,,,,,,,,,,,,,,,,,,,,,,,,,,,,,,,115.2,calcite,not applicable,,,,,,,,,,,,,,-5.64,0.08,-8.43,0.04,183298.7808,,,StalAge,not applicable,not applicable,183429.155,184395.7428839,182420.104209,183806.7176,184465.9724219,183200.2998376,183397.0,184044.2,182641.85,184129.1478,184886.013864,183414.4452144,,,,183278.0264,184316.618904,182279.9644011,183877.3438,184548.6544146,183195.7103718,,Calibrated radiocarbon years BP,per mille,per mille,per mille,per mille,,,,,,,,,,,,,,,,,,,,,,,,,,,,,,,,,m,m,,,degrees decimal,degrees decimal,meters a.s.l. ,,,,,,,,,1,10.1038/srep24374,"Kathayat, G., Cheng, H., Sinha, A., Spötl, C., Edwards, R. L., Zhang, H., Li, X., Yi, L., Ning, Y., Cai, Y., Lui, W. L. and Breitenbach, S. F. M.: Indian monsoon variability on millennial-orbital timescales, Sci. Rep., 6(1), 2016.",NOAA,"d13C, d18O, mineralogy_petrology_fabric",,,,,,,966.5878839,1009.050791,659.2548219,606.4177624,647.2,755.15,756.866064,714.7025856,,,1038.592504,998.0619989,671.3106146,681.6334282,SISAL_SiteID: 1; SISAL_EntityID: 5
1,Bittoo cave,30.7903,77.7764,3000.0,yes,,5,BT-2.4,current,,1-BT24,from top,limestone,Pleistocene,discontinuous carbonate,unknown,unknown,"closed forest, evergreen needle leaf",unknown,30.0,no,no,32.4,stalagmite,unknown,,yes,yes,Vienna-PDB,unknown,,no,no,yes,no,no,no,no,no,,,,,no,,,,,no,,,,,no,,,,,no,,,,,no,,,no,,no,"Cheng, Hai",https://www.ncdc.noaa.gov/paleo/study/20449,116.4,,SISAL_SampleID: 289731,,,,,,,,,,,,,,,,,,,,,,,,,,,,,,,,,,,,,,,,,,,,116.4,calcite,not applicable,,,,,,,,,,,,,,-4.58,0.08,-7.97,0.04,183317.9556,,,StalAge,not applicable,not applicable,183453.6656,184431.9702656,182434.569806,183855.2297,184529.4426938,183232.3010271,183423.0,184079.2,182661.75,184184.7354,184928.4072552,183465.787982,,,,183313.2546,184353.928194,182302.471961,183923.2253,184580.1125743,183238.2761941,,Calibrated radiocarbon years BP,per mille,per mille,per mille,per mille,,,,,,,,,,,,,,,,,,,,,,,,,,,,,,,,,m,m,,,degrees decimal,degrees decimal,meters a.s.l. ,,,,,,,,,1,10.1038/srep24374,"Kathayat, G., Cheng, H., Sinha, A., Spötl, C., Edwards, R. L., Zhang, H., Li, X., Yi, L., Ning, Y., Cai, Y., Lui, W. L. and Breitenbach, S. F. M.: Indian monsoon variability on millennial-orbital timescales, Sci. Rep., 6(1), 2016.",NOAA,"d13C, d18O, mineralogy_petrology_fabric",,,,,,,978.3046656,1019.095794,674.2129938,622.9286729,656.2,761.25,743.6718552,718.947418,,,1040.673594,1010.782639,656.8872743,684.9491059,SISAL_SiteID: 1; SISAL_EntityID: 5
1,Bittoo cave,30.7903,77.7764,3000.0,yes,,5,BT-2.4,current,,1-BT24,from top,limestone,Pleistocene,discontinuous carbonate,unknown,unknown,"closed forest, evergreen needle leaf",unknown,30.0,no,no,32.4,stalagmite,unknown,,yes,yes,Vienna-PDB,unknown,,no,no,yes,no,no,no,no,no,,,,,no,,,,,no,,,,,no,,,,,no,,,,,no,,,no,,no,"Cheng, Hai",https://www.ncdc.noaa.gov/paleo/study/20449,117.6,,SISAL_SampleID: 289732,,,,,,,,,,,,,,,,,,,,,,,,,,,,,,,,,,,,,,,,,,,,117.6,calcite,not applicable,,,,,,,,,,,,,,-4.41,0.08,-7.82,0.04,183337.1304,,,StalAge,not applicable,not applicable,183473.8858,184480.909297,182446.241722,183904.1107,184592.4934006,183260.7856279,183447.5,184112.35,182701.0,184236.8815,184977.376884,183514.2589044,,,,183344.0815,184397.709492,182332.3323,183968.3777,184614.6237604,183284.8746025,,Calibrated radiocarbon years BP,per mille,per mille,per mille,per mille,,,,,,,,,,,,,,,,,,,,,,,,,,,,,,,,,m,m,,,degrees decimal,degrees decimal,meters a.s.l. ,,,,,,,,,1,10.1038/srep24374,"Kathayat, G., Cheng, H., Sinha, A., Spötl, C., Edwards, R. L., Zhang, H., Li, X., Yi, L., Ning, Y., Cai, Y., Lui, W. L. and Breitenbach, S. F. M.: Indian monsoon variability on millennial-orbital timescales, Sci. Rep., 6(1), 2016.",NOAA,"d13C, d18O, mineralogy_petrology_fabric",,,,,,,1007.023497,1027.644078,688.3827006,643.3250721,664.85,746.5,740.495384,722.6225956,,,1053.627992,1011.7492,646.2460604,683.5030975,SISAL_SiteID: 1; SISAL_EntityID: 5
1,Bittoo cave,30.7903,77.7764,3000.0,yes,,5,BT-2.4,current,,1-BT24,from top,limestone,Pleistocene,discontinuous carbonate,unknown,unknown,"closed forest, evergreen needle leaf",unknown,30.0,no,no,32.4,stalagmite,unknown,,yes,yes,Vienna-PDB,unknown,,no,no,yes,no,no,no,no,no,,,,,no,,,,,no,,,,,no,,,,,no,,,,,no,,,no,,no,"Cheng, Hai",https://www.ncdc.noaa.gov/paleo/study/20449,118.8,,SISAL_SampleID: 289733,,,,,,,,,,,,,,,,,,,,,,,,,,,,,,,,,,,,,,,,,,,,118.8,calcite,not applicable,,,,,,,,,,,,,,-4.71,0.08,-7.67,0.04,183356.3052,,,StalAge,not applicable,not applicable,183503.529,184526.608288,182458.767319,183952.9026,184654.2114559,183290.4051057,183477.5,184144.3,182731.9,184288.4592,185039.47763,183552.05655,,,,183382.4963,184452.354699,182348.57525,184013.3213,184650.6129131,183334.9287146,,Calibrated radiocarbon years BP,per mille,per mille,per mille,per mille,,,,,,,,,,,,,,,,,,,,,,,,,,,,,,,,,m,m,,,degrees decimal,degrees decimal,meters a.s.l. ,,,,,,,,,1,10.1038/srep24374,"Kathayat, G., Cheng, H., Sinha, A., Spötl, C., Edwards, R. L., Zhang, H., Li, X., Yi, L., Ning, Y., Cai, Y., Lui, W. L. and Breitenbach, S. F. M.: Indian monsoon variability on millennial-orbital timescales, Sci. Rep., 6(1), 2016.",NOAA,"d13C, d18O, mineralogy_petrology_fabric",,,,,,,1023.079288,1044.761681,701.3088559,662.4974943,666.8,745.6,751.01843,736.40265,,,1069.858399,1033.92105,637.2916131,678.3925854,SISAL_SiteID: 1; SISAL_EntityID: 5
1,Bittoo cave,30.7903,77.7764,3000.0,yes,,5,BT-2.4,current,,1-BT24,from top,limestone,Pleistocene,discontinuous carbonate,unknown,unknown,"closed forest, evergreen needle leaf",unknown,30.0,no,no,32.4,stalagmite,unknown,,yes,yes,Vienna-PDB,unknown,,no,no,yes,no,no,no,no,no,,,,,no,,,,,no,,,,,no,,,,,no,,,,,no,,,no,,no,"Cheng, Hai",https://www.ncdc.noaa.gov/paleo/study/20449,120.0,,SISAL_SampleID: 289734,,,,,,,,,,,,,,,,,,,,,,,,,,,,,,,,,,,,,,,,,,,,120.0,calcite,not applicable,,,,,,,,,,,,,,-4.56,0.08,-7.76,0.04,183375.48,,,StalAge,not applicable,not applicable,183527.3449,184563.609479,182477.862549,184002.847,184717.6074648,183314.3448056,183507.5,184166.4,182759.9,184341.9561,185107.04074,183588.79321,,,,183413.1153,184503.877395,182372.847279,184057.5918,184688.8994801,183385.6003785,,Calibrated radiocarbon years BP,per mille,per mille,per mille,per mille,,,,,,,,,,,,,,,,,,,,,,,,,,,,,,,,,m,m,,,degrees decimal,degrees decimal,meters a.s.l. ,,,,,,,,,1,10.1038/srep24374,"Kathayat, G., Cheng, H., Sinha, A., Spötl, C., Edwards, R. L., Zhang, H., Li, X., Yi, L., Ning, Y., Cai, Y., Lui, W. L. and Breitenbach, S. F. M.: Indian monsoon variability on millennial-orbital timescales, Sci. Rep., 6(1), 2016.",NOAA,"d13C, d18O, mineralogy_petrology_fabric",,,,,,,1036.264579,1049.482351,714.7604648,688.5021944,658.9,747.6,765.08464,753.16289,,,1090.762095,1040.268021,631.3076801,671.9914215,SISAL_SiteID: 1; SISAL_EntityID: 5
1,Bittoo cave,30.7903,77.7764,3000.0,yes,,5,BT-2.4,current,,1-BT24,from top,limestone,Pleistocene,discontinuous carbonate,unknown,unknown,"closed forest, evergreen needle leaf",unknown,30.0,no,no,32.4,stalagmite,unknown,,yes,yes,Vienna-PDB,unknown,,no,no,yes,no,no,no,no,no,,,,,no,,,,,no,,,,,no,,,,,no,,,,,no,,,no,,no,"Cheng, Hai",https://www.ncdc.noaa.gov/paleo/study/20449,121.2,,SISAL_SampleID: 289735,,,,,,,,,,,,,,,,,,,,,,,,,,,,,,,,,,,,,,,,,,,,121.2,calcite,not applicable,,,,,,,,,,,,,,-4.46,0.08,-7.62,0.04,183394.6548,,,StalAge,not applicable,not applicable,183554.9483,184617.702601,182491.697078,184050.1588,184780.6264549,183345.9273947,183538.0,184200.0,182806.0,184394.5216,185148.781452,183660.234648,,,,183455.0983,184548.262094,182408.108381,184101.5023,184728.9302598,183435.2112902,,Calibrated radiocarbon years BP,per mille,per mille,per mille,per mille,,,,,,,,,,,,,,,,,,,,,,,,,,,,,,,,,m,m,,,degrees decimal,degrees decimal,meters a.s.l. ,,,,,,,,,1,10.1038/srep24374,"Kathayat, G., Cheng, H., Sinha, A., Spötl, C., Edwards, R. L., Zhang, H., Li, X., Yi, L., Ning, Y., Cai, Y., Lui, W. L. and Breitenbach, S. F. M.: Indian monsoon variability on millennial-orbital timescales, Sci. Rep., 6(1), 2016.",NOAA,"d13C, d18O, mineralogy_petrology_fabric",,,,,,,1062.754301,1063.251222,730.4676549,704.2314053,662.0,732.0,754.259852,734.286952,,,1093.163794,1046.989919,627.4279598,666.2910098,SISAL_SiteID: 1; SISAL_EntityID: 5
1,Bittoo cave,30.7903,77.7764,3000.0,yes,,5,BT-2.4,current,,1-BT24,from top,limestone,Pleistocene,discontinuous carbonate,unknown,unknown,"closed forest, evergreen needle leaf",unknown,30.0,no,no,32.4,stalagmite,unknown,,yes,yes,Vienna-PDB,unknown,,no,no,yes,no,no,no,no,no,,,,,no,,,,,no,,,,,no,,,,,no,,,,,no,,,no,,no,"Cheng, Hai",https://www.ncdc.noaa.gov/paleo/study/20449,122.4,,SISAL_SampleID: 289736,,,,,,,,,,,,,,,,,,,,,,,,,,,,,,,,,,,,,,,,,,,,122.4,calcite,not applicable,,,,,,,,,,,,,,-4.22,0.08,-7.33,0.04,183413.8296,,,StalAge,not applicable,not applicable,183576.5988,184656.835299,182509.343777,184096.1793,184840.0761326,183373.2739136,183587.0,184229.1,182860.95,184446.992,185197.488918,183721.19332,,,,183493.5559,184593.682325,182435.460387,184146.7174,184767.5603791,183484.687502,,Calibrated radiocarbon years BP,per mille,per mille,per mille,per mille,,,,,,,,,,,,,,,,,,,,,,,,,,,,,,,,,m,m,,,degrees decimal,degrees decimal,meters a.s.l. ,,,,,,,,,1,10.1038/srep24374,"Kathayat, G., Cheng, H., Sinha, A., Spötl, C., Edwards, R. L., Zhang, H., Li, X., Yi, L., Ning, Y., Cai, Y., Lui, W. L. and Breitenbach, S. F. M.: Indian monsoon variability on millennial-orbital timescales, Sci. Rep., 6(1), 2016.",NOAA,"d13C, d18O, mineralogy_petrology_fabric",,,,,,,1080.236499,1067.255023,743.8968326,722.9053864,642.1,726.05,750.496918,725.79868,,,1100.126425,1058.095513,620.8429791,662.029898,SISAL_SiteID: 1; SISAL_EntityID: 5
1,Bittoo cave,30.7903,77.7764,3000.0,yes,,5,BT-2.4,current,,1-BT24,from top,limestone,Pleistocene,discontinuous carbonate,unknown,unknown,"closed forest, evergreen needle leaf",unknown,30.0,no,no,32.4,stalagmite,unknown,,yes,yes,Vienna-PDB,unknown,,no,no,yes,no,no,no,no,no,,,,,no,,,,,no,,,,,no,,,,,no,,,,,no,,,no,,no,"Cheng, Hai",https://www.ncdc.noaa.gov/paleo/study/20449,123.6,,SISAL_SampleID: 289737,,,,,,,,,,,,,,,,,,,,,,,,,,,,,,,,,,,,,,,,,,,,123.6,calcite,not applicable,,,,,,,,,,,,,,-4.77,0.08,-7.3,0.04,183433.0044,,,StalAge,not applicable,not applicable,183603.9983,184695.935054,182528.176749,184143.1654,184907.6440897,183407.1376505,183626.5,184277.05,182920.55,184501.9791,185247.32428,183777.356558,,,,183540.2664,184644.160109,182465.426425,184192.1419,184807.1645947,183534.4410221,,Calibrated radiocarbon years BP,per mille,per mille,per mille,per mille,,,,,,,,,,,,,,,,,,,,,,,,,,,,,,,,,m,m,,,degrees decimal,degrees decimal,meters a.s.l. ,,,,,,,,,1,10.1038/srep24374,"Kathayat, G., Cheng, H., Sinha, A., Spötl, C., Edwards, R. L., Zhang, H., Li, X., Yi, L., Ning, Y., Cai, Y., Lui, W. L. and Breitenbach, S. F. M.: Indian monsoon variability on millennial-orbital timescales, Sci. Rep., 6(1), 2016.",NOAA,"d13C, d18O, mineralogy_petrology_fabric",,,,,,,1091.936754,1075.821551,764.4786897,736.0277495,650.55,705.95,745.34518,724.622542,,,1103.893709,1074.839975,615.0226947,657.7008779,SISAL_SiteID: 1; SISAL_EntityID: 5
1,Bittoo cave,30.7903,77.7764,3000.0,yes,,5,BT-2.4,current,,1-BT24,from top,limestone,Pleistocene,discontinuous carbonate,unknown,unknown,"closed forest, evergreen needle leaf",unknown,30.0,no,no,32.4,stalagmite,unknown,,yes,yes,Vienna-PDB,unknown,,no,no,yes,no,no,no,no,no,,,,,no,,,,,no,,,,,no,,,,,no,,,,,no,,,no,,no,"Cheng, Hai",https://www.ncdc.noaa.gov/paleo/study/20449,124.8,,SISAL_SampleID: 289738,,,,,,,,,,,,,,,,,,,,,,,,,,,,,,,,,,,,,,,,,,,,124.8,calcite,not applicable,,,,,,,,,,,,,,-4.68,0.08,-7.53,0.04,183452.1792,,,StalAge,not applicable,not applicable,183633.3336,184745.776067,182536.708345,184192.4657,184971.5242534,183440.2385639,183681.5,184340.05,183000.95,184555.3083,185297.661968,183821.642138,,,,183584.601,184694.810935,182487.560189,184235.3831,184851.2042492,183584.1291401,,Calibrated radiocarbon years BP,per mille,per mille,per mille,per mille,,,,,,,,,,,,,,,,,,,,,,,,,,,,,,,,,m,m,,,degrees decimal,degrees decimal,meters a.s.l. ,,,,,,,,,1,10.1038/srep24374,"Kathayat, G., Cheng, H., Sinha, A., Spötl, C., Edwards, R. L., Zhang, H., Li, X., Yi, L., Ning, Y., Cai, Y., Lui, W. L. and Breitenbach, S. F. M.: Indian monsoon variability on millennial-orbital timescales, Sci. Rep., 6(1), 2016.",NOAA,"d13C, d18O, mineralogy_petrology_fabric",,,,,,,1112.442467,1096.625255,779.0585534,752.2271361,658.55,680.55,742.353668,733.666162,,,1110.209935,1097.040811,615.8211492,651.2539599,SISAL_SiteID: 1; SISAL_EntityID: 5
1,Bittoo cave,30.7903,77.7764,3000.0,yes,,5,BT-2.4,current,,1-BT24,from top,limestone,Pleistocene,discontinuous carbonate,unknown,unknown,"closed forest, evergreen needle leaf",unknown,30.0,no,no,32.4,stalagmite,unknown,,yes,yes,Vienna-PDB,unknown,,no,no,yes,no,no,no,no,no,,,,,no,,,,,no,,,,,no,,,,,no,,,,,no,,,no,,no,"Cheng, Hai",https://www.ncdc.noaa.gov/paleo/study/20449,126.0,,SISAL_SampleID: 289739,MC-ICP-MS U/Th,,BT2-9,calcite,,,183574.0,1048.0,1048.0,,,yes,464.8,0.4,769.0,15.0,,,1678.611326,33.80844422,0.9098,0.0013,1.096044208,0.001659918,0.814430125,0.407215062,Cheng et al. 2013,183472.0,184519.0,182425.0,yes,yes,yes,yes,,yes,yes,,,,,,,126.0,calcite,not applicable,,,,,,,,,,,,,,-4.36,0.08,-7.09,0.04,183471.354,,,StalAge,not applicable,not applicable,183658.731,184805.924928,182542.800737,184241.4363,185035.0951471,183476.0441317,183773.5,184425.05,183098.9,184605.5803,185351.86622,183867.682234,,,,183633.2864,184750.058714,182509.924515,184276.3662,184892.9326729,183632.3389275,,Calibrated radiocarbon years BP,per mille,per mille,per mille,per mille,,,,,,,,,,,,,,,,,,,ppb,ppb (2-sigma uncertainty),ppt,ppt (2-sigma uncertainty),,,activity ratio,2 Standard Deviations,activity ratio,2 Standard Deviations,activity ratio,2 Standard Deviations,activity ratio,2 Standard Deviations,m,m,,,degrees decimal,degrees decimal,meters a.s.l. ,,,year,year,year,year,year,year,1,10.1038/srep24374,"Kathayat, G., Cheng, H., Sinha, A., Spötl, C., Edwards, R. L., Zhang, H., Li, X., Yi, L., Ning, Y., Cai, Y., Lui, W. L. and Breitenbach, S. F. M.: Indian monsoon variability on millennial-orbital timescales, Sci. Rep., 6(1), 2016.",NOAA,"d13C, d18O, mineralogy_petrology_fabric",1047.0,1047.0,,,,,1147.193928,1115.930263,793.6588471,765.3921683,651.55,674.6,746.28592,737.898066,,,1116.772314,1123.361885,616.5664729,644.0272725,SISAL_SiteID: 1; SISAL_EntityID: 5
1,Bittoo cave,30.7903,77.7764,3000.0,yes,,5,BT-2.4,current,,1-BT24,from top,limestone,Pleistocene,discontinuous carbonate,unknown,unknown,"closed forest, evergreen needle leaf",unknown,30.0,no,no,32.4,stalagmite,unknown,,yes,yes,Vienna-PDB,unknown,,no,no,yes,no,no,no,no,no,,,,,no,,,,,no,,,,,no,,,,,no,,,,,no,,,no,,no,"Cheng, Hai",https://www.ncdc.noaa.gov/paleo/study/20449,127.2,,SISAL_SampleID: 289740,,,,,,,,,,,,,,,,,,,,,,,,,,,,,,,,,,,,,,,,,,,,127.2,calcite,not applicable,,,,,,,,,,,,,,-4.2,0.08,-6.95,0.04,183812.896,,,StalAge,not applicable,not applicable,183907.2596,184906.205593,182953.7268468,184290.835,185098.1314366,183510.9716462,183896.0,184527.2,183211.85,184658.402,185417.099984,183910.7128264,,,,183770.3589,184836.394703,182716.193453,184319.4209,184941.8985438,183679.7812051,,Calibrated radiocarbon years BP,per mille,per mille,per mille,per mille,,,,,,,,,,,,,,,,,,,,,,,,,,,,,,,,,m,m,,,degrees decimal,degrees decimal,meters a.s.l. ,,,,,,,,,1,10.1038/srep24374,"Kathayat, G., Cheng, H., Sinha, A., Spötl, C., Edwards, R. L., Zhang, H., Li, X., Yi, L., Ning, Y., Cai, Y., Lui, W. L. and Breitenbach, S. F. M.: Indian monsoon variability on millennial-orbital timescales, Sci. Rep., 6(1), 2016.",NOAA,"d13C, d18O, mineralogy_petrology_fabric",,,,,,,998.945993,953.5327532,807.2964366,779.8633538,631.2,684.15,758.697984,747.6891736,,,1066.035803,1054.165447,622.4776438,639.6396949,SISAL_SiteID: 1; SISAL_EntityID: 5
1,Bittoo cave,30.7903,77.7764,3000.0,yes,,5,BT-2.4,current,,1-BT24,from top,limestone,Pleistocene,discontinuous carbonate,unknown,unknown,"closed forest, evergreen needle leaf",unknown,30.0,no,no,32.4,stalagmite,unknown,,yes,yes,Vienna-PDB,unknown,,no,no,yes,no,no,no,no,no,,,,,no,,,,,no,,,,,no,,,,,no,,,,,no,,,no,,no,"Cheng, Hai",https://www.ncdc.noaa.gov/paleo/study/20449,128.4,,SISAL_SampleID: 289741,,,,,,,,,,,,,,,,,,,,,,,,,,,,,,,,,,,,,,,,,,,,128.4,calcite,not applicable,,,,,,,,,,,,,,-4.16,0.08,-7.38,0.04,184153.612,,,StalAge,not applicable,not applicable,184154.3781,185021.413112,183314.2388324,184337.815,185161.9714963,183539.2739075,184072.5,184687.0,183389.85,184710.9412,185482.152692,183950.480004,,,,184024.953,184967.4983976,183147.5417284,184373.45,185033.0320865,183729.9930274,,Calibrated radiocarbon years BP,per mille,per mille,per mille,per mille,,,,,,,,,,,,,,,,,,,,,,,,,,,,,,,,,m,m,,,degrees decimal,degrees decimal,meters a.s.l. ,,,,,,,,,1,10.1038/srep24374,"Kathayat, G., Cheng, H., Sinha, A., Spötl, C., Edwards, R. L., Zhang, H., Li, X., Yi, L., Ning, Y., Cai, Y., Lui, W. L. and Breitenbach, S. F. M.: Indian monsoon variability on millennial-orbital timescales, Sci. Rep., 6(1), 2016.",NOAA,"d13C, d18O, mineralogy_petrology_fabric",,,,,,,867.035012,840.1392676,824.1564963,798.5410925,614.5,682.65,771.211492,760.461196,,,942.5453976,877.4112716,659.5820865,643.4569726,SISAL_SiteID: 1; SISAL_EntityID: 5
1,Bittoo cave,30.7903,77.7764,3000.0,yes,,5,BT-2.4,current,,1-BT24,from top,limestone,Pleistocene,discontinuous carbonate,unknown,unknown,"closed forest, evergreen needle leaf",unknown,30.0,no,no,32.4,stalagmite,unknown,,yes,yes,Vienna-PDB,unknown,,no,no,yes,no,no,no,no,no,,,,,no,,,,,no,,,,,no,,,,,no,,,,,no,,,no,,no,"Cheng, Hai",https://www.ncdc.noaa.gov/paleo/study/20449,129.6,,SISAL_SampleID: 289742,,,,,,,,,,,,,,,,,,,,,,,,,,,,,,,,,,,,,,,,,,,,129.6,calcite,not applicable,,,,,,,,,,,,,,-4.5,0.08,-7.87,0.04,184494.328,,,StalAge,not applicable,not applicable,184401.2127,185165.1391761,183667.1850013,184387.9367,185228.4035937,183567.488858,184249.5,184888.1,183591.85,184764.8858,185555.472452,183988.484458,,,,184366.7223,185113.5475541,183639.8756161,184431.9503,185157.5317763,183776.4441345,,Calibrated radiocarbon years BP,per mille,per mille,per mille,per mille,,,,,,,,,,,,,,,,,,,,,,,,,,,,,,,,,m,m,,,degrees decimal,degrees decimal,meters a.s.l. ,,,,,,,,,1,10.1038/srep24374,"Kathayat, G., Cheng, H., Sinha, A., Spötl, C., Edwards, R. L., Zhang, H., Li, X., Yi, L., Ning, Y., Cai, Y., Lui, W. L. and Breitenbach, S. F. M.: Indian monsoon variability on millennial-orbital timescales, Sci. Rep., 6(1), 2016.",NOAA,"d13C, d18O, mineralogy_petrology_fabric",,,,,,,763.9264761,734.0276987,840.4668937,820.447842,638.6,657.65,790.586652,776.401342,,,746.8252541,726.8466839,725.5814763,655.5061655,SISAL_SiteID: 1; SISAL_EntityID: 5
1,Bittoo cave,30.7903,77.7764,3000.0,yes,,5,BT-2.4,current,,1-BT24,from top,limestone,Pleistocene,discontinuous carbonate,unknown,unknown,"closed forest, evergreen needle leaf",unknown,30.0,no,no,32.4,stalagmite,unknown,,yes,yes,Vienna-PDB,unknown,,no,no,yes,no,no,no,no,no,,,,,no,,,,,no,,,,,no,,,,,no,,,,,no,,,no,,no,"Cheng, Hai",https://www.ncdc.noaa.gov/paleo/study/20449,130.8,,SISAL_SampleID: 289743,,,,,,,,,,,,,,,,,,,,,,,,,,,,,,,,,,,,,,,,,,,,130.8,calcite,not applicable,,,,,,,,,,,,,,-4.91,0.08,-7.9,0.04,184835.044,,,StalAge,not applicable,not applicable,184659.4854,185337.4407988,183969.7861722,184433.9952,185292.6257256,183599.8262835,184444.5,185132.55,183753.9,184811.3678,185608.948922,184037.105578,,,,184718.1139,185416.3553282,183961.5458839,184483.9295,185278.9718526,183815.9865026,,Calibrated radiocarbon years BP,per mille,per mille,per mille,per mille,,,,,,,,,,,,,,,,,,,,,,,,,,,,,,,,,m,m,,,degrees decimal,degrees decimal,meters a.s.l. ,,,,,,,,,1,10.1038/srep24374,"Kathayat, G., Cheng, H., Sinha, A., Spötl, C., Edwards, R. L., Zhang, H., Li, X., Yi, L., Ning, Y., Cai, Y., Lui, W. L. and Breitenbach, S. F. M.: Indian monsoon variability on millennial-orbital timescales, Sci. Rep., 6(1), 2016.",NOAA,"d13C, d18O, mineralogy_petrology_fabric",,,,,,,677.9553988,689.6992278,858.6305256,834.1689165,688.05,690.6,797.581122,774.262222,,,698.2414282,756.5680161,795.0423526,667.9429974,SISAL_SiteID: 1; SISAL_EntityID: 5
1,Bittoo cave,30.7903,77.7764,3000.0,yes,,5,BT-2.4,current,,1-BT24,from top,limestone,Pleistocene,discontinuous carbonate,unknown,unknown,"closed forest, evergreen needle leaf",unknown,30.0,no,no,32.4,stalagmite,unknown,,yes,yes,Vienna-PDB,unknown,,no,no,yes,no,no,no,no,no,,,,,no,,,,,no,,,,,no,,,,,no,,,,,no,,,no,,no,"Cheng, Hai",https://www.ncdc.noaa.gov/paleo/study/20449,132.0,,SISAL_SampleID: 289744,,,,,,,,,,,,,,,,,,,,,,,,,,,,,,,,,,,,,,,,,,,,132.0,calcite,not applicable,,,,,,,,,,,,,,-4.74,0.08,-7.8,0.04,185175.76,,,StalAge,not applicable,not applicable,184914.2467,185571.9150133,184203.2124,184481.056,185361.4968204,183629.2861336,184589.0,185324.05,183891.85,184855.7066,185643.36446,184083.11473,,,,184988.8817,185721.7855208,184184.3332821,184541.088,185369.6191787,183884.9251155,,Calibrated radiocarbon years BP,per mille,per mille,per mille,per mille,,,,,,,,,,,,,,,,,,,,,,,,,,,,,,,,,m,m,,,degrees decimal,degrees decimal,meters a.s.l. ,,,,,,,,,1,10.1038/srep24374,"Kathayat, G., Cheng, H., Sinha, A., Spötl, C., Edwards, R. L., Zhang, H., Li, X., Yi, L., Ning, Y., Cai, Y., Lui, W. L. and Breitenbach, S. F. M.: Indian monsoon variability on millennial-orbital timescales, Sci. Rep., 6(1), 2016.",NOAA,"d13C, d18O, mineralogy_petrology_fabric",,,,,,,657.6683133,711.0343,880.4408204,851.7698664,735.05,697.15,787.65786,772.59187,,,732.9038208,804.5484179,828.5311787,656.1628845,SISAL_SiteID: 1; SISAL_EntityID: 5
1,Bittoo cave,30.7903,77.7764,3000.0,yes,,5,BT-2.4,current,,1-BT24,from top,limestone,Pleistocene,discontinuous carbonate,unknown,unknown,"closed forest, evergreen needle leaf",unknown,30.0,no,no,32.4,stalagmite,unknown,,yes,yes,Vienna-PDB,unknown,,no,no,yes,no,no,no,no,no,,,,,no,,,,,no,,,,,no,,,,,no,,,,,no,,,no,,no,"Cheng, Hai",https://www.ncdc.noaa.gov/paleo/study/20449,133.2,,SISAL_SampleID: 289745,MC-ICP-MS U/Th,,BT2(4)-13,calcite,,,185623.0,1230.0,1230.0,,,yes,338.4,0.3,615.0,13.0,,,1543.70317,32.16511898,0.919132287,0.0018,1.101407099,0.001593151,0.814430125,0.407215062,Cheng et al. 2013,185516.0,186745.0,184287.0,yes,yes,yes,yes,,yes,yes,,,,,,,133.2,calcite,not applicable,,,,,,,,,,,,,,-5.49,0.08,-8.28,0.04,185516.476,,,StalAge,not applicable,not applicable,185152.9104,185882.4817639,184375.2041027,184528.8382,185429.3993692,183659.7394729,184716.0,185413.0,184011.9,184901.2758,185687.037168,184132.481398,,,,185135.1811,185883.6019379,184289.5357039,184605.663,185422.8766044,183983.5739693,,Calibrated radiocarbon years BP,per mille,per mille,per mille,per mille,,,,,,,,,,,,,,,,,,,ppb,ppb (2-sigma uncertainty),ppt,ppt (2-sigma uncertainty),,,activity ratio,2 Standard Deviations,activity ratio,2 Standard Deviations,activity ratio,2 Standard Deviations,activity ratio,2 Standard Deviations,m,m,,,degrees decimal,degrees decimal,meters a.s.l. ,,,year,year,year,year,year,year,1,10.1038/srep24374,"Kathayat, G., Cheng, H., Sinha, A., Spötl, C., Edwards, R. L., Zhang, H., Li, X., Yi, L., Ning, Y., Cai, Y., Lui, W. L. and Breitenbach, S. F. M.: Indian monsoon variability on millennial-orbital timescales, Sci. Rep., 6(1), 2016.",NOAA,"d13C, d18O, mineralogy_petrology_fabric",1229.0,1229.0,,,,,729.5713639,777.7062973,900.5611692,869.0987271,697.0,704.1,785.761368,768.794402,,,748.4208379,845.6453961,817.2136044,622.0890307,SISAL_SiteID: 1; SISAL_EntityID: 5
1,Bittoo cave,30.7903,77.7764,3000.0,yes,,5,BT-2.4,current,,1-BT24,from top,limestone,Pleistocene,discontinuous carbonate,unknown,unknown,"closed forest, evergreen needle leaf",unknown,30.0,no,no,32.4,stalagmite,unknown,,yes,yes,Vienna-PDB,unknown,,no,no,yes,no,no,no,no,no,,,,,no,,,,,no,,,,,no,,,,,no,,,,,no,,,no,,no,"Cheng, Hai",https://www.ncdc.noaa.gov/paleo/study/20449,134.4,,SISAL_SampleID: 289746,,,,,,,,,,,,,,,,,,,,,,,,,,,,,,,,,,,,,,,,,,,,134.4,calcite,not applicable,,,,,,,,,,,,,,-4.99,0.08,-8.19,0.04,185526.42848,,,StalAge,not applicable,not applicable,185185.891,185896.6273077,184421.681137,184578.0423,185497.2940505,183690.9839959,184811.0,185477.25,184117.6,184949.0147,185729.561972,184171.779838,,,,185192.0908,185921.9286621,184365.3007958,184658.151,185460.60816290003,184047.45573500005,,Calibrated radiocarbon years BP,per mille,per mille,per mille,per mille,,,,,,,,,,,,,,,,,,,,,,,,,,,,,,,,,m,m,,,degrees decimal,degrees decimal,meters a.s.l. ,,,,,,,,,1,10.1038/srep24374,"Kathayat, G., Cheng, H., Sinha, A., Spötl, C., Edwards, R. L., Zhang, H., Li, X., Yi, L., Ning, Y., Cai, Y., Lui, W. L. and Breitenbach, S. F. M.: Indian monsoon variability on millennial-orbital timescales, Sci. Rep., 6(1), 2016.",NOAA,"d13C, d18O, mineralogy_petrology_fabric",,,,,,,710.7363077,764.209863,919.2517505,887.0583041,666.25,693.4,780.547272,777.234862,,,729.8378621,826.7900042,802.4571629,610.695265,SISAL_SiteID: 1; SISAL_EntityID: 5
1,Bittoo cave,30.7903,77.7764,3000.0,yes,,5,BT-2.4,current,,1-BT24,from top,limestone,Pleistocene,discontinuous carbonate,unknown,unknown,"closed forest, evergreen needle leaf",unknown,30.0,no,no,32.4,stalagmite,unknown,,yes,yes,Vienna-PDB,unknown,,no,no,yes,no,no,no,no,no,,,,,no,,,,,no,,,,,no,,,,,no,,,,,no,,,no,,no,"Cheng, Hai",https://www.ncdc.noaa.gov/paleo/study/20449,135.6,,SISAL_SampleID: 289747,,,,,,,,,,,,,,,,,,,,,,,,,,,,,,,,,,,,,,,,,,,,135.6,calcite,not applicable,,,,,,,,,,,,,,-4.3,0.08,-8.08,0.04,185536.78052,,,StalAge,not applicable,not applicable,185214.6974,185908.0505026,184487.0907436,184623.2727,185565.1887843,183720.5961693,184885.0,185555.05,184185.75,184995.3498,185781.897234,184217.0035584,,,,185240.9916,185965.7302237,184442.0580977,184698.929,185497.1898171,184082.9436494,,Calibrated radiocarbon years BP,per mille,per mille,per mille,per mille,,,,,,,,,,,,,,,,,,,,,,,,,,,,,,,,,m,m,,,degrees decimal,degrees decimal,meters a.s.l. ,,,,,,,,,1,10.1038/srep24374,"Kathayat, G., Cheng, H., Sinha, A., Spötl, C., Edwards, R. L., Zhang, H., Li, X., Yi, L., Ning, Y., Cai, Y., Lui, W. L. and Breitenbach, S. F. M.: Indian monsoon variability on millennial-orbital timescales, Sci. Rep., 6(1), 2016.",NOAA,"d13C, d18O, mineralogy_petrology_fabric",,,,,,,693.3531026,727.6066564,941.9160843,902.6765307,670.05,699.25,786.547434,778.3462416,,,724.7386237,798.9335023,798.2608171,615.9853506,SISAL_SiteID: 1; SISAL_EntityID: 5
1,Bittoo cave,30.7903,77.7764,3000.0,yes,,5,BT-2.4,current,,1-BT24,from top,limestone,Pleistocene,discontinuous carbonate,unknown,unknown,"closed forest, evergreen needle leaf",unknown,30.0,no,no,32.4,stalagmite,unknown,,yes,yes,Vienna-PDB,unknown,,no,no,yes,no,no,no,no,no,,,,,no,,,,,no,,,,,no,,,,,no,,,,,no,,,no,,no,"Cheng, Hai",https://www.ncdc.noaa.gov/paleo/study/20449,136.8,,SISAL_SampleID: 289748,,,,,,,,,,,,,,,,,,,,,,,,,,,,,,,,,,,,,,,,,,,,136.8,calcite,not applicable,,,,,,,,,,,,,,-4.23,0.08,-7.89,0.04,185547.13256,,,StalAge,not applicable,not applicable,185243.9003,185931.0831795,184537.401551,184670.1584,185632.4276245,183754.1190133,184916.0,185580.15,184240.85,185041.05,185829.281142,184260.0597048,,,,185287.976,185994.9867268,184517.7126209,184739.7424,185538.298291,184131.9296203,,Calibrated radiocarbon years BP,per mille,per mille,per mille,per mille,,,,,,,,,,,,,,,,,,,,,,,,,,,,,,,,,m,m,,,degrees decimal,degrees decimal,meters a.s.l. ,,,,,,,,,1,10.1038/srep24374,"Kathayat, G., Cheng, H., Sinha, A., Spötl, C., Edwards, R. L., Zhang, H., Li, X., Yi, L., Ning, Y., Cai, Y., Lui, W. L. and Breitenbach, S. F. M.: Indian monsoon variability on millennial-orbital timescales, Sci. Rep., 6(1), 2016.",NOAA,"d13C, d18O, mineralogy_petrology_fabric",,,,,,,687.1828795,706.498749,962.2692245,916.0393867,664.15,675.15,788.231142,780.9902952,,,707.0107268,770.2633791,798.555891,607.8127797,SISAL_SiteID: 1; SISAL_EntityID: 5
1,Bittoo cave,30.7903,77.7764,3000.0,yes,,5,BT-2.4,current,,1-BT24,from top,limestone,Pleistocene,discontinuous carbonate,unknown,unknown,"closed forest, evergreen needle leaf",unknown,30.0,no,no,32.4,stalagmite,unknown,,yes,yes,Vienna-PDB,unknown,,no,no,yes,no,no,no,no,no,,,,,no,,,,,no,,,,,no,,,,,no,,,,,no,,,no,,no,"Cheng, Hai",https://www.ncdc.noaa.gov/paleo/study/20449,138.0,,SISAL_SampleID: 289749,,,,,,,,,,,,,,,,,,,,,,,,,,,,,,,,,,,,,,,,,,,,138.0,calcite,not applicable,,,,,,,,,,,,,,-4.14,0.08,-7.57,0.04,185557.4846,,,StalAge,not applicable,not applicable,185270.3413,185958.0587589,184574.9650553,184718.8507,185699.6878207,183783.0190981,184961.0,185626.1,184298.8,185089.6664,185888.25607,184293.432114,,,,185328.5905,186028.198715,184576.6459503,184781.4948,185580.5672892,184180.7694102,,Calibrated radiocarbon years BP,per mille,per mille,per mille,per mille,,,,,,,,,,,,,,,,,,,,,,,,,,,,,,,,,m,m,,,degrees decimal,degrees decimal,meters a.s.l. ,,,,,,,,,1,10.1038/srep24374,"Kathayat, G., Cheng, H., Sinha, A., Spötl, C., Edwards, R. L., Zhang, H., Li, X., Yi, L., Ning, Y., Cai, Y., Lui, W. L. and Breitenbach, S. F. M.: Indian monsoon variability on millennial-orbital timescales, Sci. Rep., 6(1), 2016.",NOAA,"d13C, d18O, mineralogy_petrology_fabric",,,,,,,687.7174589,695.3762447,980.8371207,935.8316019,665.1,662.2,798.58967,796.234286,,,699.608215,751.9445497,799.0724892,600.7253898,SISAL_SiteID: 1; SISAL_EntityID: 5
1,Bittoo cave,30.7903,77.7764,3000.0,yes,,5,BT-2.4,current,,1-BT24,from top,limestone,Pleistocene,discontinuous carbonate,unknown,unknown,"closed forest, evergreen needle leaf",unknown,30.0,no,no,32.4,stalagmite,unknown,,yes,yes,Vienna-PDB,unknown,,no,no,yes,no,no,no,no,no,,,,,no,,,,,no,,,,,no,,,,,no,,,,,no,,,no,,no,"Cheng, Hai",https://www.ncdc.noaa.gov/paleo/study/20449,139.2,,SISAL_SampleID: 289750,,,,,,,,,,,,,,,,,,,,,,,,,,,,,,,,,,,,,,,,,,,,139.2,calcite,not applicable,,,,,,,,,,,,,,-4.09,0.08,-7.63,0.04,185567.83664,,,StalAge,not applicable,not applicable,185302.2555,185972.1213363,184617.6886225,184767.6211,185763.0965634,183816.5210644,184996.0,185652.05,184341.8,185133.424,185956.672996,184324.459016,,,,185373.24,186052.8869227,184630.369813,184822.3741,185620.2462358,184217.1151264,,Calibrated radiocarbon years BP,per mille,per mille,per mille,per mille,,,,,,,,,,,,,,,,,,,,,,,,,,,,,,,,,m,m,,,degrees decimal,degrees decimal,meters a.s.l. ,,,,,,,,,1,10.1038/srep24374,"Kathayat, G., Cheng, H., Sinha, A., Spötl, C., Edwards, R. L., Zhang, H., Li, X., Yi, L., Ning, Y., Cai, Y., Lui, W. L. and Breitenbach, S. F. M.: Indian monsoon variability on millennial-orbital timescales, Sci. Rep., 6(1), 2016.",NOAA,"d13C, d18O, mineralogy_petrology_fabric",,,,,,,669.8658363,684.5668775,995.4754634,951.1000356,656.05,654.2,823.248996,808.964984,,,679.6469227,742.870187,797.8721358,605.2589736,SISAL_SiteID: 1; SISAL_EntityID: 5
1,Bittoo cave,30.7903,77.7764,3000.0,yes,,5,BT-2.4,current,,1-BT24,from top,limestone,Pleistocene,discontinuous carbonate,unknown,unknown,"closed forest, evergreen needle leaf",unknown,30.0,no,no,32.4,stalagmite,unknown,,yes,yes,Vienna-PDB,unknown,,no,no,yes,no,no,no,no,no,,,,,no,,,,,no,,,,,no,,,,,no,,,,,no,,,no,,no,"Cheng, Hai",https://www.ncdc.noaa.gov/paleo/study/20449,140.4,,SISAL_SampleID: 289751,,,,,,,,,,,,,,,,,,,,,,,,,,,,,,,,,,,,,,,,,,,,140.4,calcite,not applicable,,,,,,,,,,,,,,-4.54,0.08,-7.83,0.04,185578.18868,,,StalAge,not applicable,not applicable,185334.1188,185991.0072491,184660.2165932,184816.2725,185824.754428,183844.0736358,185034.5,185688.45,184380.55,185173.9205,186015.608374,184365.1139748,,,,185415.579,186098.279974,184684.4596838,184861.0377,185656.9227602,184251.7895447,,Calibrated radiocarbon years BP,per mille,per mille,per mille,per mille,,,,,,,,,,,,,,,,,,,,,,,,,,,,,,,,,m,m,,,degrees decimal,degrees decimal,meters a.s.l. ,,,,,,,,,1,10.1038/srep24374,"Kathayat, G., Cheng, H., Sinha, A., Spötl, C., Edwards, R. L., Zhang, H., Li, X., Yi, L., Ning, Y., Cai, Y., Lui, W. L. and Breitenbach, S. F. M.: Indian monsoon variability on millennial-orbital timescales, Sci. Rep., 6(1), 2016.",NOAA,"d13C, d18O, mineralogy_petrology_fabric",,,,,,,656.8884491,673.9022068,1008.481928,972.1988642,653.95,653.95,841.687874,808.8065252,,,682.700974,731.1193162,795.8850602,609.2481553,SISAL_SiteID: 1; SISAL_EntityID: 5
1,Bittoo cave,30.7903,77.7764,3000.0,yes,,5,BT-2.4,current,,1-BT24,from top,limestone,Pleistocene,discontinuous carbonate,unknown,unknown,"closed forest, evergreen needle leaf",unknown,30.0,no,no,32.4,stalagmite,unknown,,yes,yes,Vienna-PDB,unknown,,no,no,yes,no,no,no,no,no,,,,,no,,,,,no,,,,,no,,,,,no,,,,,no,,,no,,no,"Cheng, Hai",https://www.ncdc.noaa.gov/paleo/study/20449,141.6,,SISAL_SampleID: 289752,,,,,,,,,,,,,,,,,,,,,,,,,,,,,,,,,,,,,,,,,,,,141.6,calcite,not applicable,,,,,,,,,,,,,,-4.51,0.08,-7.64,0.04,185588.54072,,,StalAge,not applicable,not applicable,185367.1684,186021.174722,184695.4165005,184865.1842,185885.218862,183871.0106456,185070.0,185726.15,184431.7,185219.1243,186057.920892,184409.923236,,,,185448.4971,186126.8931148,184735.4808029,184900.6467,185695.7819106,184288.6231604,,Calibrated radiocarbon years BP,per mille,per mille,per mille,per mille,,,,,,,,,,,,,,,,,,,,,,,,,,,,,,,,,m,m,,,degrees decimal,degrees decimal,meters a.s.l. ,,,,,,,,,1,10.1038/srep24374,"Kathayat, G., Cheng, H., Sinha, A., Spötl, C., Edwards, R. L., Zhang, H., Li, X., Yi, L., Ning, Y., Cai, Y., Lui, W. L. and Breitenbach, S. F. M.: Indian monsoon variability on millennial-orbital timescales, Sci. Rep., 6(1), 2016.",NOAA,"d13C, d18O, mineralogy_petrology_fabric",,,,,,,654.006322,671.7518995,1020.034662,994.1735544,656.15,638.3,838.796592,809.201064,,,678.3960148,713.0162971,795.1352106,612.0235396,SISAL_SiteID: 1; SISAL_EntityID: 5
1,Bittoo cave,30.7903,77.7764,3000.0,yes,,5,BT-2.4,current,,1-BT24,from top,limestone,Pleistocene,discontinuous carbonate,unknown,unknown,"closed forest, evergreen needle leaf",unknown,30.0,no,no,32.4,stalagmite,unknown,,yes,yes,Vienna-PDB,unknown,,no,no,yes,no,no,no,no,no,,,,,no,,,,,no,,,,,no,,,,,no,,,,,no,,,no,,no,"Cheng, Hai",https://www.ncdc.noaa.gov/paleo/study/20449,142.8,,SISAL_SampleID: 289753,,,,,,,,,,,,,,,,,,,,,,,,,,,,,,,,,,,,,,,,,,,,142.8,calcite,not applicable,,,,,,,,,,,,,,-4.47,0.08,-8.1,0.04,185598.89276,,,StalAge,not applicable,not applicable,185407.2331,186046.763125,184736.176616,184913.6358,185951.630342,183901.443159,185110.0,185758.15,184465.95,185266.0745,186092.88583,184460.0269832,,,,185488.3053,186164.452761,184770.3260806,184944.5967,185742.3219141,184325.0120497,,Calibrated radiocarbon years BP,per mille,per mille,per mille,per mille,,,,,,,,,,,,,,,,,,,,,,,,,,,,,,,,,m,m,,,degrees decimal,degrees decimal,meters a.s.l. ,,,,,,,,,1,10.1038/srep24374,"Kathayat, G., Cheng, H., Sinha, A., Spötl, C., Edwards, R. L., Zhang, H., Li, X., Yi, L., Ning, Y., Cai, Y., Lui, W. L. and Breitenbach, S. F. M.: Indian monsoon variability on millennial-orbital timescales, Sci. Rep., 6(1), 2016.",NOAA,"d13C, d18O, mineralogy_petrology_fabric",,,,,,,639.530025,671.056484,1037.994542,1012.192641,648.15,644.05,826.81133,806.0475168,,,676.147461,717.9792194,797.7252141,619.5846503,SISAL_SiteID: 1; SISAL_EntityID: 5
1,Bittoo cave,30.7903,77.7764,3000.0,yes,,5,BT-2.4,current,,1-BT24,from top,limestone,Pleistocene,discontinuous carbonate,unknown,unknown,"closed forest, evergreen needle leaf",unknown,30.0,no,no,32.4,stalagmite,unknown,,yes,yes,Vienna-PDB,unknown,,no,no,yes,no,no,no,no,no,,,,,no,,,,,no,,,,,no,,,,,no,,,,,no,,,no,,no,"Cheng, Hai",https://www.ncdc.noaa.gov/paleo/study/20449,144.0,,SISAL_SampleID: 289754,,,,,,,,,,,,,,,,,,,,,,,,,,,,,,,,,,,,,,,,,,,,144.0,calcite,not applicable,,,,,,,,,,,,,,-4.39,0.08,-7.52,0.04,185609.2448,,,StalAge,not applicable,not applicable,185440.8436,186072.0984422,184770.3053516,184961.7991,186019.149187,183936.73007,185148.5,185810.05,184505.95,185308.6404,186141.21406,184495.62015,,,,185521.2916,186215.4291286,184815.2867498,184985.786,185789.6674498,184355.9712379,,Calibrated radiocarbon years BP,per mille,per mille,per mille,per mille,,,,,,,,,,,,,,,,,,,,,,,,,,,,,,,,,m,m,,,degrees decimal,degrees decimal,meters a.s.l. ,,,,,,,,,1,10.1038/srep24374,"Kathayat, G., Cheng, H., Sinha, A., Spötl, C., Edwards, R. L., Zhang, H., Li, X., Yi, L., Ning, Y., Cai, Y., Lui, W. L. and Breitenbach, S. F. M.: Indian monsoon variability on millennial-orbital timescales, Sci. Rep., 6(1), 2016.",NOAA,"d13C, d18O, mineralogy_petrology_fabric",,,,,,,631.2548422,670.5382484,1057.350087,1025.06903,661.55,642.55,832.57366,813.02025,,,694.1375286,706.0048502,803.8814498,629.8147621,SISAL_SiteID: 1; SISAL_EntityID: 5
1,Bittoo cave,30.7903,77.7764,3000.0,yes,,5,BT-2.4,current,,1-BT24,from top,limestone,Pleistocene,discontinuous carbonate,unknown,unknown,"closed forest, evergreen needle leaf",unknown,30.0,no,no,32.4,stalagmite,unknown,,yes,yes,Vienna-PDB,unknown,,no,no,yes,no,no,no,no,no,,,,,no,,,,,no,,,,,no,,,,,no,,,,,no,,,no,,no,"Cheng, Hai",https://www.ncdc.noaa.gov/paleo/study/20449,145.2,,SISAL_SampleID: 289755,,,,,,,,,,,,,,,,,,,,,,,,,,,,,,,,,,,,,,,,,,,,145.2,calcite,not applicable,,,,,,,,,,,,,,-4.48,0.08,-7.68,0.04,185619.59684,,,StalAge,not applicable,not applicable,185473.0202,186109.7678395,184821.690791,185011.5066,186090.949407,183961.754837,185187.5,185861.05,184548.55,185352.2931,186194.856872,184531.8870828,,,,185554.3212,186258.1509858,184845.9751981,185021.6025,185835.0707748,184381.4205886,,Calibrated radiocarbon years BP,per mille,per mille,per mille,per mille,,,,,,,,,,,,,,,,,,,,,,,,,,,,,,,,,m,m,,,degrees decimal,degrees decimal,meters a.s.l. ,,,,,,,,,1,10.1038/srep24374,"Kathayat, G., Cheng, H., Sinha, A., Spötl, C., Edwards, R. L., Zhang, H., Li, X., Yi, L., Ning, Y., Cai, Y., Lui, W. L. and Breitenbach, S. F. M.: Indian monsoon variability on millennial-orbital timescales, Sci. Rep., 6(1), 2016.",NOAA,"d13C, d18O, mineralogy_petrology_fabric",,,,,,,636.7476395,651.329409,1079.442807,1049.751763,673.55,638.95,842.563772,820.4060172,,,703.8297858,708.3460019,813.4682748,640.1819114,SISAL_SiteID: 1; SISAL_EntityID: 5
1,Bittoo cave,30.7903,77.7764,3000.0,yes,,5,BT-2.4,current,,1-BT24,from top,limestone,Pleistocene,discontinuous carbonate,unknown,unknown,"closed forest, evergreen needle leaf",unknown,30.0,no,no,32.4,stalagmite,unknown,,yes,yes,Vienna-PDB,unknown,,no,no,yes,no,no,no,no,no,,,,,no,,,,,no,,,,,no,,,,,no,,,,,no,,,no,,no,"Cheng, Hai",https://www.ncdc.noaa.gov/paleo/study/20449,146.4,,SISAL_SampleID: 289756,,,,,,,,,,,,,,,,,,,,,,,,,,,,,,,,,,,,,,,,,,,,146.4,calcite,not applicable,,,,,,,,,,,,,,-3.99,0.08,-7.09,0.04,185629.94888,,,StalAge,not applicable,not applicable,185503.3662,186137.1971922,184852.0769998,185059.0818,186156.55337,183993.132715,185228.5,185911.05,184565.4,185397.6657,186245.637504,184571.808446,,,,185582.255,186289.6392582,184863.3101052,185059.7964,185886.3388865,184409.1275176,,Calibrated radiocarbon years BP,per mille,per mille,per mille,per mille,,,,,,,,,,,,,,,,,,,,,,,,,,,,,,,,,m,m,,,degrees decimal,degrees decimal,meters a.s.l. ,,,,,,,,,1,10.1038/srep24374,"Kathayat, G., Cheng, H., Sinha, A., Spötl, C., Edwards, R. L., Zhang, H., Li, X., Yi, L., Ning, Y., Cai, Y., Lui, W. L. and Breitenbach, S. F. M.: Indian monsoon variability on millennial-orbital timescales, Sci. Rep., 6(1), 2016.",NOAA,"d13C, d18O, mineralogy_petrology_fabric",,,,,,,633.8309922,651.2892002,1097.47157,1065.949085,682.55,663.1,847.971804,825.857254,,,707.3842582,718.9448948,826.5424865,650.6688824,SISAL_SiteID: 1; SISAL_EntityID: 5
1,Bittoo cave,30.7903,77.7764,3000.0,yes,,5,BT-2.4,current,,1-BT24,from top,limestone,Pleistocene,discontinuous carbonate,unknown,unknown,"closed forest, evergreen needle leaf",unknown,30.0,no,no,32.4,stalagmite,unknown,,yes,yes,Vienna-PDB,unknown,,no,no,yes,no,no,no,no,no,,,,,no,,,,,no,,,,,no,,,,,no,,,,,no,,,no,,no,"Cheng, Hai",https://www.ncdc.noaa.gov/paleo/study/20449,147.6,,SISAL_SampleID: 289757,,,,,,,,,,,,,,,,,,,,,,,,,,,,,,,,,,,,,,,,,,,,147.6,calcite,not applicable,,,,,,,,,,,,,,-4.01,0.08,-7.47,0.04,185640.30092,,,StalAge,not applicable,not applicable,185536.9728,186172.5563524,184878.9605329,185104.1409,186227.536627,184026.030212,185279.0,185954.1,184590.6,185440.5815,186303.475354,184604.065874,,,,185605.6496,186331.9161783,184891.6509306,185100.6046,185944.0389363,184439.751025,,Calibrated radiocarbon years BP,per mille,per mille,per mille,per mille,,,,,,,,,,,,,,,,,,,,,,,,,,,,,,,,,m,m,,,degrees decimal,degrees decimal,meters a.s.l. ,,,,,,,,,1,10.1038/srep24374,"Kathayat, G., Cheng, H., Sinha, A., Spötl, C., Edwards, R. L., Zhang, H., Li, X., Yi, L., Ning, Y., Cai, Y., Lui, W. L. and Breitenbach, S. F. M.: Indian monsoon variability on millennial-orbital timescales, Sci. Rep., 6(1), 2016.",NOAA,"d13C, d18O, mineralogy_petrology_fabric",,,,,,,635.5835524,658.0122671,1123.395727,1078.110688,675.1,688.4,862.893854,836.515626,,,726.2665783,713.9986694,843.4343363,660.853575,SISAL_SiteID: 1; SISAL_EntityID: 5
1,Bittoo cave,30.7903,77.7764,3000.0,yes,,5,BT-2.4,current,,1-BT24,from top,limestone,Pleistocene,discontinuous carbonate,unknown,unknown,"closed forest, evergreen needle leaf",unknown,30.0,no,no,32.4,stalagmite,unknown,,yes,yes,Vienna-PDB,unknown,,no,no,yes,no,no,no,no,no,,,,,no,,,,,no,,,,,no,,,,,no,,,,,no,,,no,,no,"Cheng, Hai",https://www.ncdc.noaa.gov/paleo/study/20449,148.8,,SISAL_SampleID: 289758,,,,,,,,,,,,,,,,,,,,,,,,,,,,,,,,,,,,,,,,,,,,148.8,calcite,not applicable,,,,,,,,,,,,,,-5.62,0.08,-8.49,0.04,185650.65296,,,StalAge,not applicable,not applicable,185563.3519,186212.498128,184900.5937214,185153.0686,186297.978067,184051.481104,185317.0,185999.2,184617.55,185483.1091,186371.801592,184637.30178,,,,185630.8896,186363.8508602,184907.4633822,185140.0583,186003.7168189,184469.3539582,,Calibrated radiocarbon years BP,per mille,per mille,per mille,per mille,,,,,,,,,,,,,,,,,,,,,,,,,,,,,,,,,m,m,,,degrees decimal,degrees decimal,meters a.s.l. ,,,,,,,,,1,10.1038/srep24374,"Kathayat, G., Cheng, H., Sinha, A., Spötl, C., Edwards, R. L., Zhang, H., Li, X., Yi, L., Ning, Y., Cai, Y., Lui, W. L. and Breitenbach, S. F. M.: Indian monsoon variability on millennial-orbital timescales, Sci. Rep., 6(1), 2016.",NOAA,"d13C, d18O, mineralogy_petrology_fabric",,,,,,,649.146228,662.7581786,1144.909467,1101.587496,682.2,699.45,888.692492,845.80732,,,732.9612602,723.4262178,863.6585189,670.7043418,SISAL_SiteID: 1; SISAL_EntityID: 5
1,Bittoo cave,30.7903,77.7764,3000.0,yes,,5,BT-2.4,current,,1-BT24,from top,limestone,Pleistocene,discontinuous carbonate,unknown,unknown,"closed forest, evergreen needle leaf",unknown,30.0,no,no,32.4,stalagmite,unknown,,yes,yes,Vienna-PDB,unknown,,no,no,yes,no,no,no,no,no,,,,,no,,,,,no,,,,,no,,,,,no,,,,,no,,,no,,no,"Cheng, Hai",https://www.ncdc.noaa.gov/paleo/study/20449,150.0,,SISAL_SampleID: 289759,,,,,,,,,,,,,,,,,,,,,,,,,,,,,,,,,,,,,,,,,,,,150.0,calcite,not applicable,,,,,,,,,,,,,,-5.12,0.08,-8.09,0.04,185661.005,,,StalAge,not applicable,not applicable,185596.7118,186260.4396205,184914.5289459,185197.4831,186363.084319,184078.422098,185359.0,186045.1,184656.65,185524.4549,186439.48077,184667.86055,,,,185652.3992,186399.72944010005,184919.4144161,185179.1005,186061.9638231,184495.8188693,,Calibrated radiocarbon years BP,per mille,per mille,per mille,per mille,,,,,,,,,,,,,,,,,,,,,,,,,,,,,,,,,m,m,,,degrees decimal,degrees decimal,meters a.s.l. ,,,,,,,,,1,10.1038/srep24374,"Kathayat, G., Cheng, H., Sinha, A., Spötl, C., Edwards, R. L., Zhang, H., Li, X., Yi, L., Ning, Y., Cai, Y., Lui, W. L. and Breitenbach, S. F. M.: Indian monsoon variability on millennial-orbital timescales, Sci. Rep., 6(1), 2016.",NOAA,"d13C, d18O, mineralogy_petrology_fabric",,,,,,,663.7278205,682.1828541,1165.601219,1119.061002,686.1,702.35,915.02587,856.59435,,,747.3302401,732.9847839,882.8633231,683.2816307,SISAL_SiteID: 1; SISAL_EntityID: 5
1,Bittoo cave,30.7903,77.7764,3000.0,yes,,5,BT-2.4,current,,1-BT24,from top,limestone,Pleistocene,discontinuous carbonate,unknown,unknown,"closed forest, evergreen needle leaf",unknown,30.0,no,no,32.4,stalagmite,unknown,,yes,yes,Vienna-PDB,unknown,,no,no,yes,no,no,no,no,no,,,,,no,,,,,no,,,,,no,,,,,no,,,,,no,,,no,,no,"Cheng, Hai",https://www.ncdc.noaa.gov/paleo/study/20449,151.2,,SISAL_SampleID: 289760,,,,,,,,,,,,,,,,,,,,,,,,,,,,,,,,,,,,,,,,,,,,151.2,calcite,not applicable,,,,,,,,,,,,,,-4.12,0.08,-8.3,0.04,185671.35704,,,StalAge,not applicable,not applicable,185628.335,186304.321361,184937.9448436,185245.8112,186426.502438,184110.449814,185403.0,186108.0,184691.9,185567.5104,186482.6219928,184706.389646,,,,185675.7241,186430.2825283,184934.8548506,185218.4327,186117.8041101,184520.6755612,,Calibrated radiocarbon years BP,per mille,per mille,per mille,per mille,,,,,,,,,,,,,,,,,,,,,,,,,,,,,,,,,m,m,,,degrees decimal,degrees decimal,meters a.s.l. ,,,,,,,,,1,10.1038/srep24374,"Kathayat, G., Cheng, H., Sinha, A., Spötl, C., Edwards, R. L., Zhang, H., Li, X., Yi, L., Ning, Y., Cai, Y., Lui, W. L. and Breitenbach, S. F. M.: Indian monsoon variability on millennial-orbital timescales, Sci. Rep., 6(1), 2016.",NOAA,"d13C, d18O, mineralogy_petrology_fabric",,,,,,,675.986361,690.3901564,1180.691238,1135.361386,705.0,711.1,915.1115928,861.120754,,,754.5584283,740.8692494,899.3714101,697.7571388,SISAL_SiteID: 1; SISAL_EntityID: 5
1,Bittoo cave,30.7903,77.7764,3000.0,yes,,5,BT-2.4,current,,1-BT24,from top,limestone,Pleistocene,discontinuous carbonate,unknown,unknown,"closed forest, evergreen needle leaf",unknown,30.0,no,no,32.4,stalagmite,unknown,,yes,yes,Vienna-PDB,unknown,,no,no,yes,no,no,no,no,no,,,,,no,,,,,no,,,,,no,,,,,no,,,,,no,,,no,,no,"Cheng, Hai",https://www.ncdc.noaa.gov/paleo/study/20449,152.4,,SISAL_SampleID: 289761,,,,,,,,,,,,,,,,,,,,,,,,,,,,,,,,,,,,,,,,,,,,152.4,calcite,not applicable,,,,,,,,,,,,,,-4.39,0.08,-7.77,0.04,185681.70908,,,StalAge,not applicable,not applicable,185656.4398,186353.7654931,184956.765496,185296.1411,186492.640873,184139.826949,185445.0,186153.4,184723.0,185610.2439,186525.164762,184746.73068,,,,185690.6118,186452.58508080005,184950.6073381,185256.6616,186173.5419297,184549.8042895,,Calibrated radiocarbon years BP,per mille,per mille,per mille,per mille,,,,,,,,,,,,,,,,,,,,,,,,,,,,,,,,,m,m,,,degrees decimal,degrees decimal,meters a.s.l. ,,,,,,,,,1,10.1038/srep24374,"Kathayat, G., Cheng, H., Sinha, A., Spötl, C., Edwards, R. L., Zhang, H., Li, X., Yi, L., Ning, Y., Cai, Y., Lui, W. L. and Breitenbach, S. F. M.: Indian monsoon variability on millennial-orbital timescales, Sci. Rep., 6(1), 2016.",NOAA,"d13C, d18O, mineralogy_petrology_fabric",,,,,,,697.3256931,699.674304,1196.499773,1156.314151,708.4,722.0,914.920862,863.51322,,,761.9732808,740.0044619,916.8803297,706.8573105,SISAL_SiteID: 1; SISAL_EntityID: 5
1,Bittoo cave,30.7903,77.7764,3000.0,yes,,5,BT-2.4,current,,1-BT24,from top,limestone,Pleistocene,discontinuous carbonate,unknown,unknown,"closed forest, evergreen needle leaf",unknown,30.0,no,no,32.4,stalagmite,unknown,,yes,yes,Vienna-PDB,unknown,,no,no,yes,no,no,no,no,no,,,,,no,,,,,no,,,,,no,,,,,no,,,,,no,,,no,,no,"Cheng, Hai",https://www.ncdc.noaa.gov/paleo/study/20449,153.6,,SISAL_SampleID: 289762,,,,,,,,,,,,,,,,,,,,,,,,,,,,,,,,,,,,,,,,,,,,153.6,calcite,not applicable,,,,,,,,,,,,,,-4.29,0.08,-7.95,0.04,185692.06112,,,StalAge,not applicable,not applicable,185686.7394,186396.4471372,184975.0902342,185344.5819,186560.266921,184166.1502,185485.0,186199.4,184763.95,185652.1911,186572.621948,184781.023906,,,,185706.2516,186477.2539396,184960.2986977,185294.8335,186230.9989105,184582.6941202,,Calibrated radiocarbon years BP,per mille,per mille,per mille,per mille,,,,,,,,,,,,,,,,,,,,,,,,,,,,,,,,,m,m,,,degrees decimal,degrees decimal,meters a.s.l. ,,,,,,,,,1,10.1038/srep24374,"Kathayat, G., Cheng, H., Sinha, A., Spötl, C., Edwards, R. L., Zhang, H., Li, X., Yi, L., Ning, Y., Cai, Y., Lui, W. L. and Breitenbach, S. F. M.: Indian monsoon variability on millennial-orbital timescales, Sci. Rep., 6(1), 2016.",NOAA,"d13C, d18O, mineralogy_petrology_fabric",,,,,,,709.7077372,711.6491658,1215.685021,1178.4317,714.4,721.05,920.430848,871.167194,,,771.0023396,745.9529023,936.1654105,712.1393798,SISAL_SiteID: 1; SISAL_EntityID: 5
1,Bittoo cave,30.7903,77.7764,3000.0,yes,,5,BT-2.4,current,,1-BT24,from top,limestone,Pleistocene,discontinuous carbonate,unknown,unknown,"closed forest, evergreen needle leaf",unknown,30.0,no,no,32.4,stalagmite,unknown,,yes,yes,Vienna-PDB,unknown,,no,no,yes,no,no,no,no,no,,,,,no,,,,,no,,,,,no,,,,,no,,,,,no,,,no,,no,"Cheng, Hai",https://www.ncdc.noaa.gov/paleo/study/20449,154.8,,SISAL_SampleID: 289763,MC-ICP-MS U/Th,,BT2(4)-16,calcite,,,185799.0,1348.0,1348.0,,,yes,415.4,0.5,583.0,12.0,,,2023.711563,42.50931216,0.930888874,0.002,1.11281525,0.00174152,0.814430125,0.407215062,Cheng et al. 2013,185702.0,187050.0,184354.0,yes,yes,yes,yes,,yes,yes,,,,,,,154.8,calcite,not applicable,,,,,,,,,,,,,,-4.1,0.08,-7.85,0.04,185702.41316,,,StalAge,not applicable,not applicable,185716.0196,186454.87357,184995.6722968,185392.2803,186628.541824,184193.870104,185526.5,186252.15,184808.45,185693.0174,186618.550416,184817.805144,,,,185720.8236,186500.6296085,184972.5936854,185334.6109,186290.021943,184615.3248149,,Calibrated radiocarbon years BP,per mille,per mille,per mille,per mille,,,,,,,,,,,,,,,,,,,ppb,ppb (2-sigma uncertainty),ppt,ppt (2-sigma uncertainty),,,activity ratio,2 Standard Deviations,activity ratio,2 Standard Deviations,activity ratio,2 Standard Deviations,activity ratio,2 Standard Deviations,m,m,,,degrees decimal,degrees decimal,meters a.s.l. ,,,year,year,year,year,year,year,1,10.1038/srep24374,"Kathayat, G., Cheng, H., Sinha, A., Spötl, C., Edwards, R. L., Zhang, H., Li, X., Yi, L., Ning, Y., Cai, Y., Lui, W. L. and Breitenbach, S. F. M.: Indian monsoon variability on millennial-orbital timescales, Sci. Rep., 6(1), 2016.",NOAA,"d13C, d18O, mineralogy_petrology_fabric",1348.0,1348.0,,,,,738.85397,720.3473032,1236.261524,1198.410196,725.65,718.05,925.533016,875.212256,,,779.8060085,748.2299146,955.411043,719.2860851,SISAL_SiteID: 1; SISAL_EntityID: 5
1,Bittoo cave,30.7903,77.7764,3000.0,yes,,5,BT-2.4,current,,1-BT24,from top,limestone,Pleistocene,discontinuous carbonate,unknown,unknown,"closed forest, evergreen needle leaf",unknown,30.0,no,no,32.4,stalagmite,unknown,,yes,yes,Vienna-PDB,unknown,,no,no,yes,no,no,no,no,no,,,,,no,,,,,no,,,,,no,,,,,no,,,,,no,,,no,,no,"Cheng, Hai",https://www.ncdc.noaa.gov/paleo/study/20449,156.0,,SISAL_SampleID: 289764,,,,,,,,,,,,,,,,,,,,,,,,,,,,,,,,,,,,,,,,,,,,156.0,calcite,not applicable,,,,,,,,,,,,,,-4.52,0.08,-8.22,0.04,185703.7796,,,StalAge,not applicable,not applicable,185728.1871,186465.127869,185015.6581983,185439.4635,186696.81672300005,184221.84629900003,185583.5,186297.2,184840.0,185730.8225,186674.74812,184848.11183,,,,185738.7107,186515.2493255,184993.1346774,185373.3753,186344.6530978,184647.16085910003,,Calibrated radiocarbon years BP,per mille,per mille,per mille,per mille,,,,,,,,,,,,,,,,,,,,,,,,,,,,,,,,,m,m,,,degrees decimal,degrees decimal,meters a.s.l. ,,,,,,,,,1,10.1038/srep24374,"Kathayat, G., Cheng, H., Sinha, A., Spötl, C., Edwards, R. L., Zhang, H., Li, X., Yi, L., Ning, Y., Cai, Y., Lui, W. L. and Breitenbach, S. F. M.: Indian monsoon variability on millennial-orbital timescales, Sci. Rep., 6(1), 2016.",NOAA,"d13C, d18O, mineralogy_petrology_fabric",,,,,,,736.940769,712.5289017,1257.353223,1217.617201,713.7,743.5,943.92562,882.71067,,,776.5386255,745.5760226,971.2777978,726.2144409,SISAL_SiteID: 1; SISAL_EntityID: 5
1,Bittoo cave,30.7903,77.7764,3000.0,yes,,5,BT-2.4,current,,1-BT24,from top,limestone,Pleistocene,discontinuous carbonate,unknown,unknown,"closed forest, evergreen needle leaf",unknown,30.0,no,no,32.4,stalagmite,unknown,,yes,yes,Vienna-PDB,unknown,,no,no,yes,no,no,no,no,no,,,,,no,,,,,no,,,,,no,,,,,no,,,,,no,,,no,,no,"Cheng, Hai",https://www.ncdc.noaa.gov/paleo/study/20449,157.2,,SISAL_SampleID: 289765,,,,,,,,,,,,,,,,,,,,,,,,,,,,,,,,,,,,,,,,,,,,157.2,calcite,not applicable,,,,,,,,,,,,,,-4.81,0.08,-8.49,0.04,185705.36252,,,StalAge,not applicable,not applicable,185744.3623,186470.1639376,185037.0437491,185487.8209,186765.091533,184254.325456,185611.5,186326.05,184879.8,185772.2251,186733.298652,184876.481918,,,,185753.3945,186532.3787716,185009.9035387,185409.7714,186394.4319347,184679.0402443,,Calibrated radiocarbon years BP,per mille,per mille,per mille,per mille,,,,,,,,,,,,,,,,,,,,,,,,,,,,,,,,,m,m,,,degrees decimal,degrees decimal,meters a.s.l. ,,,,,,,,,1,10.1038/srep24374,"Kathayat, G., Cheng, H., Sinha, A., Spötl, C., Edwards, R. L., Zhang, H., Li, X., Yi, L., Ning, Y., Cai, Y., Lui, W. L. and Breitenbach, S. F. M.: Indian monsoon variability on millennial-orbital timescales, Sci. Rep., 6(1), 2016.",NOAA,"d13C, d18O, mineralogy_petrology_fabric",,,,,,,725.8016376,707.3185509,1277.270633,1233.495444,714.55,731.7,961.073552,895.743182,,,778.9842716,743.4909613,984.6605347,730.7311557,SISAL_SiteID: 1; SISAL_EntityID: 5
1,Bittoo cave,30.7903,77.7764,3000.0,yes,,5,BT-2.4,current,,1-BT24,from top,limestone,Pleistocene,discontinuous carbonate,unknown,unknown,"closed forest, evergreen needle leaf",unknown,30.0,no,no,32.4,stalagmite,unknown,,yes,yes,Vienna-PDB,unknown,,no,no,yes,no,no,no,no,no,,,,,no,,,,,no,,,,,no,,,,,no,,,,,no,,,no,,no,"Cheng, Hai",https://www.ncdc.noaa.gov/paleo/study/20449,158.4,,SISAL_SampleID: 289766,,,,,,,,,,,,,,,,,,,,,,,,,,,,,,,,,,,,,,,,,,,,158.4,calcite,not applicable,,,,,,,,,,,,,,-4.71,0.08,-8.45,0.04,185706.94544,,,StalAge,not applicable,not applicable,185757.4682,186477.6467432,185056.0010609,185539.2058,186833.366431,184281.347647,185639.0,186355.35,184899.0,185811.8791,186797.689244,184907.4237176,,,,185768.9028,186543.5772548,185017.9607088,185445.8571,186448.277095,184712.0866817,,Calibrated radiocarbon years BP,per mille,per mille,per mille,per mille,,,,,,,,,,,,,,,,,,,,,,,,,,,,,,,,,m,m,,,degrees decimal,degrees decimal,meters a.s.l. ,,,,,,,,,1,10.1038/srep24374,"Kathayat, G., Cheng, H., Sinha, A., Spötl, C., Edwards, R. L., Zhang, H., Li, X., Yi, L., Ning, Y., Cai, Y., Lui, W. L. and Breitenbach, S. F. M.: Indian monsoon variability on millennial-orbital timescales, Sci. Rep., 6(1), 2016.",NOAA,"d13C, d18O, mineralogy_petrology_fabric",,,,,,,720.1785432,701.4671391,1294.160631,1257.858153,716.35,740.0,985.810144,904.4553824,,,774.6744548,750.9420912,1002.419995,733.7704183,SISAL_SiteID: 1; SISAL_EntityID: 5
1,Bittoo cave,30.7903,77.7764,3000.0,yes,,5,BT-2.4,current,,1-BT24,from top,limestone,Pleistocene,discontinuous carbonate,unknown,unknown,"closed forest, evergreen needle leaf",unknown,30.0,no,no,32.4,stalagmite,unknown,,yes,yes,Vienna-PDB,unknown,,no,no,yes,no,no,no,no,no,,,,,no,,,,,no,,,,,no,,,,,no,,,,,no,,,no,,no,"Cheng, Hai",https://www.ncdc.noaa.gov/paleo/study/20449,159.6,,SISAL_SampleID: 289767,,,,,,,,,,,,,,,,,,,,,,,,,,,,,,,,,,,,,,,,,,,,159.6,calcite,not applicable,,,,,,,,,,,,,,-5.04,0.08,-8.52,0.04,185708.52836,,,StalAge,not applicable,not applicable,185774.5698,186492.5417669,185071.0704636,185583.8523,186901.957101,184312.18644,185664.0,186385.05,184924.9,185851.0595,186865.741648,184933.850026,,,,185782.534,186555.5160165,185027.3523874,185481.3414,186499.385382,184742.0619719,,Calibrated radiocarbon years BP,per mille,per mille,per mille,per mille,,,,,,,,,,,,,,,,,,,,,,,,,,,,,,,,,m,m,,,degrees decimal,degrees decimal,meters a.s.l. ,,,,,,,,,1,10.1038/srep24374,"Kathayat, G., Cheng, H., Sinha, A., Spötl, C., Edwards, R. L., Zhang, H., Li, X., Yi, L., Ning, Y., Cai, Y., Lui, W. L. and Breitenbach, S. F. M.: Indian monsoon variability on millennial-orbital timescales, Sci. Rep., 6(1), 2016.",NOAA,"d13C, d18O, mineralogy_petrology_fabric",,,,,,,717.9719669,703.4993364,1318.104801,1271.66586,721.05,739.1,1014.682148,917.209474,,,772.9820165,755.1816126,1018.043982,739.2794281,SISAL_SiteID: 1; SISAL_EntityID: 5
1,Bittoo cave,30.7903,77.7764,3000.0,yes,,5,BT-2.4,current,,1-BT24,from top,limestone,Pleistocene,discontinuous carbonate,unknown,unknown,"closed forest, evergreen needle leaf",unknown,30.0,no,no,32.4,stalagmite,unknown,,yes,yes,Vienna-PDB,unknown,,no,no,yes,no,no,no,no,no,,,,,no,,,,,no,,,,,no,,,,,no,,,,,no,,,no,,no,"Cheng, Hai",https://www.ncdc.noaa.gov/paleo/study/20449,160.8,,SISAL_SampleID: 289768,,,,,,,,,,,,,,,,,,,,,,,,,,,,,,,,,,,,,,,,,,,,160.8,calcite,not applicable,,,,,,,,,,,,,,-4.94,0.08,-8.49,0.04,185710.11128,,,StalAge,not applicable,not applicable,185789.6477,186502.1205883,185085.700551,185629.7669,186969.916157,184336.429892,185683.0,186411.25,184947.95,185893.6489,186916.703892,184971.621724,,,,185795.2271,186563.5460248,185046.6969317,185514.2946,186526.605702,184764.0938628,,Calibrated radiocarbon years BP,per mille,per mille,per mille,per mille,,,,,,,,,,,,,,,,,,,,,,,,,,,,,,,,,m,m,,,degrees decimal,degrees decimal,meters a.s.l. ,,,,,,,,,1,10.1038/srep24374,"Kathayat, G., Cheng, H., Sinha, A., Spötl, C., Edwards, R. L., Zhang, H., Li, X., Yi, L., Ning, Y., Cai, Y., Lui, W. L. and Breitenbach, S. F. M.: Indian monsoon variability on millennial-orbital timescales, Sci. Rep., 6(1), 2016.",NOAA,"d13C, d18O, mineralogy_petrology_fabric",,,,,,,712.4728883,703.947149,1340.149257,1293.337008,728.25,735.05,1023.054992,922.027176,,,768.3189248,748.5301683,1012.311102,750.2007372,SISAL_SiteID: 1; SISAL_EntityID: 5
1,Bittoo cave,30.7903,77.7764,3000.0,yes,,5,BT-2.4,current,,1-BT24,from top,limestone,Pleistocene,discontinuous carbonate,unknown,unknown,"closed forest, evergreen needle leaf",unknown,30.0,no,no,32.4,stalagmite,unknown,,yes,yes,Vienna-PDB,unknown,,no,no,yes,no,no,no,no,no,,,,,no,,,,,no,,,,,no,,,,,no,,,,,no,,,no,,no,"Cheng, Hai",https://www.ncdc.noaa.gov/paleo/study/20449,162.0,,SISAL_SampleID: 289769,,,,,,,,,,,,,,,,,,,,,,,,,,,,,,,,,,,,,,,,,,,,162.0,calcite,not applicable,,,,,,,,,,,,,,-4.93,0.08,-8.34,0.04,185711.6942,,,StalAge,not applicable,not applicable,185799.8085,186514.4159307,185109.5995678,185672.1854,187033.546389,184363.691635,185705.5,186426.1,184970.9,185938.7901,186964.9355,185013.55961000003,,,,185808.4376,186578.2203735,185056.5454763,185543.0915,186542.1944028,184784.6382122,,Calibrated radiocarbon years BP,per mille,per mille,per mille,per mille,,,,,,,,,,,,,,,,,,,,,,,,,,,,,,,,,m,m,,,degrees decimal,degrees decimal,meters a.s.l. ,,,,,,,,,1,10.1038/srep24374,"Kathayat, G., Cheng, H., Sinha, A., Spötl, C., Edwards, R. L., Zhang, H., Li, X., Yi, L., Ning, Y., Cai, Y., Lui, W. L. and Breitenbach, S. F. M.: Indian monsoon variability on millennial-orbital timescales, Sci. Rep., 6(1), 2016.",NOAA,"d13C, d18O, mineralogy_petrology_fabric",,,,,,,714.6074307,690.2089322,1361.360989,1308.493765,720.6,734.6,1026.1454,925.23049,,,769.7827735,751.8921237,999.1029028,758.4532878,SISAL_SiteID: 1; SISAL_EntityID: 5
1,Bittoo cave,30.7903,77.7764,3000.0,yes,,5,BT-2.4,current,,1-BT24,from top,limestone,Pleistocene,discontinuous carbonate,unknown,unknown,"closed forest, evergreen needle leaf",unknown,30.0,no,no,32.4,stalagmite,unknown,,yes,yes,Vienna-PDB,unknown,,no,no,yes,no,no,no,no,no,,,,,no,,,,,no,,,,,no,,,,,no,,,,,no,,,no,,no,"Cheng, Hai",https://www.ncdc.noaa.gov/paleo/study/20449,163.2,,SISAL_SampleID: 289770,,,,,,,,,,,,,,,,,,,,,,,,,,,,,,,,,,,,,,,,,,,,163.2,calcite,not applicable,,,,,,,,,,,,,,-4.05,0.08,-8.18,0.04,185713.27712,,,StalAge,not applicable,not applicable,185817.7987,186528.9481134,185130.8137826,185721.5516,187097.085881,184394.997594,185727.0,186444.75,184992.65,185984.4103,187007.549188,185056.6676408,,,,185820.231,186596.9781502,185073.6149863,185567.2355,186555.9832621,184808.1108203,,Calibrated radiocarbon years BP,per mille,per mille,per mille,per mille,,,,,,,,,,,,,,,,,,,,,,,,,,,,,,,,,m,m,,,degrees decimal,degrees decimal,meters a.s.l. ,,,,,,,,,1,10.1038/srep24374,"Kathayat, G., Cheng, H., Sinha, A., Spötl, C., Edwards, R. L., Zhang, H., Li, X., Yi, L., Ning, Y., Cai, Y., Lui, W. L. and Breitenbach, S. F. M.: Indian monsoon variability on millennial-orbital timescales, Sci. Rep., 6(1), 2016.",NOAA,"d13C, d18O, mineralogy_petrology_fabric",,,,,,,711.1494134,686.9849174,1375.534281,1326.554006,717.75,734.35,1023.138888,927.7426592,,,776.7471502,746.6160137,988.7477621,759.1246797,SISAL_SiteID: 1; SISAL_EntityID: 5
1,Bittoo cave,30.7903,77.7764,3000.0,yes,,5,BT-2.4,current,,1-BT24,from top,limestone,Pleistocene,discontinuous carbonate,unknown,unknown,"closed forest, evergreen needle leaf",unknown,30.0,no,no,32.4,stalagmite,unknown,,yes,yes,Vienna-PDB,unknown,,no,no,yes,no,no,no,no,no,,,,,no,,,,,no,,,,,no,,,,,no,,,,,no,,,no,,no,"Cheng, Hai",https://www.ncdc.noaa.gov/paleo/study/20449,164.4,,SISAL_SampleID: 289771,,,,,,,,,,,,,,,,,,,,,,,,,,,,,,,,,,,,,,,,,,,,164.4,calcite,not applicable,,,,,,,,,,,,,,-5.29,0.08,-8.54,0.04,185714.86004,,,StalAge,not applicable,not applicable,185833.187,186544.3203192,185159.1781639,185769.4111,187167.004199,184426.888029,185741.0,186478.15,185009.95,186026.513,187056.80115,185091.3876708,,,,185831.1219,186606.6499424,185087.8643252,185587.6747,186559.2209661,184831.4235735,,Calibrated radiocarbon years BP,per mille,per mille,per mille,per mille,,,,,,,,,,,,,,,,,,,,,,,,,,,,,,,,,m,m,,,degrees decimal,degrees decimal,meters a.s.l. ,,,,,,,,,1,10.1038/srep24374,"Kathayat, G., Cheng, H., Sinha, A., Spötl, C., Edwards, R. L., Zhang, H., Li, X., Yi, L., Ning, Y., Cai, Y., Lui, W. L. and Breitenbach, S. F. M.: Indian monsoon variability on millennial-orbital timescales, Sci. Rep., 6(1), 2016.",NOAA,"d13C, d18O, mineralogy_petrology_fabric",,,,,,,711.1333192,674.0088361,1397.593099,1342.523071,737.15,731.05,1030.28815,935.1253292,,,775.5280424,743.2575748,971.5462661,756.2511265,SISAL_SiteID: 1; SISAL_EntityID: 5
1,Bittoo cave,30.7903,77.7764,3000.0,yes,,5,BT-2.4,current,,1-BT24,from top,limestone,Pleistocene,discontinuous carbonate,unknown,unknown,"closed forest, evergreen needle leaf",unknown,30.0,no,no,32.4,stalagmite,unknown,,yes,yes,Vienna-PDB,unknown,,no,no,yes,no,no,no,no,no,,,,,no,,,,,no,,,,,no,,,,,no,,,,,no,,,no,,no,"Cheng, Hai",https://www.ncdc.noaa.gov/paleo/study/20449,165.6,,SISAL_SampleID: 289772,,,,,,,,,,,,,,,,,,,,,,,,,,,,,,,,,,,,,,,,,,,,165.6,calcite,not applicable,,,,,,,,,,,,,,-4.96,0.08,-8.52,0.04,185716.44296,,,StalAge,not applicable,not applicable,185850.1844,186555.455829,185166.5619964,185817.2618,187236.164564,184456.719421,185758.0,186493.75,185033.85,186066.8272,187120.45987,185126.22095,,,,185837.2981,186621.4316005,185095.3462678,185603.3808,186559.2210236,184852.024381,,Calibrated radiocarbon years BP,per mille,per mille,per mille,per mille,,,,,,,,,,,,,,,,,,,,,,,,,,,,,,,,,m,m,,,degrees decimal,degrees decimal,meters a.s.l. ,,,,,,,,,1,10.1038/srep24374,"Kathayat, G., Cheng, H., Sinha, A., Spötl, C., Edwards, R. L., Zhang, H., Li, X., Yi, L., Ning, Y., Cai, Y., Lui, W. L. and Breitenbach, S. F. M.: Indian monsoon variability on millennial-orbital timescales, Sci. Rep., 6(1), 2016.",NOAA,"d13C, d18O, mineralogy_petrology_fabric",,,,,,,705.271429,683.6224036,1418.902764,1360.542379,735.75,724.15,1053.63267,940.60625,,,784.1335005,741.9518322,955.8402236,751.356419,SISAL_SiteID: 1; SISAL_EntityID: 5
1,Bittoo cave,30.7903,77.7764,3000.0,yes,,5,BT-2.4,current,,1-BT24,from top,limestone,Pleistocene,discontinuous carbonate,unknown,unknown,"closed forest, evergreen needle leaf",unknown,30.0,no,no,32.4,stalagmite,unknown,,yes,yes,Vienna-PDB,unknown,,no,no,yes,no,no,no,no,no,,,,,no,,,,,no,,,,,no,,,,,no,,,,,no,,,no,,no,"Cheng, Hai",https://www.ncdc.noaa.gov/paleo/study/20449,166.8,,SISAL_SampleID: 289773,,,,,,,,,,,,,,,,,,,,,,,,,,,,,,,,,,,,,,,,,,,,166.8,calcite,not applicable,,,,,,,,,,,,,,-5.14,0.08,-8.63,0.04,185718.02588,,,StalAge,not applicable,not applicable,185862.1605,186569.547323,185186.9622277,185862.5372,187301.873023,184490.668922,185778.5,186524.0,185052.6,186107.3896,187182.87073,185160.153752,,,,185847.9959,186633.7112374,185104.6469837,185613.5192,186559.2210353,184869.4036562,,Calibrated radiocarbon years BP,per mille,per mille,per mille,per mille,,,,,,,,,,,,,,,,,,,,,,,,,,,,,,,,,m,m,,,degrees decimal,degrees decimal,meters a.s.l. ,,,,,,,,,1,10.1038/srep24374,"Kathayat, G., Cheng, H., Sinha, A., Spötl, C., Edwards, R. L., Zhang, H., Li, X., Yi, L., Ning, Y., Cai, Y., Lui, W. L. and Breitenbach, S. F. M.: Indian monsoon variability on millennial-orbital timescales, Sci. Rep., 6(1), 2016.",NOAA,"d13C, d18O, mineralogy_petrology_fabric",,,,,,,707.386823,675.1982723,1439.335823,1371.868278,745.5,725.9,1075.48113,947.235848,,,785.7153374,743.3489163,945.7018353,744.1155438,SISAL_SiteID: 1; SISAL_EntityID: 5
1,Bittoo cave,30.7903,77.7764,3000.0,yes,,5,BT-2.4,current,,1-BT24,from top,limestone,Pleistocene,discontinuous carbonate,unknown,unknown,"closed forest, evergreen needle leaf",unknown,30.0,no,no,32.4,stalagmite,unknown,,yes,yes,Vienna-PDB,unknown,,no,no,yes,no,no,no,no,no,,,,,no,,,,,no,,,,,no,,,,,no,,,,,no,,,no,,no,"Cheng, Hai",https://www.ncdc.noaa.gov/paleo/study/20449,168.0,,SISAL_SampleID: 289774,,,,,,,,,,,,,,,,,,,,,,,,,,,,,,,,,,,,,,,,,,,,168.0,calcite,not applicable,,,,,,,,,,,,,,-4.85,0.08,-8.56,0.04,185719.6088,,,StalAge,not applicable,not applicable,185874.9547,186586.8370621,185201.4147458,185910.9998,187373.404474,184522.559368,185794.0,186544.55,185070.7,186148.2651,187251.15758,185190.58467,,,,185858.6088,186648.4232335,185114.4653248,185623.4478,186559.2210272,184888.0919994,,Calibrated radiocarbon years BP,per mille,per mille,per mille,per mille,,,,,,,,,,,,,,,,,,,,,,,,,,,,,,,,,m,m,,,degrees decimal,degrees decimal,meters a.s.l. ,,,,,,,,,1,10.1038/srep24374,"Kathayat, G., Cheng, H., Sinha, A., Spötl, C., Edwards, R. L., Zhang, H., Li, X., Yi, L., Ning, Y., Cai, Y., Lui, W. L. and Breitenbach, S. F. M.: Indian monsoon variability on millennial-orbital timescales, Sci. Rep., 6(1), 2016.",NOAA,"d13C, d18O, mineralogy_petrology_fabric",,,,,,,711.8823621,673.5399542,1462.404674,1388.440432,750.55,723.3,1102.89248,957.68043,,,789.8144335,744.1434752,935.7732272,735.3558006,SISAL_SiteID: 1; SISAL_EntityID: 5
1,Bittoo cave,30.7903,77.7764,3000.0,yes,,5,BT-2.4,current,,1-BT24,from top,limestone,Pleistocene,discontinuous carbonate,unknown,unknown,"closed forest, evergreen needle leaf",unknown,30.0,no,no,32.4,stalagmite,unknown,,yes,yes,Vienna-PDB,unknown,,no,no,yes,no,no,no,no,no,,,,,no,,,,,no,,,,,no,,,,,no,,,,,no,,,no,,no,"Cheng, Hai",https://www.ncdc.noaa.gov/paleo/study/20449,169.2,,SISAL_SampleID: 289775,,,,,,,,,,,,,,,,,,,,,,,,,,,,,,,,,,,,,,,,,,,,169.2,calcite,not applicable,,,,,,,,,,,,,,-4.99,0.08,-8.68,0.04,185721.19172,,,StalAge,not applicable,not applicable,185889.1781,186594.7018986,185216.3361512,185959.8703,187436.350135,184553.946739,185812.0,186559.6,185086.25,186187.19,187307.13801,185224.692876,,,,185870.4306,186655.8276386,185128.4181001,185638.6922,186559.2210013,184909.5177126,,Calibrated radiocarbon years BP,per mille,per mille,per mille,per mille,,,,,,,,,,,,,,,,,,,,,,,,,,,,,,,,,m,m,,,degrees decimal,degrees decimal,meters a.s.l. ,,,,,,,,,1,10.1038/srep24374,"Kathayat, G., Cheng, H., Sinha, A., Spötl, C., Edwards, R. L., Zhang, H., Li, X., Yi, L., Ning, Y., Cai, Y., Lui, W. L. and Breitenbach, S. F. M.: Indian monsoon variability on millennial-orbital timescales, Sci. Rep., 6(1), 2016.",NOAA,"d13C, d18O, mineralogy_petrology_fabric",,,,,,,705.5237986,672.8419488,1476.479835,1405.923561,747.6,725.75,1119.94801,962.497124,,,785.3970386,742.0124999,920.5288013,729.1744874,SISAL_SiteID: 1; SISAL_EntityID: 5
1,Bittoo cave,30.7903,77.7764,3000.0,yes,,5,BT-2.4,current,,1-BT24,from top,limestone,Pleistocene,discontinuous carbonate,unknown,unknown,"closed forest, evergreen needle leaf",unknown,30.0,no,no,32.4,stalagmite,unknown,,yes,yes,Vienna-PDB,unknown,,no,no,yes,no,no,no,no,no,,,,,no,,,,,no,,,,,no,,,,,no,,,,,no,,,no,,no,"Cheng, Hai",https://www.ncdc.noaa.gov/paleo/study/20449,170.4,,SISAL_SampleID: 289776,,,,,,,,,,,,,,,,,,,,,,,,,,,,,,,,,,,,,,,,,,,,170.4,calcite,not applicable,,,,,,,,,,,,,,-4.59,0.08,-8.33,0.04,185722.77464,,,StalAge,not applicable,not applicable,185898.9064,186606.3515492,185234.0944789,186004.5855,187503.548992,184582.449772,185835.0,186578.55,185098.55,186227.3585,187363.196852,185262.351988,,,,185883.2721,186665.4327769,185139.2163325,185662.2629,186559.2209952,184928.8102636,,Calibrated radiocarbon years BP,per mille,per mille,per mille,per mille,,,,,,,,,,,,,,,,,,,,,,,,,,,,,,,,,m,m,,,degrees decimal,degrees decimal,meters a.s.l. ,,,,,,,,,1,10.1038/srep24374,"Kathayat, G., Cheng, H., Sinha, A., Spötl, C., Edwards, R. L., Zhang, H., Li, X., Yi, L., Ning, Y., Cai, Y., Lui, W. L. and Breitenbach, S. F. M.: Indian monsoon variability on millennial-orbital timescales, Sci. Rep., 6(1), 2016.",NOAA,"d13C, d18O, mineralogy_petrology_fabric",,,,,,,707.4451492,664.8119211,1498.963492,1422.135728,743.55,736.45,1135.838352,965.006512,,,782.1606769,744.0557675,896.9580952,733.4526364,SISAL_SiteID: 1; SISAL_EntityID: 5
1,Bittoo cave,30.7903,77.7764,3000.0,yes,,5,BT-2.4,current,,1-BT24,from top,limestone,Pleistocene,discontinuous carbonate,unknown,unknown,"closed forest, evergreen needle leaf",unknown,30.0,no,no,32.4,stalagmite,unknown,,yes,yes,Vienna-PDB,unknown,,no,no,yes,no,no,no,no,no,,,,,no,,,,,no,,,,,no,,,,,no,,,,,no,,,no,,no,"Cheng, Hai",https://www.ncdc.noaa.gov/paleo/study/20449,171.6,,SISAL_SampleID: 289777,,,,,,,,,,,,,,,,,,,,,,,,,,,,,,,,,,,,,,,,,,,,171.6,calcite,not applicable,,,,,,,,,,,,,,-4.36,0.08,-8.38,0.04,185724.35756,,,StalAge,not applicable,not applicable,185916.3705,186614.6262982,185243.9987181,186054.4669,187571.031286,184611.616692,185854.0,186592.3,185111.85,186269.7611,187414.84672,185306.9942892,,,,185891.9056,186678.2751784,185152.7371516,185692.8256,186559.2210493,184946.16480730005,,Calibrated radiocarbon years BP,per mille,per mille,per mille,per mille,,,,,,,,,,,,,,,,,,,,,,,,,,,,,,,,,m,m,,,degrees decimal,degrees decimal,meters a.s.l. ,,,,,,,,,1,10.1038/srep24374,"Kathayat, G., Cheng, H., Sinha, A., Spötl, C., Edwards, R. L., Zhang, H., Li, X., Yi, L., Ning, Y., Cai, Y., Lui, W. L. and Breitenbach, S. F. M.: Indian monsoon variability on millennial-orbital timescales, Sci. Rep., 6(1), 2016.",NOAA,"d13C, d18O, mineralogy_petrology_fabric",,,,,,,698.2557982,672.3717819,1516.564386,1442.850208,738.3,742.15,1145.08562,962.7668108,,,786.3695784,739.1684484,866.3954493,746.6607927,SISAL_SiteID: 1; SISAL_EntityID: 5
1,Bittoo cave,30.7903,77.7764,3000.0,yes,,5,BT-2.4,current,,1-BT24,from top,limestone,Pleistocene,discontinuous carbonate,unknown,unknown,"closed forest, evergreen needle leaf",unknown,30.0,no,no,32.4,stalagmite,unknown,,yes,yes,Vienna-PDB,unknown,,no,no,yes,no,no,no,no,no,,,,,no,,,,,no,,,,,no,,,,,no,,,,,no,,,no,,no,"Cheng, Hai",https://www.ncdc.noaa.gov/paleo/study/20449,172.8,,SISAL_SampleID: 289778,,,,,,,,,,,,,,,,,,,,,,,,,,,,,,,,,,,,,,,,,,,,172.8,calcite,not applicable,,,,,,,,,,,,,,-4.5,0.08,-8.48,0.04,185725.94048,,,StalAge,not applicable,not applicable,185931.3724,186627.5802056,185266.4014439,186101.1823,187636.527391,184638.862831,185870.5,186620.2,185127.95,186311.3917,187463.962164,185344.4980312,,,,185898.4799,186689.8921565,185168.6593534,185726.3511,186564.4047335,184965.1408991,,Calibrated radiocarbon years BP,per mille,per mille,per mille,per mille,,,,,,,,,,,,,,,,,,,,,,,,,,,,,,,,,m,m,,,degrees decimal,degrees decimal,meters a.s.l. ,,,,,,,,,1,10.1038/srep24374,"Kathayat, G., Cheng, H., Sinha, A., Spötl, C., Edwards, R. L., Zhang, H., Li, X., Yi, L., Ning, Y., Cai, Y., Lui, W. L. and Breitenbach, S. F. M.: Indian monsoon variability on millennial-orbital timescales, Sci. Rep., 6(1), 2016.",NOAA,"d13C, d18O, mineralogy_petrology_fabric",,,,,,,696.2078056,664.9709561,1535.345091,1462.319469,749.7,742.55,1152.570464,966.8936688,,,791.4122565,729.8205466,838.0536335,761.2102009,SISAL_SiteID: 1; SISAL_EntityID: 5
1,Bittoo cave,30.7903,77.7764,3000.0,yes,,5,BT-2.4,current,,1-BT24,from top,limestone,Pleistocene,discontinuous carbonate,unknown,unknown,"closed forest, evergreen needle leaf",unknown,30.0,no,no,32.4,stalagmite,unknown,,yes,yes,Vienna-PDB,unknown,,no,no,yes,no,no,no,no,no,,,,,no,,,,,no,,,,,no,,,,,no,,,,,no,,,no,,no,"Cheng, Hai",https://www.ncdc.noaa.gov/paleo/study/20449,174.0,,SISAL_SampleID: 289779,,,,,,,,,,,,,,,,,,,,,,,,,,,,,,,,,,,,,,,,,,,,174.0,calcite,not applicable,,,,,,,,,,,,,,-4.22,0.08,-8.42,0.04,185727.5234,,,StalAge,not applicable,not applicable,185942.9121,186640.3935844,185281.0721356,186146.8374,187702.023429,184665.893629,185893.0,186649.1,185139.95,186350.0558,187517.45542,185381.72695,,,,185905.5451,186695.4776098,185183.2617237,185758.7777,186578.247103,184988.1793505,,Calibrated radiocarbon years BP,per mille,per mille,per mille,per mille,,,,,,,,,,,,,,,,,,,,,,,,,,,,,,,,,m,m,,,degrees decimal,degrees decimal,meters a.s.l. ,,,,,,,,,1,10.1038/srep24374,"Kathayat, G., Cheng, H., Sinha, A., Spötl, C., Edwards, R. L., Zhang, H., Li, X., Yi, L., Ning, Y., Cai, Y., Lui, W. L. and Breitenbach, S. F. M.: Indian monsoon variability on millennial-orbital timescales, Sci. Rep., 6(1), 2016.",NOAA,"d13C, d18O, mineralogy_petrology_fabric",,,,,,,697.4814844,661.8399644,1555.186029,1480.943771,756.1,753.05,1167.39962,968.32885,,,789.9325098,722.2833763,819.469403,770.5983495,SISAL_SiteID: 1; SISAL_EntityID: 5
1,Bittoo cave,30.7903,77.7764,3000.0,yes,,5,BT-2.4,current,,1-BT24,from top,limestone,Pleistocene,discontinuous carbonate,unknown,unknown,"closed forest, evergreen needle leaf",unknown,30.0,no,no,32.4,stalagmite,unknown,,yes,yes,Vienna-PDB,unknown,,no,no,yes,no,no,no,no,no,,,,,no,,,,,no,,,,,no,,,,,no,,,,,no,,,no,,no,"Cheng, Hai",https://www.ncdc.noaa.gov/paleo/study/20449,174.6,,SISAL_SampleID: 289780,,,,,,,,,,,,,,,,,,,,,,,,,,,,,,,,,,,,,,,,,,,,174.6,calcite,not applicable,,,,,,,,,,,,,,-4.93,0.08,-8.5,0.04,185728.31486,,,StalAge,not applicable,not applicable,185947.4777,186642.3725703,185283.394944,186169.3621,187734.77149,184681.257345,185904.5,186667.0,185143.95,186370.0574,187545.114259,185399.511252,,,,185910.7348,186706.6489932,185194.3138126,185774.0788,186588.3427973,185001.1040616,,Calibrated radiocarbon years BP,per mille,per mille,per mille,per mille,,,,,,,,,,,,,,,,,,,,,,,,,,,,,,,,,m,m,,,degrees decimal,degrees decimal,meters a.s.l. ,,,,,,,,,1,10.1038/srep24374,"Kathayat, G., Cheng, H., Sinha, A., Spötl, C., Edwards, R. L., Zhang, H., Li, X., Yi, L., Ning, Y., Cai, Y., Lui, W. L. and Breitenbach, S. F. M.: Indian monsoon variability on millennial-orbital timescales, Sci. Rep., 6(1), 2016.",NOAA,"d13C, d18O, mineralogy_petrology_fabric",,,,,,,694.8948703,664.082756,1565.40939,1488.104755,762.5,760.55,1175.056859,970.546148,,,795.9141932,716.4209874,814.2639973,772.9747384,SISAL_SiteID: 1; SISAL_EntityID: 5
1,Bittoo cave,30.7903,77.7764,3000.0,yes,,5,BT-2.4,current,,1-BT24,from top,limestone,Pleistocene,discontinuous carbonate,unknown,unknown,"closed forest, evergreen needle leaf",unknown,30.0,no,no,32.4,stalagmite,unknown,,yes,yes,Vienna-PDB,unknown,,no,no,yes,no,no,no,no,no,,,,,no,,,,,no,,,,,no,,,,,no,,,,,no,,,no,,no,"Cheng, Hai",https://www.ncdc.noaa.gov/paleo/study/20449,175.2,,SISAL_SampleID: 289781,,,,,,,,,,,,,,,,,,,,,,,,,,,,,,,,,,,,,,,,,,,,175.2,calcite,not applicable,,,,,,,,,,,,,,-5.26,0.08,-8.72,0.04,185729.10632,,,StalAge,not applicable,not applicable,185953.5902,186650.7092338,185290.426253,186193.3472,187767.288396,184697.774425,185913.0,186682.05,185148.85,186388.7467,187567.773136,185413.717188,,,,185916.0352,186713.2908906,185203.1126627,185789.4826,186599.5622409,185013.8994954,,Calibrated radiocarbon years BP,per mille,per mille,per mille,per mille,,,,,,,,,,,,,,,,,,,,,,,,,,,,,,,,,m,m,,,degrees decimal,degrees decimal,meters a.s.l. ,,,,,,,,,1,10.1038/srep24374,"Kathayat, G., Cheng, H., Sinha, A., Spötl, C., Edwards, R. L., Zhang, H., Li, X., Yi, L., Ning, Y., Cai, Y., Lui, W. L. and Breitenbach, S. F. M.: Indian monsoon variability on millennial-orbital timescales, Sci. Rep., 6(1), 2016.",NOAA,"d13C, d18O, mineralogy_petrology_fabric",,,,,,,697.1190338,663.163947,1573.941196,1495.572775,769.05,764.15,1179.026436,975.029512,,,797.2556906,712.9225373,810.0796409,775.5831046,SISAL_SiteID: 1; SISAL_EntityID: 5
1,Bittoo cave,30.7903,77.7764,3000.0,yes,,5,BT-2.4,current,,1-BT24,from top,limestone,Pleistocene,discontinuous carbonate,unknown,unknown,"closed forest, evergreen needle leaf",unknown,30.0,no,no,32.4,stalagmite,unknown,,yes,yes,Vienna-PDB,unknown,,no,no,yes,no,no,no,no,no,,,,,no,,,,,no,,,,,no,,,,,no,,,,,no,,,no,,no,"Cheng, Hai",https://www.ncdc.noaa.gov/paleo/study/20449,176.4,,SISAL_SampleID: 289782,,,,,,,,,,,,,,,,,,,,,,,,,,,,,,,,,,,,,,,,,,,,176.4,calcite,not applicable,,,,,,,,,,,,,,-4.54,0.08,-8.57,0.04,185730.68924,,,StalAge,not applicable,not applicable,185964.9881,186665.3234028,185303.4151556,186240.4856,187831.914986,184725.812713,185930.0,186706.25,185165.6,186429.032,187613.337651,185449.611414,,,,185927.5287,186717.4266521,185221.1520217,185822.7496,186643.7561106,185036.1353392,,Calibrated radiocarbon years BP,per mille,per mille,per mille,per mille,,,,,,,,,,,,,,,,,,,,,,,,,,,,,,,,,m,m,,,degrees decimal,degrees decimal,meters a.s.l. ,,,,,,,,,1,10.1038/srep24374,"Kathayat, G., Cheng, H., Sinha, A., Spötl, C., Edwards, R. L., Zhang, H., Li, X., Yi, L., Ning, Y., Cai, Y., Lui, W. L. and Breitenbach, S. F. M.: Indian monsoon variability on millennial-orbital timescales, Sci. Rep., 6(1), 2016.",NOAA,"d13C, d18O, mineralogy_petrology_fabric",,,,,,,700.3353028,661.5729444,1591.429386,1514.672887,776.25,764.4,1184.305651,979.420586,,,789.8979521,706.3766783,821.0065106,786.6142608,SISAL_SiteID: 1; SISAL_EntityID: 5
1,Bittoo cave,30.7903,77.7764,3000.0,yes,,5,BT-2.4,current,,1-BT24,from top,limestone,Pleistocene,discontinuous carbonate,unknown,unknown,"closed forest, evergreen needle leaf",unknown,30.0,no,no,32.4,stalagmite,unknown,,yes,yes,Vienna-PDB,unknown,,no,no,yes,no,no,no,no,no,,,,,no,,,,,no,,,,,no,,,,,no,,,,,no,,,no,,no,"Cheng, Hai",https://www.ncdc.noaa.gov/paleo/study/20449,177.6,,SISAL_SampleID: 289783,,,,,,,,,,,,,,,,,,,,,,,,,,,,,,,,,,,,,,,,,,,,177.6,calcite,not applicable,,,,,,,,,,,,,,-4.32,0.08,-8.6,0.04,185732.27216,,,StalAge,not applicable,not applicable,185980.2082,186674.4485559,185311.3870093,186288.8345,187896.627848,184753.884405,185946.5,186719.45,185173.95,186468.68,187665.010304,185486.265016,,,,185939.5893,186728.9957463,185234.5641074,185858.1898,186688.9124779,185056.4268535,,Calibrated radiocarbon years BP,per mille,per mille,per mille,per mille,,,,,,,,,,,,,,,,,,,,,,,,,,,,,,,,,m,m,,,degrees decimal,degrees decimal,meters a.s.l. ,,,,,,,,,1,10.1038/srep24374,"Kathayat, G., Cheng, H., Sinha, A., Spötl, C., Edwards, R. L., Zhang, H., Li, X., Yi, L., Ning, Y., Cai, Y., Lui, W. L. and Breitenbach, S. F. M.: Indian monsoon variability on millennial-orbital timescales, Sci. Rep., 6(1), 2016.",NOAA,"d13C, d18O, mineralogy_petrology_fabric",,,,,,,694.2403559,668.8211907,1607.793348,1534.950095,772.95,772.55,1196.330304,982.414984,,,789.4064463,705.0251926,830.7226779,801.7629465,SISAL_SiteID: 1; SISAL_EntityID: 5
1,Bittoo cave,30.7903,77.7764,3000.0,yes,,5,BT-2.4,current,,1-BT24,from top,limestone,Pleistocene,discontinuous carbonate,unknown,unknown,"closed forest, evergreen needle leaf",unknown,30.0,no,no,32.4,stalagmite,unknown,,yes,yes,Vienna-PDB,unknown,,no,no,yes,no,no,no,no,no,,,,,no,,,,,no,,,,,no,,,,,no,,,,,no,,,no,,no,"Cheng, Hai",https://www.ncdc.noaa.gov/paleo/study/20449,178.8,,SISAL_SampleID: 289784,,,,,,,,,,,,,,,,,,,,,,,,,,,,,,,,,,,,,,,,,,,,178.8,calcite,not applicable,,,,,,,,,,,,,,-4.78,0.08,-8.73,0.04,185733.85508,,,StalAge,not applicable,not applicable,185996.1574,186694.8138214,185325.331977,186336.0654,187964.656059,184782.388521,185961.0,186730.2,185180.9,186506.0602,187728.8502,185518.6789456,,,,185950.4888,186743.7679083,185242.5778653,185892.4745,186735.9650012,185079.581847,,Calibrated radiocarbon years BP,per mille,per mille,per mille,per mille,,,,,,,,,,,,,,,,,,,,,,,,,,,,,,,,,m,m,,,degrees decimal,degrees decimal,meters a.s.l. ,,,,,,,,,1,10.1038/srep24374,"Kathayat, G., Cheng, H., Sinha, A., Spötl, C., Edwards, R. L., Zhang, H., Li, X., Yi, L., Ning, Y., Cai, Y., Lui, W. L. and Breitenbach, S. F. M.: Indian monsoon variability on millennial-orbital timescales, Sci. Rep., 6(1), 2016.",NOAA,"d13C, d18O, mineralogy_petrology_fabric",,,,,,,698.6564214,670.825423,1628.590659,1553.676879,769.2,780.1,1222.79,987.3812544,,,793.2791083,707.9109347,843.4905012,812.892653,SISAL_SiteID: 1; SISAL_EntityID: 5
1,Bittoo cave,30.7903,77.7764,3000.0,yes,,5,BT-2.4,current,,1-BT24,from top,limestone,Pleistocene,discontinuous carbonate,unknown,unknown,"closed forest, evergreen needle leaf",unknown,30.0,no,no,32.4,stalagmite,unknown,,yes,yes,Vienna-PDB,unknown,,no,no,yes,no,no,no,no,no,,,,,no,,,,,no,,,,,no,,,,,no,,,,,no,,,no,,no,"Cheng, Hai",https://www.ncdc.noaa.gov/paleo/study/20449,180.0,,SISAL_SampleID: 289785,,,,,,,,,,,,,,,,,,,,,,,,,,,,,,,,,,,,,,,,,,,,180.0,calcite,not applicable,,,,,,,,,,,,,,-4.49,0.08,-8.13,0.04,185735.438,,,StalAge,not applicable,not applicable,186009.6392,186720.26601,185332.8964712,186382.2607,188026.921637,184811.918811,185976.0,186746.2,185186.95,186546.554,187782.8614,185552.14899,,,,185960.8939,186760.799209,185248.3056826,185923.7498,186785.6091738,185102.5079379,,Calibrated radiocarbon years BP,per mille,per mille,per mille,per mille,,,,,,,,,,,,,,,,,,,,,,,,,,,,,,,,,m,m,,,degrees decimal,degrees decimal,meters a.s.l. ,,,,,,,,,1,10.1038/srep24374,"Kathayat, G., Cheng, H., Sinha, A., Spötl, C., Edwards, R. L., Zhang, H., Li, X., Yi, L., Ning, Y., Cai, Y., Lui, W. L. and Breitenbach, S. F. M.: Indian monsoon variability on millennial-orbital timescales, Sci. Rep., 6(1), 2016.",NOAA,"d13C, d18O, mineralogy_petrology_fabric",,,,,,,710.62681,676.7427288,1644.660937,1570.341889,770.2,789.05,1236.3074,994.40501,,,799.905309,712.5882174,861.8593738,821.2418621,SISAL_SiteID: 1; SISAL_EntityID: 5
1,Bittoo cave,30.7903,77.7764,3000.0,yes,,5,BT-2.4,current,,1-BT24,from top,limestone,Pleistocene,discontinuous carbonate,unknown,unknown,"closed forest, evergreen needle leaf",unknown,30.0,no,no,32.4,stalagmite,unknown,,yes,yes,Vienna-PDB,unknown,,no,no,yes,no,no,no,no,no,,,,,no,,,,,no,,,,,no,,,,,no,,,,,no,,,no,,no,"Cheng, Hai",https://www.ncdc.noaa.gov/paleo/study/20449,181.2,,SISAL_SampleID: 289786,,,,,,,,,,,,,,,,,,,,,,,,,,,,,,,,,,,,,,,,,,,,181.2,calcite,not applicable,,,,,,,,,,,,,,-5.61,0.08,-8.89,0.04,185737.02092,,,StalAge,not applicable,not applicable,186026.6299,186741.45513,185346.5569912,186429.626,188091.025037,184841.971003,185990.5,186764.1,185197.95,186590.1952,187825.08041,185594.723966,,,,185971.3795,186775.0647386,185270.9500478,185953.1257,186835.8777845,185122.8156495,,Calibrated radiocarbon years BP,per mille,per mille,per mille,per mille,,,,,,,,,,,,,,,,,,,,,,,,,,,,,,,,,m,m,,,degrees decimal,degrees decimal,meters a.s.l. ,,,,,,,,,1,10.1038/srep24374,"Kathayat, G., Cheng, H., Sinha, A., Spötl, C., Edwards, R. L., Zhang, H., Li, X., Yi, L., Ning, Y., Cai, Y., Lui, W. L. and Breitenbach, S. F. M.: Indian monsoon variability on millennial-orbital timescales, Sci. Rep., 6(1), 2016.",NOAA,"d13C, d18O, mineralogy_petrology_fabric",,,,,,,714.82523,680.0729088,1661.399037,1587.654997,773.6,792.55,1234.88521,995.471234,,,803.6852386,700.4294522,882.7520845,830.3100505,SISAL_SiteID: 1; SISAL_EntityID: 5
1,Bittoo cave,30.7903,77.7764,3000.0,yes,,5,BT-2.4,current,,1-BT24,from top,limestone,Pleistocene,discontinuous carbonate,unknown,unknown,"closed forest, evergreen needle leaf",unknown,30.0,no,no,32.4,stalagmite,unknown,,yes,yes,Vienna-PDB,unknown,,no,no,yes,no,no,no,no,no,,,,,no,,,,,no,,,,,no,,,,,no,,,,,no,,,no,,no,"Cheng, Hai",https://www.ncdc.noaa.gov/paleo/study/20449,182.4,,SISAL_SampleID: 289787,,,,,,,,,,,,,,,,,,,,,,,,,,,,,,,,,,,,,,,,,,,,182.4,calcite,not applicable,,,,,,,,,,,,,,-5.14,0.08,-8.67,0.04,185738.60384,,,StalAge,not applicable,not applicable,186043.5909,186760.830181,185355.5024087,186478.9206,188156.183197,184869.172045,186012.0,186784.6,185213.95,186631.9178,187870.331238,185638.254404,,,,185981.7555,186789.4620916,185282.8267229,185985.2349,186881.9941873,185142.1711784,,Calibrated radiocarbon years BP,per mille,per mille,per mille,per mille,,,,,,,,,,,,,,,,,,,,,,,,,,,,,,,,,m,m,,,degrees decimal,degrees decimal,meters a.s.l. ,,,,,,,,,1,10.1038/srep24374,"Kathayat, G., Cheng, H., Sinha, A., Spötl, C., Edwards, R. L., Zhang, H., Li, X., Yi, L., Ning, Y., Cai, Y., Lui, W. L. and Breitenbach, S. F. M.: Indian monsoon variability on millennial-orbital timescales, Sci. Rep., 6(1), 2016.",NOAA,"d13C, d18O, mineralogy_petrology_fabric",,,,,,,717.239281,688.0884913,1677.262597,1609.748555,772.6,798.05,1238.413438,993.663396,,,807.7065916,698.9287771,896.7592873,843.0637216,SISAL_SiteID: 1; SISAL_EntityID: 5
1,Bittoo cave,30.7903,77.7764,3000.0,yes,,5,BT-2.4,current,,1-BT24,from top,limestone,Pleistocene,discontinuous carbonate,unknown,unknown,"closed forest, evergreen needle leaf",unknown,30.0,no,no,32.4,stalagmite,unknown,,yes,yes,Vienna-PDB,unknown,,no,no,yes,no,no,no,no,no,,,,,no,,,,,no,,,,,no,,,,,no,,,,,no,,,no,,no,"Cheng, Hai",https://www.ncdc.noaa.gov/paleo/study/20449,183.6,,SISAL_SampleID: 289788,,,,,,,,,,,,,,,,,,,,,,,,,,,,,,,,,,,,,,,,,,,,183.6,calcite,not applicable,,,,,,,,,,,,,,-5.33,0.08,-8.88,0.04,185740.18676,,,StalAge,not applicable,not applicable,186056.0718,186772.8823945,185365.8358301,186526.8074,188221.500654,184895.606247,186029.5,186810.15,185223.85,186675.978,187915.613025,185672.234924,,,,185992.5533,186803.8471531,185296.3085498,186019.3041,186926.5749846,185160.9016248,,Calibrated radiocarbon years BP,per mille,per mille,per mille,per mille,,,,,,,,,,,,,,,,,,,,,,,,,,,,,,,,,m,m,,,degrees decimal,degrees decimal,meters a.s.l. ,,,,,,,,,1,10.1038/srep24374,"Kathayat, G., Cheng, H., Sinha, A., Spötl, C., Edwards, R. L., Zhang, H., Li, X., Yi, L., Ning, Y., Cai, Y., Lui, W. L. and Breitenbach, S. F. M.: Indian monsoon variability on millennial-orbital timescales, Sci. Rep., 6(1), 2016.",NOAA,"d13C, d18O, mineralogy_petrology_fabric",,,,,,,716.8105945,690.2359699,1694.693254,1631.201153,780.65,805.65,1239.635025,1003.743076,,,811.2938531,696.2447502,907.2708846,858.4024752,SISAL_SiteID: 1; SISAL_EntityID: 5
1,Bittoo cave,30.7903,77.7764,3000.0,yes,,5,BT-2.4,current,,1-BT24,from top,limestone,Pleistocene,discontinuous carbonate,unknown,unknown,"closed forest, evergreen needle leaf",unknown,30.0,no,no,32.4,stalagmite,unknown,,yes,yes,Vienna-PDB,unknown,,no,no,yes,no,no,no,no,no,,,,,no,,,,,no,,,,,no,,,,,no,,,,,no,,,no,,no,"Cheng, Hai",https://www.ncdc.noaa.gov/paleo/study/20449,184.8,,SISAL_SampleID: 289789,,,,,,,,,,,,,,,,,,,,,,,,,,,,,,,,,,,,,,,,,,,,184.8,calcite,not applicable,,,,,,,,,,,,,,-5.06,0.08,-8.36,0.04,185741.76968,,,StalAge,not applicable,not applicable,186067.7638,186794.5347964,185377.8227701,186572.4213,188287.40404,184923.982146,186045.0,186825.55,185234.5,186714.6489,187963.204048,185704.106324,,,,186009.121,186811.8277811,185301.2361548,186051.8664,186975.6659745,185178.2218524,,Calibrated radiocarbon years BP,per mille,per mille,per mille,per mille,,,,,,,,,,,,,,,,,,,,,,,,,,,,,,,,,m,m,,,degrees decimal,degrees decimal,meters a.s.l. ,,,,,,,,,1,10.1038/srep24374,"Kathayat, G., Cheng, H., Sinha, A., Spötl, C., Edwards, R. L., Zhang, H., Li, X., Yi, L., Ning, Y., Cai, Y., Lui, W. L. and Breitenbach, S. F. M.: Indian monsoon variability on millennial-orbital timescales, Sci. Rep., 6(1), 2016.",NOAA,"d13C, d18O, mineralogy_petrology_fabric",,,,,,,726.7709964,689.9410299,1714.98274,1648.439154,780.55,810.5,1248.555148,1010.542576,,,802.7067811,707.8848452,923.7995745,873.6445476,SISAL_SiteID: 1; SISAL_EntityID: 5
1,Bittoo cave,30.7903,77.7764,3000.0,yes,,5,BT-2.4,current,,1-BT24,from top,limestone,Pleistocene,discontinuous carbonate,unknown,unknown,"closed forest, evergreen needle leaf",unknown,30.0,no,no,32.4,stalagmite,unknown,,yes,yes,Vienna-PDB,unknown,,no,no,yes,no,no,no,no,no,,,,,no,,,,,no,,,,,no,,,,,no,,,,,no,,,no,,no,"Cheng, Hai",https://www.ncdc.noaa.gov/paleo/study/20449,186.0,,SISAL_SampleID: 289790,,,,,,,,,,,,,,,,,,,,,,,,,,,,,,,,,,,,,,,,,,,,186.0,calcite,not applicable,,,,,,,,,,,,,,-5.24,0.08,-8.77,0.04,185743.3526,,,StalAge,not applicable,not applicable,186081.2726,186809.9861058,185385.7418915,186620.0641,188355.847442,184955.421281,186063.5,186839.85,185243.55,186758.4544,188008.444118,185744.58198,,,,186019.8704,186817.7638117,185308.9835884,186083.4586,187029.2310147,185193.297125,,Calibrated radiocarbon years BP,per mille,per mille,per mille,per mille,,,,,,,,,,,,,,,,,,,,,,,,,,,,,,,,,m,m,,,degrees decimal,degrees decimal,meters a.s.l. ,,,,,,,,,1,10.1038/srep24374,"Kathayat, G., Cheng, H., Sinha, A., Spötl, C., Edwards, R. L., Zhang, H., Li, X., Yi, L., Ning, Y., Cai, Y., Lui, W. L. and Breitenbach, S. F. M.: Indian monsoon variability on millennial-orbital timescales, Sci. Rep., 6(1), 2016.",NOAA,"d13C, d18O, mineralogy_petrology_fabric",,,,,,,728.7135058,695.5307085,1735.783342,1664.642819,776.35,819.95,1249.989718,1013.87242,,,797.8934117,710.8868116,945.7724147,890.161475,SISAL_SiteID: 1; SISAL_EntityID: 5
1,Bittoo cave,30.7903,77.7764,3000.0,yes,,5,BT-2.4,current,,1-BT24,from top,limestone,Pleistocene,discontinuous carbonate,unknown,unknown,"closed forest, evergreen needle leaf",unknown,30.0,no,no,32.4,stalagmite,unknown,,yes,yes,Vienna-PDB,unknown,,no,no,yes,no,no,no,no,no,,,,,no,,,,,no,,,,,no,,,,,no,,,,,no,,,no,,no,"Cheng, Hai",https://www.ncdc.noaa.gov/paleo/study/20449,187.2,,SISAL_SampleID: 289791,,,,,,,,,,,,,,,,,,,,,,,,,,,,,,,,,,,,,,,,,,,,187.2,calcite,not applicable,,,,,,,,,,,,,,-5.25,0.08,-8.56,0.04,185744.93552,,,StalAge,not applicable,not applicable,186094.7462,186834.8402848,185387.2278306,186666.8048,188424.290836,184987.24504,186081.0,186863.15,185251.6,186798.1611,188058.744972,185775.935822,,,,186031.0113,186827.938295,185317.3215932,186115.3806,187083.7268257,185206.9415236,,Calibrated radiocarbon years BP,per mille,per mille,per mille,per mille,,,,,,,,,,,,,,,,,,,,,,,,,,,,,,,,,m,m,,,degrees decimal,degrees decimal,meters a.s.l. ,,,,,,,,,1,10.1038/srep24374,"Kathayat, G., Cheng, H., Sinha, A., Spötl, C., Edwards, R. L., Zhang, H., Li, X., Yi, L., Ning, Y., Cai, Y., Lui, W. L. and Breitenbach, S. F. M.: Indian monsoon variability on millennial-orbital timescales, Sci. Rep., 6(1), 2016.",NOAA,"d13C, d18O, mineralogy_petrology_fabric",,,,,,,740.0940848,707.5183694,1757.486036,1679.55976,782.15,829.4,1260.583872,1022.225278,,,796.926995,713.6897068,968.3462257,908.4390764,SISAL_SiteID: 1; SISAL_EntityID: 5
1,Bittoo cave,30.7903,77.7764,3000.0,yes,,5,BT-2.4,current,,1-BT24,from top,limestone,Pleistocene,discontinuous carbonate,unknown,unknown,"closed forest, evergreen needle leaf",unknown,30.0,no,no,32.4,stalagmite,unknown,,yes,yes,Vienna-PDB,unknown,,no,no,yes,no,no,no,no,no,,,,,no,,,,,no,,,,,no,,,,,no,,,,,no,,,no,,no,"Cheng, Hai",https://www.ncdc.noaa.gov/paleo/study/20449,188.4,,SISAL_SampleID: 289792,,,,,,,,,,,,,,,,,,,,,,,,,,,,,,,,,,,,,,,,,,,,188.4,calcite,not applicable,,,,,,,,,,,,,,-5.38,0.08,-9.06,0.04,185746.51844,,,StalAge,not applicable,not applicable,186105.4111,186853.7307709,185397.5696387,186713.9832,188492.734308,185019.943849,186097.0,186876.4,185260.7,186839.5388,188123.462554,185807.777768,,,,186045.8202,186842.8380392,185325.5227038,186148.4972,187133.1989859,185222.350827,,Calibrated radiocarbon years BP,per mille,per mille,per mille,per mille,,,,,,,,,,,,,,,,,,,,,,,,,,,,,,,,,m,m,,,degrees decimal,degrees decimal,meters a.s.l. ,,,,,,,,,1,10.1038/srep24374,"Kathayat, G., Cheng, H., Sinha, A., Spötl, C., Edwards, R. L., Zhang, H., Li, X., Yi, L., Ning, Y., Cai, Y., Lui, W. L. and Breitenbach, S. F. M.: Indian monsoon variability on millennial-orbital timescales, Sci. Rep., 6(1), 2016.",NOAA,"d13C, d18O, mineralogy_petrology_fabric",,,,,,,748.3196709,707.8414613,1778.751108,1694.039351,779.4,836.3,1283.923754,1031.761032,,,797.0178392,720.2974962,984.7017859,926.146373,SISAL_SiteID: 1; SISAL_EntityID: 5
1,Bittoo cave,30.7903,77.7764,3000.0,yes,,5,BT-2.4,current,,1-BT24,from top,limestone,Pleistocene,discontinuous carbonate,unknown,unknown,"closed forest, evergreen needle leaf",unknown,30.0,no,no,32.4,stalagmite,unknown,,yes,yes,Vienna-PDB,unknown,,no,no,yes,no,no,no,no,no,,,,,no,,,,,no,,,,,no,,,,,no,,,,,no,,,no,,no,"Cheng, Hai",https://www.ncdc.noaa.gov/paleo/study/20449,189.6,,SISAL_SampleID: 289793,,,,,,,,,,,,,,,,,,,,,,,,,,,,,,,,,,,,,,,,,,,,189.6,calcite,not applicable,,,,,,,,,,,,,,-5.07,0.08,-8.75,0.04,185748.10136,,,StalAge,not applicable,not applicable,186117.4534,186871.5599567,185407.8191718,186761.6399,188561.177677,185052.642554,186113.5,186891.05,185270.95,186878.5902,188183.479276,185839.22144,,,,186062.3489,186859.051458,185338.0706842,186183.1709,187178.9796158,185240.6609368,,Calibrated radiocarbon years BP,per mille,per mille,per mille,per mille,,,,,,,,,,,,,,,,,,,,,,,,,,,,,,,,,m,m,,,degrees decimal,degrees decimal,meters a.s.l. ,,,,,,,,,1,10.1038/srep24374,"Kathayat, G., Cheng, H., Sinha, A., Spötl, C., Edwards, R. L., Zhang, H., Li, X., Yi, L., Ning, Y., Cai, Y., Lui, W. L. and Breitenbach, S. F. M.: Indian monsoon variability on millennial-orbital timescales, Sci. Rep., 6(1), 2016.",NOAA,"d13C, d18O, mineralogy_petrology_fabric",,,,,,,754.1065567,709.6342282,1799.537777,1708.997346,777.55,842.55,1304.889076,1039.36876,,,796.702558,724.2782158,995.8087158,942.5099632,SISAL_SiteID: 1; SISAL_EntityID: 5
1,Bittoo cave,30.7903,77.7764,3000.0,yes,,5,BT-2.4,current,,1-BT24,from top,limestone,Pleistocene,discontinuous carbonate,unknown,unknown,"closed forest, evergreen needle leaf",unknown,30.0,no,no,32.4,stalagmite,unknown,,yes,yes,Vienna-PDB,unknown,,no,no,yes,no,no,no,no,no,,,,,no,,,,,no,,,,,no,,,,,no,,,,,no,,,no,,no,"Cheng, Hai",https://www.ncdc.noaa.gov/paleo/study/20449,190.8,,SISAL_SampleID: 289794,,,,,,,,,,,,,,,,,,,,,,,,,,,,,,,,,,,,,,,,,,,,190.8,calcite,not applicable,,,,,,,,,,,,,,-4.49,0.08,-8.68,0.04,185749.68428,,,StalAge,not applicable,not applicable,186128.2598,186901.3945289,185416.0223919,186806.8979,188629.621111,185081.254516,186132.0,186915.45,185279.9,186921.5972,188232.336844,185879.074698,,,,186080.0698,186881.8776822,185354.2762717,186218.8733,187226.332564,185260.8631734,,Calibrated radiocarbon years BP,per mille,per mille,per mille,per mille,,,,,,,,,,,,,,,,,,,,,,,,,,,,,,,,,m,m,,,degrees decimal,degrees decimal,meters a.s.l. ,,,,,,,,,1,10.1038/srep24374,"Kathayat, G., Cheng, H., Sinha, A., Spötl, C., Edwards, R. L., Zhang, H., Li, X., Yi, L., Ning, Y., Cai, Y., Lui, W. L. and Breitenbach, S. F. M.: Indian monsoon variability on millennial-orbital timescales, Sci. Rep., 6(1), 2016.",NOAA,"d13C, d18O, mineralogy_petrology_fabric",,,,,,,773.1347289,712.2374081,1822.723211,1725.643384,783.45,852.1,1310.739644,1042.522502,,,801.8078822,725.7935283,1007.459264,958.0101266,SISAL_SiteID: 1; SISAL_EntityID: 5
1,Bittoo cave,30.7903,77.7764,3000.0,yes,,5,BT-2.4,current,,1-BT24,from top,limestone,Pleistocene,discontinuous carbonate,unknown,unknown,"closed forest, evergreen needle leaf",unknown,30.0,no,no,32.4,stalagmite,unknown,,yes,yes,Vienna-PDB,unknown,,no,no,yes,no,no,no,no,no,,,,,no,,,,,no,,,,,no,,,,,no,,,,,no,,,no,,no,"Cheng, Hai",https://www.ncdc.noaa.gov/paleo/study/20449,192.0,,SISAL_SampleID: 289795,,,,,,,,,,,,,,,,,,,,,,,,,,,,,,,,,,,,,,,,,,,,192.0,calcite,not applicable,,,,,,,,,,,,,,-4.41,0.08,-8.41,0.04,185751.2672,,,StalAge,not applicable,not applicable,186141.4892,186937.074884,185423.7518344,186855.9452,188698.064513,185110.043167,186150.0,186947.35,185290.95,186966.4473,188276.96117,185923.29299,,,,186091.222,186899.3685954,185375.1959603,186252.7768,187276.820325,185279.2847847,,Calibrated radiocarbon years BP,per mille,per mille,per mille,per mille,,,,,,,,,,,,,,,,,,,,,,,,,,,,,,,,,m,m,,,degrees decimal,degrees decimal,meters a.s.l. ,,,,,,,,,1,10.1038/srep24374,"Kathayat, G., Cheng, H., Sinha, A., Spötl, C., Edwards, R. L., Zhang, H., Li, X., Yi, L., Ning, Y., Cai, Y., Lui, W. L. and Breitenbach, S. F. M.: Indian monsoon variability on millennial-orbital timescales, Sci. Rep., 6(1), 2016.",NOAA,"d13C, d18O, mineralogy_petrology_fabric",,,,,,,795.585684,717.7373656,1842.119313,1745.902033,797.35,859.05,1310.51387,1043.15431,,,808.1465954,716.0260397,1024.043525,973.4920153,SISAL_SiteID: 1; SISAL_EntityID: 5
1,Bittoo cave,30.7903,77.7764,3000.0,yes,,5,BT-2.4,current,,1-BT24,from top,limestone,Pleistocene,discontinuous carbonate,unknown,unknown,"closed forest, evergreen needle leaf",unknown,30.0,no,no,32.4,stalagmite,unknown,,yes,yes,Vienna-PDB,unknown,,no,no,yes,no,no,no,no,no,,,,,no,,,,,no,,,,,no,,,,,no,,,,,no,,,no,,no,"Cheng, Hai",https://www.ncdc.noaa.gov/paleo/study/20449,193.2,,SISAL_SampleID: 289796,,,,,,,,,,,,,,,,,,,,,,,,,,,,,,,,,,,,,,,,,,,,193.2,calcite,not applicable,,,,,,,,,,,,,,-4.14,0.08,-8.56,0.04,185752.85012,,,StalAge,not applicable,not applicable,186157.0495,186953.4389417,185430.9819151,186904.0568,188766.507839,185141.744619,186173.0,186971.4,185297.95,187010.8684,188337.090582,185962.356176,,,,186102.7977,186915.8458018,185389.5950839,186285.1046,187329.493811,185294.6117604,,Calibrated radiocarbon years BP,per mille,per mille,per mille,per mille,,,,,,,,,,,,,,,,,,,,,,,,,,,,,,,,,m,m,,,degrees decimal,degrees decimal,meters a.s.l. ,,,,,,,,,1,10.1038/srep24374,"Kathayat, G., Cheng, H., Sinha, A., Spötl, C., Edwards, R. L., Zhang, H., Li, X., Yi, L., Ning, Y., Cai, Y., Lui, W. L. and Breitenbach, S. F. M.: Indian monsoon variability on millennial-orbital timescales, Sci. Rep., 6(1), 2016.",NOAA,"d13C, d18O, mineralogy_petrology_fabric",,,,,,,796.3894417,726.0675849,1862.451039,1762.312181,798.4,875.05,1326.222182,1048.512224,,,813.0481018,713.2026161,1044.389211,990.4928396,SISAL_SiteID: 1; SISAL_EntityID: 5
1,Bittoo cave,30.7903,77.7764,3000.0,yes,,5,BT-2.4,current,,1-BT24,from top,limestone,Pleistocene,discontinuous carbonate,unknown,unknown,"closed forest, evergreen needle leaf",unknown,30.0,no,no,32.4,stalagmite,unknown,,yes,yes,Vienna-PDB,unknown,,no,no,yes,no,no,no,no,no,,,,,no,,,,,no,,,,,no,,,,,no,,,,,no,,,no,,no,"Cheng, Hai",https://www.ncdc.noaa.gov/paleo/study/20449,194.4,,SISAL_SampleID: 289797,,,,,,,,,,,,,,,,,,,,,,,,,,,,,,,,,,,,,,,,,,,,194.4,calcite,not applicable,,,,,,,,,,,,,,-4.09,0.08,-8.59,0.04,185754.43304,,,StalAge,not applicable,not applicable,186170.727,186966.1628338,185442.3118743,186952.569,188833.107151,185174.041278,186190.0,187005.0,185306.85,187052.8728,188393.747692,186001.879604,,,,186115.8327,186935.2172579,185399.9526278,186320.9479,187381.199885,185309.973201,,Calibrated radiocarbon years BP,per mille,per mille,per mille,per mille,,,,,,,,,,,,,,,,,,,,,,,,,,,,,,,,,m,m,,,degrees decimal,degrees decimal,meters a.s.l. ,,,,,,,,,1,10.1038/srep24374,"Kathayat, G., Cheng, H., Sinha, A., Spötl, C., Edwards, R. L., Zhang, H., Li, X., Yi, L., Ning, Y., Cai, Y., Lui, W. L. and Breitenbach, S. F. M.: Indian monsoon variability on millennial-orbital timescales, Sci. Rep., 6(1), 2016.",NOAA,"d13C, d18O, mineralogy_petrology_fabric",,,,,,,795.4358338,728.4151257,1880.538151,1778.527722,815.0,883.15,1340.874892,1050.993196,,,819.3845579,715.8800722,1060.251985,1010.974699,SISAL_SiteID: 1; SISAL_EntityID: 5
1,Bittoo cave,30.7903,77.7764,3000.0,yes,,5,BT-2.4,current,,1-BT24,from top,limestone,Pleistocene,discontinuous carbonate,unknown,unknown,"closed forest, evergreen needle leaf",unknown,30.0,no,no,32.4,stalagmite,unknown,,yes,yes,Vienna-PDB,unknown,,no,no,yes,no,no,no,no,no,,,,,no,,,,,no,,,,,no,,,,,no,,,,,no,,,no,,no,"Cheng, Hai",https://www.ncdc.noaa.gov/paleo/study/20449,195.6,,SISAL_SampleID: 289798,,,,,,,,,,,,,,,,,,,,,,,,,,,,,,,,,,,,,,,,,,,,195.6,calcite,not applicable,,,,,,,,,,,,,,-3.86,0.08,-8.18,0.04,185756.01596,,,StalAge,not applicable,not applicable,186181.6653,186981.3394344,185451.1289824,187002.2094,188899.274149,185204.943168,186206.0,187025.4,185317.9,187097.6694,188448.649206,186044.93826,,,,186133.0578,186944.8898659,185409.6030171,186356.899,187431.29288,185325.938764,,Calibrated radiocarbon years BP,per mille,per mille,per mille,per mille,,,,,,,,,,,,,,,,,,,,,,,,,,,,,,,,,m,m,,,degrees decimal,degrees decimal,meters a.s.l. ,,,,,,,,,1,10.1038/srep24374,"Kathayat, G., Cheng, H., Sinha, A., Spötl, C., Edwards, R. L., Zhang, H., Li, X., Yi, L., Ning, Y., Cai, Y., Lui, W. L. and Breitenbach, S. F. M.: Indian monsoon variability on millennial-orbital timescales, Sci. Rep., 6(1), 2016.",NOAA,"d13C, d18O, mineralogy_petrology_fabric",,,,,,,799.6741344,730.5363176,1897.064749,1797.266232,819.4,888.1,1350.979806,1052.73114,,,811.8320659,723.4547829,1074.39388,1030.960236,SISAL_SiteID: 1; SISAL_EntityID: 5
1,Bittoo cave,30.7903,77.7764,3000.0,yes,,5,BT-2.4,current,,1-BT24,from top,limestone,Pleistocene,discontinuous carbonate,unknown,unknown,"closed forest, evergreen needle leaf",unknown,30.0,no,no,32.4,stalagmite,unknown,,yes,yes,Vienna-PDB,unknown,,no,no,yes,no,no,no,no,no,,,,,no,,,,,no,,,,,no,,,,,no,,,,,no,,,no,,no,"Cheng, Hai",https://www.ncdc.noaa.gov/paleo/study/20449,196.8,,SISAL_SampleID: 289799,,,,,,,,,,,,,,,,,,,,,,,,,,,,,,,,,,,,,,,,,,,,196.8,calcite,not applicable,,,,,,,,,,,,,,-4.54,0.08,-8.49,0.04,185757.59888,,,StalAge,not applicable,not applicable,186194.7748,187002.1138701,185455.311514,187051.3342,188967.826657,185235.16356,186220.5,187040.35,185331.65,187138.4066,188503.987706,186082.385537,,,,186150.9647,186973.7194167,185420.6524631,186386.9594,187480.963627,185341.555107,,Calibrated radiocarbon years BP,per mille,per mille,per mille,per mille,,,,,,,,,,,,,,,,,,,,,,,,,,,,,,,,,m,m,,,degrees decimal,degrees decimal,meters a.s.l. ,,,,,,,,,1,10.1038/srep24374,"Kathayat, G., Cheng, H., Sinha, A., Spötl, C., Edwards, R. L., Zhang, H., Li, X., Yi, L., Ning, Y., Cai, Y., Lui, W. L. and Breitenbach, S. F. M.: Indian monsoon variability on millennial-orbital timescales, Sci. Rep., 6(1), 2016.",NOAA,"d13C, d18O, mineralogy_petrology_fabric",,,,,,,807.3390701,739.463286,1916.492457,1816.17064,819.85,888.85,1365.581106,1056.021063,,,822.7547167,730.3122369,1094.004227,1045.404293,SISAL_SiteID: 1; SISAL_EntityID: 5
1,Bittoo cave,30.7903,77.7764,3000.0,yes,,5,BT-2.4,current,,1-BT24,from top,limestone,Pleistocene,discontinuous carbonate,unknown,unknown,"closed forest, evergreen needle leaf",unknown,30.0,no,no,32.4,stalagmite,unknown,,yes,yes,Vienna-PDB,unknown,,no,no,yes,no,no,no,no,no,,,,,no,,,,,no,,,,,no,,,,,no,,,,,no,,,no,,no,"Cheng, Hai",https://www.ncdc.noaa.gov/paleo/study/20449,198.0,,SISAL_SampleID: 289800,,,,,,,,,,,,,,,,,,,,,,,,,,,,,,,,,,,,,,,,,,,,198.0,calcite,not applicable,,,,,,,,,,,,,,-4.35,0.08,-8.36,0.04,185759.1818,,,StalAge,not applicable,not applicable,186203.9437,187027.7142195,185463.4162934,187097.6992,189036.379161,185262.310596,186236.0,187056.2,185334.0,187183.9852,188554.08634,186121.18149,,,,186161.7706,187010.0650508,185434.4265223,186417.7514,187531.748527,185357.380558,,Calibrated radiocarbon years BP,per mille,per mille,per mille,per mille,,,,,,,,,,,,,,,,,,,,,,,,,,,,,,,,,m,m,,,degrees decimal,degrees decimal,meters a.s.l. ,,,,,,,,,1,10.1038/srep24374,"Kathayat, G., Cheng, H., Sinha, A., Spötl, C., Edwards, R. L., Zhang, H., Li, X., Yi, L., Ning, Y., Cai, Y., Lui, W. L. and Breitenbach, S. F. M.: Indian monsoon variability on millennial-orbital timescales, Sci. Rep., 6(1), 2016.",NOAA,"d13C, d18O, mineralogy_petrology_fabric",,,,,,,823.7705195,740.5274066,1938.679961,1835.388604,820.2,902.0,1370.10114,1062.80371,,,848.2944508,727.3440777,1113.997127,1060.370842,SISAL_SiteID: 1; SISAL_EntityID: 5
1,Bittoo cave,30.7903,77.7764,3000.0,yes,,5,BT-2.4,current,,1-BT24,from top,limestone,Pleistocene,discontinuous carbonate,unknown,unknown,"closed forest, evergreen needle leaf",unknown,30.0,no,no,32.4,stalagmite,unknown,,yes,yes,Vienna-PDB,unknown,,no,no,yes,no,no,no,no,no,,,,,no,,,,,no,,,,,no,,,,,no,,,,,no,,,no,,no,"Cheng, Hai",https://www.ncdc.noaa.gov/paleo/study/20449,199.2,,SISAL_SampleID: 289801,,,,,,,,,,,,,,,,,,,,,,,,,,,,,,,,,,,,,,,,,,,,199.2,calcite,not applicable,,,,,,,,,,,,,,-3.91,0.08,-8.5,0.04,185760.76472,,,StalAge,not applicable,not applicable,186215.4648,187048.3820951,185471.8906311,187146.0706,189104.914385,185289.457627,186258.0,187074.45,185345.9,187226.8528,188610.661888,186149.317344,,,,186175.4462,187044.4711076,185448.4596647,186452.8522,187584.216315,185373.622745,,Calibrated radiocarbon years BP,per mille,per mille,per mille,per mille,,,,,,,,,,,,,,,,,,,,,,,,,,,,,,,,,m,m,,,degrees decimal,degrees decimal,meters a.s.l. ,,,,,,,,,1,10.1038/srep24374,"Kathayat, G., Cheng, H., Sinha, A., Spötl, C., Edwards, R. L., Zhang, H., Li, X., Yi, L., Ning, Y., Cai, Y., Lui, W. L. and Breitenbach, S. F. M.: Indian monsoon variability on millennial-orbital timescales, Sci. Rep., 6(1), 2016.",NOAA,"d13C, d18O, mineralogy_petrology_fabric",,,,,,,832.9172951,743.5741689,1958.843785,1856.612973,816.45,912.1,1383.809088,1077.535456,,,869.0249076,726.9865353,1131.364115,1079.229455,SISAL_SiteID: 1; SISAL_EntityID: 5
1,Bittoo cave,30.7903,77.7764,3000.0,yes,,5,BT-2.4,current,,1-BT24,from top,limestone,Pleistocene,discontinuous carbonate,unknown,unknown,"closed forest, evergreen needle leaf",unknown,30.0,no,no,32.4,stalagmite,unknown,,yes,yes,Vienna-PDB,unknown,,no,no,yes,no,no,no,no,no,,,,,no,,,,,no,,,,,no,,,,,no,,,,,no,,,no,,no,"Cheng, Hai",https://www.ncdc.noaa.gov/paleo/study/20449,200.4,,SISAL_SampleID: 289802,,,,,,,,,,,,,,,,,,,,,,,,,,,,,,,,,,,,,,,,,,,,200.4,calcite,not applicable,,,,,,,,,,,,,,-4.22,0.08,-8.37,0.04,185762.34764,,,StalAge,not applicable,not applicable,186230.8733,187076.4471511,185479.3584463,187194.4756,189168.280198,185317.676915,186280.5,187090.2,185364.8,187273.1695,188663.90674,186191.597024,,,,186192.2781,187069.2861719,185458.7213846,186486.6691,187637.46911,185389.401141,,Calibrated radiocarbon years BP,per mille,per mille,per mille,per mille,,,,,,,,,,,,,,,,,,,,,,,,,,,,,,,,,m,m,,,degrees decimal,degrees decimal,meters a.s.l. ,,,,,,,,,1,10.1038/srep24374,"Kathayat, G., Cheng, H., Sinha, A., Spötl, C., Edwards, R. L., Zhang, H., Li, X., Yi, L., Ning, Y., Cai, Y., Lui, W. L. and Breitenbach, S. F. M.: Indian monsoon variability on millennial-orbital timescales, Sci. Rep., 6(1), 2016.",NOAA,"d13C, d18O, mineralogy_petrology_fabric",,,,,,,845.5738511,751.5148537,1973.804598,1876.798685,809.7,915.7,1390.73724,1081.572476,,,877.0080719,733.5567154,1150.80001,1097.267959,SISAL_SiteID: 1; SISAL_EntityID: 5
1,Bittoo cave,30.7903,77.7764,3000.0,yes,,5,BT-2.4,current,,1-BT24,from top,limestone,Pleistocene,discontinuous carbonate,unknown,unknown,"closed forest, evergreen needle leaf",unknown,30.0,no,no,32.4,stalagmite,unknown,,yes,yes,Vienna-PDB,unknown,,no,no,yes,no,no,no,no,no,,,,,no,,,,,no,,,,,no,,,,,no,,,,,no,,,no,,no,"Cheng, Hai",https://www.ncdc.noaa.gov/paleo/study/20449,201.6,,SISAL_SampleID: 289803,,,,,,,,,,,,,,,,,,,,,,,,,,,,,,,,,,,,,,,,,,,,201.6,calcite,not applicable,,,,,,,,,,,,,,-4.17,0.08,-8.44,0.04,185763.93056,,,StalAge,not applicable,not applicable,186243.4538,187108.6264974,185488.4947558,187243.7266,189235.497718,185346.149898,186307.0,187115.0,185386.55,187335.4662,188730.962834,186252.81708,,,,186206.3399,187096.7523262,185470.4163015,186518.7913,187692.348902,185404.403845,,Calibrated radiocarbon years BP,per mille,per mille,per mille,per mille,,,,,,,,,,,,,,,,,,,,,,,,,,,,,,,,,m,m,,,degrees decimal,degrees decimal,meters a.s.l. ,,,,,,,,,1,10.1038/srep24374,"Kathayat, G., Cheng, H., Sinha, A., Spötl, C., Edwards, R. L., Zhang, H., Li, X., Yi, L., Ning, Y., Cai, Y., Lui, W. L. and Breitenbach, S. F. M.: Indian monsoon variability on millennial-orbital timescales, Sci. Rep., 6(1), 2016.",NOAA,"d13C, d18O, mineralogy_petrology_fabric",,,,,,,865.1726974,754.9590442,1991.771118,1897.576702,808.0,920.45,1395.496634,1082.64912,,,890.4124262,735.9235985,1173.557602,1114.387455,SISAL_SiteID: 1; SISAL_EntityID: 5
1,Bittoo cave,30.7903,77.7764,3000.0,yes,,5,BT-2.4,current,,1-BT24,from top,limestone,Pleistocene,discontinuous carbonate,unknown,unknown,"closed forest, evergreen needle leaf",unknown,30.0,no,no,32.4,stalagmite,unknown,,yes,yes,Vienna-PDB,unknown,,no,no,yes,no,no,no,no,no,,,,,no,,,,,no,,,,,no,,,,,no,,,,,no,,,no,,no,"Cheng, Hai",https://www.ncdc.noaa.gov/paleo/study/20449,202.8,,SISAL_SampleID: 289804,,,,,,,,,,,,,,,,,,,,,,,,,,,,,,,,,,,,,,,,,,,,202.8,calcite,not applicable,,,,,,,,,,,,,,-4.11,0.08,-8.37,0.04,185765.51348,,,StalAge,not applicable,not applicable,186255.9382,187135.7398407,185494.6300884,187292.0055,189303.910962,185374.622913,186334.0,187137.1,185388.95,187396.339,188803.460488,186308.620868,,,,186221.0859,187123.9886855,185479.6356914,186551.7852,187749.539372,185418.981101,,Calibrated radiocarbon years BP,per mille,per mille,per mille,per mille,,,,,,,,,,,,,,,,,,,,,,,,,,,,,,,,,m,m,,,degrees decimal,degrees decimal,meters a.s.l. ,,,,,,,,,1,10.1038/srep24374,"Kathayat, G., Cheng, H., Sinha, A., Spötl, C., Edwards, R. L., Zhang, H., Li, X., Yi, L., Ning, Y., Cai, Y., Lui, W. L. and Breitenbach, S. F. M.: Indian monsoon variability on millennial-orbital timescales, Sci. Rep., 6(1), 2016.",NOAA,"d13C, d18O, mineralogy_petrology_fabric",,,,,,,879.8016407,761.3081116,2011.905462,1917.382587,803.1,945.05,1407.121488,1087.718132,,,902.9027855,741.4502086,1197.754172,1132.804099,SISAL_SiteID: 1; SISAL_EntityID: 5
1,Bittoo cave,30.7903,77.7764,3000.0,yes,,5,BT-2.4,current,,1-BT24,from top,limestone,Pleistocene,discontinuous carbonate,unknown,unknown,"closed forest, evergreen needle leaf",unknown,30.0,no,no,32.4,stalagmite,unknown,,yes,yes,Vienna-PDB,unknown,,no,no,yes,no,no,no,no,no,,,,,no,,,,,no,,,,,no,,,,,no,,,,,no,,,no,,no,"Cheng, Hai",https://www.ncdc.noaa.gov/paleo/study/20449,204.0,,SISAL_SampleID: 289805,,,,,,,,,,,,,,,,,,,,,,,,,,,,,,,,,,,,,,,,,,,,204.0,calcite,not applicable,,,,,,,,,,,,,,-3.86,0.08,-8.23,0.04,185767.0964,,,StalAge,not applicable,not applicable,186265.3604,187166.0838644,185499.2124275,187338.8686,189369.493309,185403.095924,186358.5,187159.25,185401.9,187462.0819,188885.20426,186361.3205,,,,186238.6494,187157.8500936,185493.2965359,186584.6962,187804.325867,185434.386069,,Calibrated radiocarbon years BP,per mille,per mille,per mille,per mille,,,,,,,,,,,,,,,,,,,,,,,,,,,,,,,,,m,m,,,degrees decimal,degrees decimal,meters a.s.l. ,,,,,,,,,1,10.1038/srep24374,"Kathayat, G., Cheng, H., Sinha, A., Spötl, C., Edwards, R. L., Zhang, H., Li, X., Yi, L., Ning, Y., Cai, Y., Lui, W. L. and Breitenbach, S. F. M.: Indian monsoon variability on millennial-orbital timescales, Sci. Rep., 6(1), 2016.",NOAA,"d13C, d18O, mineralogy_petrology_fabric",,,,,,,900.7234644,766.1479725,2030.624709,1935.772676,800.75,956.6,1423.12236,1100.7614,,,919.2006936,745.3528641,1219.629667,1150.310131,SISAL_SiteID: 1; SISAL_EntityID: 5
1,Bittoo cave,30.7903,77.7764,3000.0,yes,,5,BT-2.4,current,,1-BT24,from top,limestone,Pleistocene,discontinuous carbonate,unknown,unknown,"closed forest, evergreen needle leaf",unknown,30.0,no,no,32.4,stalagmite,unknown,,yes,yes,Vienna-PDB,unknown,,no,no,yes,no,no,no,no,no,,,,,no,,,,,no,,,,,no,,,,,no,,,,,no,,,no,,no,"Cheng, Hai",https://www.ncdc.noaa.gov/paleo/study/20449,205.2,,SISAL_SampleID: 289806,,,,,,,,,,,,,,,,,,,,,,,,,,,,,,,,,,,,,,,,,,,,205.2,calcite,not applicable,,,,,,,,,,,,,,-3.6,0.08,-8.12,0.04,185768.67932,,,StalAge,not applicable,not applicable,186277.5681,187194.3187636,185507.9835037,187382.8518,189435.075678,185431.568959,186383.0,187200.15,185409.65,187521.0843,188959.54246,186415.430129,,,,186258.237,187188.1285899,185503.6090595,186617.5401,187854.746102,185450.390922,,Calibrated radiocarbon years BP,per mille,per mille,per mille,per mille,,,,,,,,,,,,,,,,,,,,,,,,,,,,,,,,,m,m,,,degrees decimal,degrees decimal,meters a.s.l. ,,,,,,,,,1,10.1038/srep24374,"Kathayat, G., Cheng, H., Sinha, A., Spötl, C., Edwards, R. L., Zhang, H., Li, X., Yi, L., Ning, Y., Cai, Y., Lui, W. L. and Breitenbach, S. F. M.: Indian monsoon variability on millennial-orbital timescales, Sci. Rep., 6(1), 2016.",NOAA,"d13C, d18O, mineralogy_petrology_fabric",,,,,,,916.7506636,769.5845963,2052.223878,1951.282841,817.15,973.35,1438.45816,1105.654171,,,929.8915899,754.6279405,1237.206002,1167.149178,SISAL_SiteID: 1; SISAL_EntityID: 5
1,Bittoo cave,30.7903,77.7764,3000.0,yes,,5,BT-2.4,current,,1-BT24,from top,limestone,Pleistocene,discontinuous carbonate,unknown,unknown,"closed forest, evergreen needle leaf",unknown,30.0,no,no,32.4,stalagmite,unknown,,yes,yes,Vienna-PDB,unknown,,no,no,yes,no,no,no,no,no,,,,,no,,,,,no,,,,,no,,,,,no,,,,,no,,,no,,no,"Cheng, Hai",https://www.ncdc.noaa.gov/paleo/study/20449,206.4,,SISAL_SampleID: 289807,,,,,,,,,,,,,,,,,,,,,,,,,,,,,,,,,,,,,,,,,,,,206.4,calcite,not applicable,,,,,,,,,,,,,,-3.73,0.08,-8.39,0.04,185770.26224,,,StalAge,not applicable,not applicable,186289.7037,187223.40714400003,185512.6209096,187428.9319,189501.732743,185460.448369,186411.5,187247.1,185445.45,187581.3145,189049.553104,186463.428118,,,,186279.893,187227.2095143,185514.3696604,186652.9095,187904.927976,185464.318,,Calibrated radiocarbon years BP,per mille,per mille,per mille,per mille,,,,,,,,,,,,,,,,,,,,,,,,,,,,,,,,,m,m,,,degrees decimal,degrees decimal,meters a.s.l. ,,,,,,,,,1,10.1038/srep24374,"Kathayat, G., Cheng, H., Sinha, A., Spötl, C., Edwards, R. L., Zhang, H., Li, X., Yi, L., Ning, Y., Cai, Y., Lui, W. L. and Breitenbach, S. F. M.: Indian monsoon variability on millennial-orbital timescales, Sci. Rep., 6(1), 2016.",NOAA,"d13C, d18O, mineralogy_petrology_fabric",,,,,,,933.703444,777.0827904,2072.800843,1968.483531,835.6,966.05,1468.238604,1117.886382,,,947.3165143,765.5233396,1252.018476,1188.5915,SISAL_SiteID: 1; SISAL_EntityID: 5
1,Bittoo cave,30.7903,77.7764,3000.0,yes,,5,BT-2.4,current,,1-BT24,from top,limestone,Pleistocene,discontinuous carbonate,unknown,unknown,"closed forest, evergreen needle leaf",unknown,30.0,no,no,32.4,stalagmite,unknown,,yes,yes,Vienna-PDB,unknown,,no,no,yes,no,no,no,no,no,,,,,no,,,,,no,,,,,no,,,,,no,,,,,no,,,no,,no,"Cheng, Hai",https://www.ncdc.noaa.gov/paleo/study/20449,207.6,,SISAL_SampleID: 289808,,,,,,,,,,,,,,,,,,,,,,,,,,,,,,,,,,,,,,,,,,,,207.6,calcite,not applicable,,,,,,,,,,,,,,-3.79,0.08,-8.25,0.04,185771.84516,,,StalAge,not applicable,not applicable,186303.4186,187242.1479038,185515.8768511,187476.7714,189569.441365,185489.776534,186439.5,187295.0,185475.55,187642.5562,189138.32438,186495.063664,,,,186303.0668,187267.5356622,185524.9141943,186689.8296,187956.040732,185475.636961,,Calibrated radiocarbon years BP,per mille,per mille,per mille,per mille,,,,,,,,,,,,,,,,,,,,,,,,,,,,,,,,,m,m,,,degrees decimal,degrees decimal,meters a.s.l. ,,,,,,,,,1,10.1038/srep24374,"Kathayat, G., Cheng, H., Sinha, A., Spötl, C., Edwards, R. L., Zhang, H., Li, X., Yi, L., Ning, Y., Cai, Y., Lui, W. L. and Breitenbach, S. F. M.: Indian monsoon variability on millennial-orbital timescales, Sci. Rep., 6(1), 2016.",NOAA,"d13C, d18O, mineralogy_petrology_fabric",,,,,,,938.7293038,787.5417489,2092.669965,1986.994866,855.5,963.95,1495.76818,1147.492536,,,964.4688622,778.1526057,1266.211132,1214.192639,SISAL_SiteID: 1; SISAL_EntityID: 5
1,Bittoo cave,30.7903,77.7764,3000.0,yes,,5,BT-2.4,current,,1-BT24,from top,limestone,Pleistocene,discontinuous carbonate,unknown,unknown,"closed forest, evergreen needle leaf",unknown,30.0,no,no,32.4,stalagmite,unknown,,yes,yes,Vienna-PDB,unknown,,no,no,yes,no,no,no,no,no,,,,,no,,,,,no,,,,,no,,,,,no,,,,,no,,,no,,no,"Cheng, Hai",https://www.ncdc.noaa.gov/paleo/study/20449,208.8,,SISAL_SampleID: 289809,MC-ICP-MS U/Th,,BT2(4)-19,calcite,,,185855.0,1496.0,1496.0,,,yes,289.0,0.5,246.0,6.0,,,3607.45924,88.11640086,1.00637577,0.0027,1.188145813,0.00181397,0.814430125,0.407215062,Cheng et al. 2013,185774.0,187270.0,184278.0,yes,yes,yes,yes,,yes,yes,,,,,,,208.8,calcite,not applicable,,,,,,,,,,,,,,-3.57,0.08,-8.01,0.04,185773.42808,,,StalAge,not applicable,not applicable,186317.4092,187270.9065024,185525.7120947,187524.9315,189637.589664,185519.104611,186489.5,187370.2,185502.95,187700.9216,189228.652854,186531.896414,,,,186324.5885,187293.8009703,185537.4303823,186725.4453,188007.787662,185485.911363,,Calibrated radiocarbon years BP,per mille,per mille,per mille,per mille,,,,,,,,,,,,,,,,,,,ppb,ppb (2-sigma uncertainty),ppt,ppt (2-sigma uncertainty),,,activity ratio,2 Standard Deviations,activity ratio,2 Standard Deviations,activity ratio,2 Standard Deviations,activity ratio,2 Standard Deviations,m,m,,,degrees decimal,degrees decimal,meters a.s.l. ,,,year,year,year,year,year,year,1,10.1038/srep24374,"Kathayat, G., Cheng, H., Sinha, A., Spötl, C., Edwards, R. L., Zhang, H., Li, X., Yi, L., Ning, Y., Cai, Y., Lui, W. L. and Breitenbach, S. F. M.: Indian monsoon variability on millennial-orbital timescales, Sci. Rep., 6(1), 2016.",NOAA,"d13C, d18O, mineralogy_petrology_fabric",1496.0,1496.0,,,,,953.4973024,791.6971053,2112.658164,2005.826889,880.7,986.55,1527.731254,1169.025186,,,969.2124703,787.1581177,1282.342362,1239.533937,SISAL_SiteID: 1; SISAL_EntityID: 5
1,Bittoo cave,30.7903,77.7764,3000.0,yes,,5,BT-2.4,current,,1-BT24,from top,limestone,Pleistocene,discontinuous carbonate,unknown,unknown,"closed forest, evergreen needle leaf",unknown,30.0,no,no,32.4,stalagmite,unknown,,yes,yes,Vienna-PDB,unknown,,no,no,yes,no,no,no,no,no,,,,,no,,,,,no,,,,,no,,,,,no,,,,,no,,,no,,no,"Cheng, Hai",https://www.ncdc.noaa.gov/paleo/study/20449,210.0,,SISAL_SampleID: 289810,,,,,,,,,,,,,,,,,,,,,,,,,,,,,,,,,,,,,,,,,,,,210.0,calcite,not applicable,,,,,,,,,,,,,,-4.81,0.08,-8.95,0.04,185905.0,,,StalAge,not applicable,not applicable,186503.9058,187465.9574846,185703.8638984,187575.0292,189704.404154,185550.620918,186533.0,187453.1,185541.8,187763.627,189314.36194,186569.10117,,,,186352.4703,187344.1614964,185547.8652493,186759.1968,188062.955192,185498.911867,,Calibrated radiocarbon years BP,per mille,per mille,per mille,per mille,,,,,,,,,,,,,,,,,,,,,,,,,,,,,,,,,m,m,,,degrees decimal,degrees decimal,meters a.s.l. ,,,,,,,,,1,10.1038/srep24374,"Kathayat, G., Cheng, H., Sinha, A., Spötl, C., Edwards, R. L., Zhang, H., Li, X., Yi, L., Ning, Y., Cai, Y., Lui, W. L. and Breitenbach, S. F. M.: Indian monsoon variability on millennial-orbital timescales, Sci. Rep., 6(1), 2016.",NOAA,"d13C, d18O, mineralogy_petrology_fabric",,,,,,,962.0516846,800.0419016,2129.374954,2024.408282,920.1,991.2,1550.73494,1194.52583,,,991.6911964,804.6050507,1303.758392,1260.284933,SISAL_SiteID: 1; SISAL_EntityID: 5
1,Bittoo cave,30.7903,77.7764,3000.0,yes,,5,BT-2.4,current,,1-BT24,from top,limestone,Pleistocene,discontinuous carbonate,unknown,unknown,"closed forest, evergreen needle leaf",unknown,30.0,no,no,32.4,stalagmite,unknown,,yes,yes,Vienna-PDB,unknown,,no,no,yes,no,no,no,no,no,,,,,no,,,,,no,,,,,no,,,,,no,,,,,no,,,no,,no,"Cheng, Hai",https://www.ncdc.noaa.gov/paleo/study/20449,211.2,,SISAL_SampleID: 289811,,,,,,,,,,,,,,,,,,,,,,,,,,,,,,,,,,,,,,,,,,,,211.2,calcite,not applicable,,,,,,,,,,,,,,-4.72,0.08,-8.89,0.04,186037.0,,,StalAge,not applicable,not applicable,186685.7866,187689.630828,185820.0620407,187623.1486,189769.8939,185582.613624,186590.5,187585.05,185616.7,187823.0907,189384.607698,186623.10353,,,,186398.2288,187405.628673,185580.4792,186791.5667,188121.029627,185515.242585,,Calibrated radiocarbon years BP,per mille,per mille,per mille,per mille,,,,,,,,,,,,,,,,,,,,,,,,,,,,,,,,,m,m,,,degrees decimal,degrees decimal,meters a.s.l. ,,,,,,,,,1,10.1038/srep24374,"Kathayat, G., Cheng, H., Sinha, A., Spötl, C., Edwards, R. L., Zhang, H., Li, X., Yi, L., Ning, Y., Cai, Y., Lui, W. L. and Breitenbach, S. F. M.: Indian monsoon variability on millennial-orbital timescales, Sci. Rep., 6(1), 2016.",NOAA,"d13C, d18O, mineralogy_petrology_fabric",,,,,,,1003.844228,865.7245593,2146.7453,2040.534976,994.55,973.8,1561.516998,1199.98717,,,1007.399873,817.7496,1329.462927,1276.324115,SISAL_SiteID: 1; SISAL_EntityID: 5
1,Bittoo cave,30.7903,77.7764,3000.0,yes,,5,BT-2.4,current,,1-BT24,from top,limestone,Pleistocene,discontinuous carbonate,unknown,unknown,"closed forest, evergreen needle leaf",unknown,30.0,no,no,32.4,stalagmite,unknown,,yes,yes,Vienna-PDB,unknown,,no,no,yes,no,no,no,no,no,,,,,no,,,,,no,,,,,no,,,,,no,,,,,no,,,no,,no,"Cheng, Hai",https://www.ncdc.noaa.gov/paleo/study/20449,212.4,,SISAL_SampleID: 289812,,,,,,,,,,,,,,,,,,,,,,,,,,,,,,,,,,,,,,,,,,,,212.4,calcite,not applicable,,,,,,,,,,,,,,-4.9,0.08,-8.8,0.04,186169.0,,,StalAge,not applicable,not applicable,186861.7935,187979.008329,185913.8244148,187672.0816,189836.033868,185614.606265,186646.5,187654.25,185665.15,187886.3756,189455.2338,186679.380214,,,,186451.3682,187482.228077,185626.5436508,186823.736,188175.938852,185530.217649,,Calibrated radiocarbon years BP,per mille,per mille,per mille,per mille,,,,,,,,,,,,,,,,,,,,,,,,,,,,,,,,,m,m,,,degrees decimal,degrees decimal,meters a.s.l. ,,,,,,,,,1,10.1038/srep24374,"Kathayat, G., Cheng, H., Sinha, A., Spötl, C., Edwards, R. L., Zhang, H., Li, X., Yi, L., Ning, Y., Cai, Y., Lui, W. L. and Breitenbach, S. F. M.: Indian monsoon variability on millennial-orbital timescales, Sci. Rep., 6(1), 2016.",NOAA,"d13C, d18O, mineralogy_petrology_fabric",,,,,,,1117.214829,947.9690852,2163.952268,2057.475335,1007.75,981.35,1568.8582,1206.995386,,,1030.859877,824.8245492,1352.202852,1293.518351,SISAL_SiteID: 1; SISAL_EntityID: 5
1,Bittoo cave,30.7903,77.7764,3000.0,yes,,5,BT-2.4,current,,1-BT24,from top,limestone,Pleistocene,discontinuous carbonate,unknown,unknown,"closed forest, evergreen needle leaf",unknown,30.0,no,no,32.4,stalagmite,unknown,,yes,yes,Vienna-PDB,unknown,,no,no,yes,no,no,no,no,no,,,,,no,,,,,no,,,,,no,,,,,no,,,,,no,,,no,,no,"Cheng, Hai",https://www.ncdc.noaa.gov/paleo/study/20449,213.6,,SISAL_SampleID: 289813,,,,,,,,,,,,,,,,,,,,,,,,,,,,,,,,,,,,,,,,,,,,213.6,calcite,not applicable,,,,,,,,,,,,,,-4.74,0.08,-8.78,0.04,186301.0,,,StalAge,not applicable,not applicable,187031.9664,188276.372239,186004.037848,187720.2822,189902.571073,185646.598999,186684.0,187755.0,185685.0,187950.9927,189537.087332,186720.927388,,,,186526.3508,187569.02668,185679.2175539,186856.7817,188230.286441,185544.331056,,Calibrated radiocarbon years BP,per mille,per mille,per mille,per mille,,,,,,,,,,,,,,,,,,,,,,,,,,,,,,,,,m,m,,,degrees decimal,degrees decimal,meters a.s.l. ,,,,,,,,,1,10.1038/srep24374,"Kathayat, G., Cheng, H., Sinha, A., Spötl, C., Edwards, R. L., Zhang, H., Li, X., Yi, L., Ning, Y., Cai, Y., Lui, W. L. and Breitenbach, S. F. M.: Indian monsoon variability on millennial-orbital timescales, Sci. Rep., 6(1), 2016.",NOAA,"d13C, d18O, mineralogy_petrology_fabric",,,,,,,1244.405839,1027.928552,2182.288873,2073.683201,1071.0,999.0,1586.094632,1230.065312,,,1042.67588,847.1332461,1373.504741,1312.450644,SISAL_SiteID: 1; SISAL_EntityID: 5
1,Bittoo cave,30.7903,77.7764,3000.0,yes,,5,BT-2.4,current,,1-BT24,from top,limestone,Pleistocene,discontinuous carbonate,unknown,unknown,"closed forest, evergreen needle leaf",unknown,30.0,no,no,32.4,stalagmite,unknown,,yes,yes,Vienna-PDB,unknown,,no,no,yes,no,no,no,no,no,,,,,no,,,,,no,,,,,no,,,,,no,,,,,no,,,no,,no,"Cheng, Hai",https://www.ncdc.noaa.gov/paleo/study/20449,214.8,,SISAL_SampleID: 289814,,,,,,,,,,,,,,,,,,,,,,,,,,,,,,,,,,,,,,,,,,,,214.8,calcite,not applicable,,,,,,,,,,,,,,-3.34,0.08,-8.51,0.04,186433.0,,,StalAge,not applicable,not applicable,187203.1234,188633.913372,186090.827284,187766.7394,189969.108246,185678.591701,186741.5,187851.05,185726.85,188010.6863,189604.585432,186768.799584,,,,186605.7514,187675.102999,185744.2999662,186891.3135,188290.010487,185560.170026,,Calibrated radiocarbon years BP,per mille,per mille,per mille,per mille,,,,,,,,,,,,,,,,,,,,,,,,,,,,,,,,,m,m,,,degrees decimal,degrees decimal,meters a.s.l. ,,,,,,,,,1,10.1038/srep24374,"Kathayat, G., Cheng, H., Sinha, A., Spötl, C., Edwards, R. L., Zhang, H., Li, X., Yi, L., Ning, Y., Cai, Y., Lui, W. L. and Breitenbach, S. F. M.: Indian monsoon variability on millennial-orbital timescales, Sci. Rep., 6(1), 2016.",NOAA,"d13C, d18O, mineralogy_petrology_fabric",,,,,,,1430.789972,1112.296116,2202.368846,2088.147699,1109.55,1014.65,1593.899132,1241.886716,,,1069.351599,861.4514338,1398.696987,1331.143474,SISAL_SiteID: 1; SISAL_EntityID: 5
1,Bittoo cave,30.7903,77.7764,3000.0,yes,,5,BT-2.4,current,,1-BT24,from top,limestone,Pleistocene,discontinuous carbonate,unknown,unknown,"closed forest, evergreen needle leaf",unknown,30.0,no,no,32.4,stalagmite,unknown,,yes,yes,Vienna-PDB,unknown,,no,no,yes,no,no,no,no,no,,,,,no,,,,,no,,,,,no,,,,,no,,,,,no,,,no,,no,"Cheng, Hai",https://www.ncdc.noaa.gov/paleo/study/20449,216.0,,SISAL_SampleID: 289815,,,,,,,,,,,,,,,,,,,,,,,,,,,,,,,,,,,,,,,,,,,,216.0,calcite,not applicable,,,,,,,,,,,,,,-4.83,0.08,-8.98,0.04,186565.0,,,StalAge,not applicable,not applicable,187363.5523,188981.287798,186140.249813,187812.1282,190035.448721,185710.58434,186785.0,187879.75,185762.15,188070.0158,189669.68582,186804.20081,,,,186700.4469,187816.248321,185815.6516535,186926.5016,188350.758871,185574.166838,,Calibrated radiocarbon years BP,per mille,per mille,per mille,per mille,,,,,,,,,,,,,,,,,,,,,,,,,,,,,,,,,m,m,,,degrees decimal,degrees decimal,meters a.s.l. ,,,,,,,,,1,10.1038/srep24374,"Kathayat, G., Cheng, H., Sinha, A., Spötl, C., Edwards, R. L., Zhang, H., Li, X., Yi, L., Ning, Y., Cai, Y., Lui, W. L. and Breitenbach, S. F. M.: Indian monsoon variability on millennial-orbital timescales, Sci. Rep., 6(1), 2016.",NOAA,"d13C, d18O, mineralogy_petrology_fabric",,,,,,,1617.735498,1223.302487,2223.320521,2101.54386,1094.75,1022.85,1599.67002,1265.81499,,,1115.801421,884.7952465,1424.257271,1352.334762,SISAL_SiteID: 1; SISAL_EntityID: 5
1,Bittoo cave,30.7903,77.7764,3000.0,yes,,5,BT-2.4,current,,1-BT24,from top,limestone,Pleistocene,discontinuous carbonate,unknown,unknown,"closed forest, evergreen needle leaf",unknown,30.0,no,no,32.4,stalagmite,unknown,,yes,yes,Vienna-PDB,unknown,,no,no,yes,no,no,no,no,no,,,,,no,,,,,no,,,,,no,,,,,no,,,,,no,,,no,,no,"Cheng, Hai",https://www.ncdc.noaa.gov/paleo/study/20449,217.2,,SISAL_SampleID: 289816,,,,,,,,,,,,,,,,,,,,,,,,,,,,,,,,,,,,,,,,,,,,217.2,calcite,not applicable,,,,,,,,,,,,,,-4.54,0.08,-8.81,0.04,186697.0,,,StalAge,not applicable,not applicable,187525.6061,189396.066688,186200.504052,187858.5885,190101.687354,185742.577083,186817.0,187960.15,185802.65,188135.0044,189755.409476,186848.39254,,,,186802.3503,187961.178732,185896.9981448,186961.5335,188409.935449,185584.943954,,Calibrated radiocarbon years BP,per mille,per mille,per mille,per mille,,,,,,,,,,,,,,,,,,,,,,,,,,,,,,,,,m,m,,,degrees decimal,degrees decimal,meters a.s.l. ,,,,,,,,,1,10.1038/srep24374,"Kathayat, G., Cheng, H., Sinha, A., Spötl, C., Edwards, R. L., Zhang, H., Li, X., Yi, L., Ning, Y., Cai, Y., Lui, W. L. and Breitenbach, S. F. M.: Indian monsoon variability on millennial-orbital timescales, Sci. Rep., 6(1), 2016.",NOAA,"d13C, d18O, mineralogy_petrology_fabric",,,,,,,1870.460588,1325.102048,2243.098854,2116.011417,1143.15,1014.35,1620.405076,1286.61186,,,1158.828432,905.3521552,1448.401949,1376.589546,SISAL_SiteID: 1; SISAL_EntityID: 5
1,Bittoo cave,30.7903,77.7764,3000.0,yes,,5,BT-2.4,current,,1-BT24,from top,limestone,Pleistocene,discontinuous carbonate,unknown,unknown,"closed forest, evergreen needle leaf",unknown,30.0,no,no,32.4,stalagmite,unknown,,yes,yes,Vienna-PDB,unknown,,no,no,yes,no,no,no,no,no,,,,,no,,,,,no,,,,,no,,,,,no,,,,,no,,,no,,no,"Cheng, Hai",https://www.ncdc.noaa.gov/paleo/study/20449,218.4,,SISAL_SampleID: 289817,,,,,,,,,,,,,,,,,,,,,,,,,,,,,,,,,,,,,,,,,,,,218.4,calcite,not applicable,,,,,,,,,,,,,,-4.78,0.08,-9.37,0.04,186829.0,,,StalAge,not applicable,not applicable,187685.8352,189784.076393,186262.92747,187906.6288,190167.925905,185774.569743,186870.5,188041.4,185825.4,188196.3198,189842.106348,186892.5424,,,,186919.1591,188135.675412,185951.8152563,186996.2908,188471.187059,185596.67081,,Calibrated radiocarbon years BP,per mille,per mille,per mille,per mille,,,,,,,,,,,,,,,,,,,,,,,,,,,,,,,,,m,m,,,degrees decimal,degrees decimal,meters a.s.l. ,,,,,,,,,1,10.1038/srep24374,"Kathayat, G., Cheng, H., Sinha, A., Spötl, C., Edwards, R. L., Zhang, H., Li, X., Yi, L., Ning, Y., Cai, Y., Lui, W. L. and Breitenbach, S. F. M.: Indian monsoon variability on millennial-orbital timescales, Sci. Rep., 6(1), 2016.",NOAA,"d13C, d18O, mineralogy_petrology_fabric",,,,,,,2098.241193,1422.90773,2261.297105,2132.059057,1170.9,1045.1,1645.786548,1303.7774,,,1216.516312,967.3438437,1474.896259,1399.61999,SISAL_SiteID: 1; SISAL_EntityID: 5
1,Bittoo cave,30.7903,77.7764,3000.0,yes,,5,BT-2.4,current,,1-BT24,from top,limestone,Pleistocene,discontinuous carbonate,unknown,unknown,"closed forest, evergreen needle leaf",unknown,30.0,no,no,32.4,stalagmite,unknown,,yes,yes,Vienna-PDB,unknown,,no,no,yes,no,no,no,no,no,,,,,no,,,,,no,,,,,no,,,,,no,,,,,no,,,no,,no,"Cheng, Hai",https://www.ncdc.noaa.gov/paleo/study/20449,219.6,,SISAL_SampleID: 289818,,,,,,,,,,,,,,,,,,,,,,,,,,,,,,,,,,,,,,,,,,,,219.6,calcite,not applicable,,,,,,,,,,,,,,-5.04,0.08,-9.53,0.04,186961.0,,,StalAge,not applicable,not applicable,187837.6527,190152.922201,186302.806636,187953.5018,190234.888736,185802.602899,186915.0,188122.05,185853.3,188256.7619,189959.820046,186926.09862,,,,187053.653,188356.64894,186026.561478,187031.9629,188532.553532,185610.759022,,Calibrated radiocarbon years BP,per mille,per mille,per mille,per mille,,,,,,,,,,,,,,,,,,,,,,,,,,,,,,,,,m,m,,,degrees decimal,degrees decimal,meters a.s.l. ,,,,,,,,,1,10.1038/srep24374,"Kathayat, G., Cheng, H., Sinha, A., Spötl, C., Edwards, R. L., Zhang, H., Li, X., Yi, L., Ning, Y., Cai, Y., Lui, W. L. and Breitenbach, S. F. M.: Indian monsoon variability on millennial-orbital timescales, Sci. Rep., 6(1), 2016.",NOAA,"d13C, d18O, mineralogy_petrology_fabric",,,,,,,2315.269501,1534.846064,2281.386936,2150.898901,1207.05,1061.7,1703.058146,1330.66328,,,1302.99594,1027.091522,1500.590632,1421.203878,SISAL_SiteID: 1; SISAL_EntityID: 5
1,Bittoo cave,30.7903,77.7764,3000.0,yes,,5,BT-2.4,current,,1-BT24,from top,limestone,Pleistocene,discontinuous carbonate,unknown,unknown,"closed forest, evergreen needle leaf",unknown,30.0,no,no,32.4,stalagmite,unknown,,yes,yes,Vienna-PDB,unknown,,no,no,yes,no,no,no,no,no,,,,,no,,,,,no,,,,,no,,,,,no,,,,,no,,,no,,no,"Cheng, Hai",https://www.ncdc.noaa.gov/paleo/study/20449,220.8,,SISAL_SampleID: 289819,,,,,,,,,,,,,,,,,,,,,,,,,,,,,,,,,,,,,,,,,,,,220.8,calcite,not applicable,,,,,,,,,,,,,,-5.25,0.08,-9.64,0.04,187093.0,,,StalAge,not applicable,not applicable,187993.9675,190526.958699,186335.284639,188000.0656,190303.472395,185830.189845,186956.5,188245.6,185878.9,188319.021,190036.16492,186985.93905,,,,187190.9615,188577.01204,186089.982523,187069.6873,188589.777492,185626.546534,,Calibrated radiocarbon years BP,per mille,per mille,per mille,per mille,,,,,,,,,,,,,,,,,,,,,,,,,,,,,,,,,m,m,,,degrees decimal,degrees decimal,meters a.s.l. ,,,,,,,,,1,10.1038/srep24374,"Kathayat, G., Cheng, H., Sinha, A., Spötl, C., Edwards, R. L., Zhang, H., Li, X., Yi, L., Ning, Y., Cai, Y., Lui, W. L. and Breitenbach, S. F. M.: Indian monsoon variability on millennial-orbital timescales, Sci. Rep., 6(1), 2016.",NOAA,"d13C, d18O, mineralogy_petrology_fabric",,,,,,,2532.991199,1658.682861,2303.406795,2169.875755,1289.1,1077.6,1717.14392,1333.08195,,,1386.05054,1100.978977,1520.090192,1443.140766,SISAL_SiteID: 1; SISAL_EntityID: 5
1,Bittoo cave,30.7903,77.7764,3000.0,yes,,5,BT-2.4,current,,1-BT24,from top,limestone,Pleistocene,discontinuous carbonate,unknown,unknown,"closed forest, evergreen needle leaf",unknown,30.0,no,no,32.4,stalagmite,unknown,,yes,yes,Vienna-PDB,unknown,,no,no,yes,no,no,no,no,no,,,,,no,,,,,no,,,,,no,,,,,no,,,,,no,,,no,,no,"Cheng, Hai",https://www.ncdc.noaa.gov/paleo/study/20449,222.0,,SISAL_SampleID: 289820,,,,,,,,,,,,,,,,,,,,,,,,,,,,,,,,,,,,,,,,,,,,222.0,calcite,not applicable,,,,,,,,,,,,,,-5.52,0.08,-9.46,0.04,187225.0,,,StalAge,not applicable,not applicable,188158.64,190911.556237,186365.016831,188046.6124,190372.055999,185857.788839,186996.0,188328.65,185918.9,188379.0858,190092.300498,187046.32455,,,,187321.4274,188794.92319,186159.782107,187107.2051,188645.287131,185643.461825,,Calibrated radiocarbon years BP,per mille,per mille,per mille,per mille,,,,,,,,,,,,,,,,,,,,,,,,,,,,,,,,,m,m,,,degrees decimal,degrees decimal,meters a.s.l. ,,,,,,,,,1,10.1038/srep24374,"Kathayat, G., Cheng, H., Sinha, A., Spötl, C., Edwards, R. L., Zhang, H., Li, X., Yi, L., Ning, Y., Cai, Y., Lui, W. L. and Breitenbach, S. F. M.: Indian monsoon variability on millennial-orbital timescales, Sci. Rep., 6(1), 2016.",NOAA,"d13C, d18O, mineralogy_petrology_fabric",,,,,,,2752.916237,1793.623169,2325.443599,2188.823561,1332.65,1077.1,1713.214698,1332.76125,,,1473.49579,1161.645293,1538.082031,1463.743275,SISAL_SiteID: 1; SISAL_EntityID: 5
1,Bittoo cave,30.7903,77.7764,3000.0,yes,,5,BT-2.4,current,,1-BT24,from top,limestone,Pleistocene,discontinuous carbonate,unknown,unknown,"closed forest, evergreen needle leaf",unknown,30.0,no,no,32.4,stalagmite,unknown,,yes,yes,Vienna-PDB,unknown,,no,no,yes,no,no,no,no,no,,,,,no,,,,,no,,,,,no,,,,,no,,,,,no,,,no,,no,"Cheng, Hai",https://www.ncdc.noaa.gov/paleo/study/20449,223.2,,SISAL_SampleID: 289821,,,,,,,,,,,,,,,,,,,,,,,,,,,,,,,,,,,,,,,,,,,,223.2,calcite,not applicable,,,,,,,,,,,,,,-5.61,0.08,-9.61,0.04,187357.0,,,StalAge,not applicable,not applicable,188326.9629,191345.132494,186403.098552,188094.1209,190440.675475,185885.387841,187028.0,188391.1,185941.7,188442.9714,190165.235144,187096.660918,,,,187462.2315,189093.132612,186218.539661,187144.0552,188701.345509,185661.65123,,Calibrated radiocarbon years BP,per mille,per mille,per mille,per mille,,,,,,,,,,,,,,,,,,,,,,,,,,,,,,,,,m,m,,,degrees decimal,degrees decimal,meters a.s.l. ,,,,,,,,,1,10.1038/srep24374,"Kathayat, G., Cheng, H., Sinha, A., Spötl, C., Edwards, R. L., Zhang, H., Li, X., Yi, L., Ning, Y., Cai, Y., Lui, W. L. and Breitenbach, S. F. M.: Indian monsoon variability on millennial-orbital timescales, Sci. Rep., 6(1), 2016.",NOAA,"d13C, d18O, mineralogy_petrology_fabric",,,,,,,3018.169594,1923.864348,2346.554575,2208.733059,1363.1,1086.3,1722.263744,1346.310482,,,1630.901112,1243.691839,1557.290309,1482.40397,SISAL_SiteID: 1; SISAL_EntityID: 5
1,Bittoo cave,30.7903,77.7764,3000.0,yes,,5,BT-2.4,current,,1-BT24,from top,limestone,Pleistocene,discontinuous carbonate,unknown,unknown,"closed forest, evergreen needle leaf",unknown,30.0,no,no,32.4,stalagmite,unknown,,yes,yes,Vienna-PDB,unknown,,no,no,yes,no,no,no,no,no,,,,,no,,,,,no,,,,,no,,,,,no,,,,,no,,,no,,no,"Cheng, Hai",https://www.ncdc.noaa.gov/paleo/study/20449,224.4,,SISAL_SampleID: 289822,,,,,,,,,,,,,,,,,,,,,,,,,,,,,,,,,,,,,,,,,,,,224.4,calcite,not applicable,,,,,,,,,,,,,,-5.41,0.08,-9.48,0.04,187489.0,,,StalAge,not applicable,not applicable,188483.9551,191798.793302,186443.879601,188141.5177,190509.975454,185912.986867,187063.0,188448.9,185968.8,188505.7964,190243.108483,187139.774288,,,,187603.2167,189425.086495,186261.681626,187183.5519,188757.672144,185682.202373,,Calibrated radiocarbon years BP,per mille,per mille,per mille,per mille,,,,,,,,,,,,,,,,,,,,,,,,,,,,,,,,,m,m,,,degrees decimal,degrees decimal,meters a.s.l. ,,,,,,,,,1,10.1038/srep24374,"Kathayat, G., Cheng, H., Sinha, A., Spötl, C., Edwards, R. L., Zhang, H., Li, X., Yi, L., Ning, Y., Cai, Y., Lui, W. L. and Breitenbach, S. F. M.: Indian monsoon variability on millennial-orbital timescales, Sci. Rep., 6(1), 2016.",NOAA,"d13C, d18O, mineralogy_petrology_fabric",,,,,,,3314.838202,2040.075499,2368.457754,2228.530833,1385.9,1094.2,1737.312083,1366.022112,,,1821.869795,1341.535074,1574.120244,1501.349527,SISAL_SiteID: 1; SISAL_EntityID: 5
1,Bittoo cave,30.7903,77.7764,3000.0,yes,,5,BT-2.4,current,,1-BT24,from top,limestone,Pleistocene,discontinuous carbonate,unknown,unknown,"closed forest, evergreen needle leaf",unknown,30.0,no,no,32.4,stalagmite,unknown,,yes,yes,Vienna-PDB,unknown,,no,no,yes,no,no,no,no,no,,,,,no,,,,,no,,,,,no,,,,,no,,,,,no,,,no,,no,"Cheng, Hai",https://www.ncdc.noaa.gov/paleo/study/20449,225.6,,SISAL_SampleID: 289823,,,,,,,,,,,,,,,,,,,,,,,,,,,,,,,,,,,,,,,,,,,,225.6,calcite,not applicable,,,,,,,,,,,,,,-5.55,0.08,-9.61,0.04,187621.0,,,StalAge,not applicable,not applicable,188641.6542,192244.259748,186470.138153,188188.1714,190579.14905,185940.84633,187103.5,188560.1,186006.6,188571.767,190313.958884,187191.38243,,,,187762.3654,189799.210383,186314.799805,187225.2974,188817.699723,185704.814925,,Calibrated radiocarbon years BP,per mille,per mille,per mille,per mille,,,,,,,,,,,,,,,,,,,,,,,,,,,,,,,,,m,m,,,degrees decimal,degrees decimal,meters a.s.l. ,,,,,,,,,1,10.1038/srep24374,"Kathayat, G., Cheng, H., Sinha, A., Spötl, C., Edwards, R. L., Zhang, H., Li, X., Yi, L., Ning, Y., Cai, Y., Lui, W. L. and Breitenbach, S. F. M.: Indian monsoon variability on millennial-orbital timescales, Sci. Rep., 6(1), 2016.",NOAA,"d13C, d18O, mineralogy_petrology_fabric",,,,,,,3602.605548,2171.516047,2390.97765,2247.32507,1456.6,1096.9,1742.191884,1380.38457,,,2036.844983,1447.565595,1592.402323,1520.482475,SISAL_SiteID: 1; SISAL_EntityID: 5
1,Bittoo cave,30.7903,77.7764,3000.0,yes,,5,BT-2.4,current,,1-BT24,from top,limestone,Pleistocene,discontinuous carbonate,unknown,unknown,"closed forest, evergreen needle leaf",unknown,30.0,no,no,32.4,stalagmite,unknown,,yes,yes,Vienna-PDB,unknown,,no,no,yes,no,no,no,no,no,,,,,no,,,,,no,,,,,no,,,,,no,,,,,no,,,no,,no,"Cheng, Hai",https://www.ncdc.noaa.gov/paleo/study/20449,226.8,,SISAL_SampleID: 289824,,,,,,,,,,,,,,,,,,,,,,,,,,,,,,,,,,,,,,,,,,,,226.8,calcite,not applicable,,,,,,,,,,,,,,-4.81,0.08,-9.22,0.04,187753.0,,,StalAge,not applicable,not applicable,188809.1101,192622.76881,186496.086249,188235.6126,190648.947134,185972.557485,187141.0,188606.15,186019.9,188631.9298,190391.45747,187230.802174,,,,187922.8623,190167.69634,186345.051758,187266.9129,188884.450881,185727.427701,,Calibrated radiocarbon years BP,per mille,per mille,per mille,per mille,,,,,,,,,,,,,,,,,,,,,,,,,,,,,,,,,m,m,,,degrees decimal,degrees decimal,meters a.s.l. ,,,,,,,,,1,10.1038/srep24374,"Kathayat, G., Cheng, H., Sinha, A., Spötl, C., Edwards, R. L., Zhang, H., Li, X., Yi, L., Ning, Y., Cai, Y., Lui, W. L. and Breitenbach, S. F. M.: Indian monsoon variability on millennial-orbital timescales, Sci. Rep., 6(1), 2016.",NOAA,"d13C, d18O, mineralogy_petrology_fabric",,,,,,,3813.65871,2313.023851,2413.334534,2263.055115,1465.15,1121.1,1759.52767,1401.127626,,,2244.83404,1577.810542,1617.537981,1539.485199,SISAL_SiteID: 1; SISAL_EntityID: 5
1,Bittoo cave,30.7903,77.7764,3000.0,yes,,5,BT-2.4,current,,1-BT24,from top,limestone,Pleistocene,discontinuous carbonate,unknown,unknown,"closed forest, evergreen needle leaf",unknown,30.0,no,no,32.4,stalagmite,unknown,,yes,yes,Vienna-PDB,unknown,,no,no,yes,no,no,no,no,no,,,,,no,,,,,no,,,,,no,,,,,no,,,,,no,,,no,,no,"Cheng, Hai",https://www.ncdc.noaa.gov/paleo/study/20449,228.0,,SISAL_SampleID: 289825,,,,,,,,,,,,,,,,,,,,,,,,,,,,,,,,,,,,,,,,,,,,228.0,calcite,not applicable,,,,,,,,,,,,,,-5.19,0.08,-9.73,0.04,187885.0,,,StalAge,not applicable,not applicable,188965.338,193038.520302,186531.609735,188282.5101,190719.285907,186004.539038,187178.5,188670.35,186040.95,188689.0088,190481.61606,187274.48363,,,,188090.0778,190570.634989,186383.476697,187308.5592,188949.250343,185744.861023,,Calibrated radiocarbon years BP,per mille,per mille,per mille,per mille,,,,,,,,,,,,,,,,,,,,,,,,,,,,,,,,,m,m,,,degrees decimal,degrees decimal,meters a.s.l. ,,,,,,,,,1,10.1038/srep24374,"Kathayat, G., Cheng, H., Sinha, A., Spötl, C., Edwards, R. L., Zhang, H., Li, X., Yi, L., Ning, Y., Cai, Y., Lui, W. L. and Breitenbach, S. F. M.: Indian monsoon variability on millennial-orbital timescales, Sci. Rep., 6(1), 2016.",NOAA,"d13C, d18O, mineralogy_petrology_fabric",,,,,,,4073.182302,2433.728265,2436.775807,2277.971062,1491.85,1137.55,1792.60726,1414.52517,,,2480.557189,1706.601103,1640.691143,1563.698177,SISAL_SiteID: 1; SISAL_EntityID: 5
1,Bittoo cave,30.7903,77.7764,3000.0,yes,,5,BT-2.4,current,,1-BT24,from top,limestone,Pleistocene,discontinuous carbonate,unknown,unknown,"closed forest, evergreen needle leaf",unknown,30.0,no,no,32.4,stalagmite,unknown,,yes,yes,Vienna-PDB,unknown,,no,no,yes,no,no,no,no,no,,,,,no,,,,,no,,,,,no,,,,,no,,,,,no,,,no,,no,"Cheng, Hai",https://www.ncdc.noaa.gov/paleo/study/20449,229.2,,SISAL_SampleID: 289826,,,,,,,,,,,,,,,,,,,,,,,,,,,,,,,,,,,,,,,,,,,,229.2,calcite,not applicable,,,,,,,,,,,,,,-5.28,0.08,-9.58,0.04,188017.0,,,StalAge,not applicable,not applicable,189122.2001,193424.056928,186572.765036,188329.3707,190789.624714,186037.059573,187220.5,188750.55,186059.95,188748.8134,190567.361296,187312.129428,,,,188269.8796,190974.213913,186438.460138,187351.6857,189007.729929,185758.366221,,Calibrated radiocarbon years BP,per mille,per mille,per mille,per mille,,,,,,,,,,,,,,,,,,,,,,,,,,,,,,,,,m,m,,,degrees decimal,degrees decimal,meters a.s.l. ,,,,,,,,,1,10.1038/srep24374,"Kathayat, G., Cheng, H., Sinha, A., Spötl, C., Edwards, R. L., Zhang, H., Li, X., Yi, L., Ning, Y., Cai, Y., Lui, W. L. and Breitenbach, S. F. M.: Indian monsoon variability on millennial-orbital timescales, Sci. Rep., 6(1), 2016.",NOAA,"d13C, d18O, mineralogy_petrology_fabric",,,,,,,4301.856828,2549.435064,2460.254014,2292.311127,1530.05,1160.55,1818.547896,1436.683972,,,2704.334313,1831.419462,1656.044229,1593.319479,SISAL_SiteID: 1; SISAL_EntityID: 5
1,Bittoo cave,30.7903,77.7764,3000.0,yes,,5,BT-2.4,current,,1-BT24,from top,limestone,Pleistocene,discontinuous carbonate,unknown,unknown,"closed forest, evergreen needle leaf",unknown,30.0,no,no,32.4,stalagmite,unknown,,yes,yes,Vienna-PDB,unknown,,no,no,yes,no,no,no,no,no,,,,,no,,,,,no,,,,,no,,,,,no,,,,,no,,,no,,no,"Cheng, Hai",https://www.ncdc.noaa.gov/paleo/study/20449,230.4,,SISAL_SampleID: 289827,,,,,,,,,,,,,,,,,,,,,,,,,,,,,,,,,,,,,,,,,,,,230.4,calcite,not applicable,,,,,,,,,,,,,,-5.46,0.08,-9.5,0.04,188149.0,,,StalAge,not applicable,not applicable,189275.785,193833.981885,186596.91287,188376.2849,190859.929816,186069.622878,187260.0,188833.65,186093.7,188809.1719,190653.63977,187358.77879,,,,188453.0432,191409.624895,186485.004471,187398.4055,189066.175048,185779.239088,,Calibrated radiocarbon years BP,per mille,per mille,per mille,per mille,,,,,,,,,,,,,,,,,,,,,,,,,,,,,,,,,m,m,,,degrees decimal,degrees decimal,meters a.s.l. ,,,,,,,,,1,10.1038/srep24374,"Kathayat, G., Cheng, H., Sinha, A., Spötl, C., Edwards, R. L., Zhang, H., Li, X., Yi, L., Ning, Y., Cai, Y., Lui, W. L. and Breitenbach, S. F. M.: Indian monsoon variability on millennial-orbital timescales, Sci. Rep., 6(1), 2016.",NOAA,"d13C, d18O, mineralogy_petrology_fabric",,,,,,,4558.196885,2678.87213,2483.644916,2306.662022,1573.65,1166.3,1844.46787,1450.39311,,,2956.581695,1968.038729,1667.769548,1619.166412,SISAL_SiteID: 1; SISAL_EntityID: 5
1,Bittoo cave,30.7903,77.7764,3000.0,yes,,5,BT-2.4,current,,1-BT24,from top,limestone,Pleistocene,discontinuous carbonate,unknown,unknown,"closed forest, evergreen needle leaf",unknown,30.0,no,no,32.4,stalagmite,unknown,,yes,yes,Vienna-PDB,unknown,,no,no,yes,no,no,no,no,no,,,,,no,,,,,no,,,,,no,,,,,no,,,,,no,,,no,,no,"Cheng, Hai",https://www.ncdc.noaa.gov/paleo/study/20449,231.6,,SISAL_SampleID: 289828,,,,,,,,,,,,,,,,,,,,,,,,,,,,,,,,,,,,,,,,,,,,231.6,calcite,not applicable,,,,,,,,,,,,,,-5.7,0.08,-9.47,0.04,188281.0,,,StalAge,not applicable,not applicable,189443.6765,194248.377298,186613.887721,188422.5081,190925.71724,186099.025757,187303.0,188953.2,186116.75,188873.7381,190710.996124,187410.494794,,,,188642.1364,191852.102398,186521.779938,187447.004,189124.648176,185806.110058,,Calibrated radiocarbon years BP,per mille,per mille,per mille,per mille,,,,,,,,,,,,,,,,,,,,,,,,,,,,,,,,,m,m,,,degrees decimal,degrees decimal,meters a.s.l. ,,,,,,,,,1,10.1038/srep24374,"Kathayat, G., Cheng, H., Sinha, A., Spötl, C., Edwards, R. L., Zhang, H., Li, X., Yi, L., Ning, Y., Cai, Y., Lui, W. L. and Breitenbach, S. F. M.: Indian monsoon variability on millennial-orbital timescales, Sci. Rep., 6(1), 2016.",NOAA,"d13C, d18O, mineralogy_petrology_fabric",,,,,,,4804.700798,2829.788779,2503.20914,2323.482343,1650.2,1186.25,1837.258024,1463.243306,,,3209.965998,2120.356462,1677.644176,1640.893942,SISAL_SiteID: 1; SISAL_EntityID: 5
1,Bittoo cave,30.7903,77.7764,3000.0,yes,,5,BT-2.4,current,,1-BT24,from top,limestone,Pleistocene,discontinuous carbonate,unknown,unknown,"closed forest, evergreen needle leaf",unknown,30.0,no,no,32.4,stalagmite,unknown,,yes,yes,Vienna-PDB,unknown,,no,no,yes,no,no,no,no,no,,,,,no,,,,,no,,,,,no,,,,,no,,,,,no,,,no,,no,"Cheng, Hai",https://www.ncdc.noaa.gov/paleo/study/20449,231.8,,SISAL_SampleID: 289829,,,,,,,,,,,,,,,,,,,,,,,,,,,,,,,,,,,,,,,,,,,,231.8,calcite,not applicable,,,,,,,,,,,,,,-5.13,0.08,-8.85,0.04,188303.0,,,StalAge,not applicable,not applicable,189470.4602,194310.145331,186615.470067,188430.0677,190936.681007,186103.583145,187311.5,188958.65,186117.9,188882.8126,190723.305818,187419.35707,,,,188675.3139,191934.698743,186528.938751,187454.9971,189134.08914,185810.466243,,Calibrated radiocarbon years BP,per mille,per mille,per mille,per mille,,,,,,,,,,,,,,,,,,,,,,,,,,,,,,,,,m,m,,,degrees decimal,degrees decimal,meters a.s.l. ,,,,,,,,,1,10.1038/srep24374,"Kathayat, G., Cheng, H., Sinha, A., Spötl, C., Edwards, R. L., Zhang, H., Li, X., Yi, L., Ning, Y., Cai, Y., Lui, W. L. and Breitenbach, S. F. M.: Indian monsoon variability on millennial-orbital timescales, Sci. Rep., 6(1), 2016.",NOAA,"d13C, d18O, mineralogy_petrology_fabric",,,,,,,4839.685131,2854.990133,2506.613307,2326.484555,1647.15,1193.6,1840.493218,1463.45553,,,3259.384843,2146.375149,1679.09204,1644.530857,SISAL_SiteID: 1; SISAL_EntityID: 5
1,Bittoo cave,30.7903,77.7764,3000.0,yes,,5,BT-2.4,current,,1-BT24,from top,limestone,Pleistocene,discontinuous carbonate,unknown,unknown,"closed forest, evergreen needle leaf",unknown,30.0,no,no,32.4,stalagmite,unknown,,yes,yes,Vienna-PDB,unknown,,no,no,yes,no,no,no,no,no,,,,,no,,,,,no,,,,,no,,,,,no,,,,,no,,,no,,no,"Cheng, Hai",https://www.ncdc.noaa.gov/paleo/study/20449,232.8,,SISAL_SampleID: 289830,,,,,,,,,,,,,,,,,,,,,,,,,,,,,,,,,,,,,,,,,,,,232.8,calcite,not applicable,,,,,,,,,,,,,,-6.15,0.08,-9.84,0.04,188413.0,,,StalAge,not applicable,not applicable,189608.3633,194609.153138,186630.717449,188469.1051,190993.68727,186126.370007,187343.5,189023.1,186130.55,188933.9082,190785.91796,187469.46982,,,,188834.4819,192322.231314,186562.210176,187494.8024,189181.174057,185829.719766,,Calibrated radiocarbon years BP,per mille,per mille,per mille,per mille,,,,,,,,,,,,,,,,,,,,,,,,,,,,,,,,,m,m,,,degrees decimal,degrees decimal,meters a.s.l. ,,,,,,,,,1,10.1038/srep24374,"Kathayat, G., Cheng, H., Sinha, A., Spötl, C., Edwards, R. L., Zhang, H., Li, X., Yi, L., Ning, Y., Cai, Y., Lui, W. L. and Breitenbach, S. F. M.: Indian monsoon variability on millennial-orbital timescales, Sci. Rep., 6(1), 2016.",NOAA,"d13C, d18O, mineralogy_petrology_fabric",,,,,,,5000.789838,2977.645851,2524.58217,2342.735093,1679.6,1212.95,1852.00976,1464.43838,,,3487.749414,2272.271724,1686.371657,1665.082634,SISAL_SiteID: 1; SISAL_EntityID: 5
1,Bittoo cave,30.7903,77.7764,3000.0,yes,,5,BT-2.4,current,,1-BT24,from top,limestone,Pleistocene,discontinuous carbonate,unknown,unknown,"closed forest, evergreen needle leaf",unknown,30.0,no,no,32.4,stalagmite,unknown,,yes,yes,Vienna-PDB,unknown,,no,no,yes,no,no,no,no,no,,,,,no,,,,,no,,,,,no,,,,,no,,,,,no,,,no,,no,"Cheng, Hai",https://www.ncdc.noaa.gov/paleo/study/20449,234.0,,SISAL_SampleID: 289831,,,,,,,,,,,,,,,,,,,,,,,,,,,,,,,,,,,,,,,,,,,,234.0,calcite,not applicable,,,,,,,,,,,,,,-5.72,0.08,-9.31,0.04,188545.0,,,StalAge,not applicable,not applicable,189767.3781,195002.472106,186666.250705,188515.5405,191062.45583,186156.813492,187388.5,189117.2,186141.65,188996.6584,190854.27977,187515.0784,,,,189026.7289,192772.054095,186603.663896,187545.2399,189243.971348,185844.429438,,Calibrated radiocarbon years BP,per mille,per mille,per mille,per mille,,,,,,,,,,,,,,,,,,,,,,,,,,,,,,,,,m,m,,,degrees decimal,degrees decimal,meters a.s.l. ,,,,,,,,,1,10.1038/srep24374,"Kathayat, G., Cheng, H., Sinha, A., Spötl, C., Edwards, R. L., Zhang, H., Li, X., Yi, L., Ning, Y., Cai, Y., Lui, W. L. and Breitenbach, S. F. M.: Indian monsoon variability on millennial-orbital timescales, Sci. Rep., 6(1), 2016.",NOAA,"d13C, d18O, mineralogy_petrology_fabric",,,,,,,5235.094006,3101.127395,2546.91533,2358.727008,1728.7,1246.85,1857.62137,1481.58,,,3745.325195,2423.065004,1698.731448,1700.810462,SISAL_SiteID: 1; SISAL_EntityID: 5
1,Bittoo cave,30.7903,77.7764,3000.0,yes,,5,BT-2.4,current,,1-BT24,from top,limestone,Pleistocene,discontinuous carbonate,unknown,unknown,"closed forest, evergreen needle leaf",unknown,30.0,no,no,32.4,stalagmite,unknown,,yes,yes,Vienna-PDB,unknown,,no,no,yes,no,no,no,no,no,,,,,no,,,,,no,,,,,no,,,,,no,,,,,no,,,no,,no,"Cheng, Hai",https://www.ncdc.noaa.gov/paleo/study/20449,235.2,,SISAL_SampleID: 289832,,,,,,,,,,,,,,,,,,,,,,,,,,,,,,,,,,,,,,,,,,,,235.2,calcite,not applicable,,,,,,,,,,,,,,-5.87,0.08,-9.47,0.04,188677.0,,,StalAge,not applicable,not applicable,189931.5444,195420.116613,186685.10946,188561.1787,191131.397836,186185.706969,187415.5,189211.3,186148.7,189063.6668,190935.420432,187561.061402,,,,189236.61,193244.88085,186649.673819,187598.4922,189315.663121,185854.755836,,Calibrated radiocarbon years BP,per mille,per mille,per mille,per mille,,,,,,,,,,,,,,,,,,,,,,,,,,,,,,,,,m,m,,,degrees decimal,degrees decimal,meters a.s.l. ,,,,,,,,,1,10.1038/srep24374,"Kathayat, G., Cheng, H., Sinha, A., Spötl, C., Edwards, R. L., Zhang, H., Li, X., Yi, L., Ning, Y., Cai, Y., Lui, W. L. and Breitenbach, S. F. M.: Indian monsoon variability on millennial-orbital timescales, Sci. Rep., 6(1), 2016.",NOAA,"d13C, d18O, mineralogy_petrology_fabric",,,,,,,5488.572213,3246.43494,2570.219136,2375.471731,1795.8,1266.8,1871.753632,1502.605398,,,4008.27085,2586.936181,1717.170921,1743.736364,SISAL_SiteID: 1; SISAL_EntityID: 5
1,Bittoo cave,30.7903,77.7764,3000.0,yes,,5,BT-2.4,current,,1-BT24,from top,limestone,Pleistocene,discontinuous carbonate,unknown,unknown,"closed forest, evergreen needle leaf",unknown,30.0,no,no,32.4,stalagmite,unknown,,yes,yes,Vienna-PDB,unknown,,no,no,yes,no,no,no,no,no,,,,,no,,,,,no,,,,,no,,,,,no,,,,,no,,,no,,no,"Cheng, Hai",https://www.ncdc.noaa.gov/paleo/study/20449,236.4,,SISAL_SampleID: 289833,,,,,,,,,,,,,,,,,,,,,,,,,,,,,,,,,,,,,,,,,,,,236.4,calcite,not applicable,,,,,,,,,,,,,,-5.73,0.08,-9.4,0.04,188809.0,,,StalAge,not applicable,not applicable,190094.3161,195847.392654,186715.349628,188606.5034,191200.331891,186214.667728,187457.0,189304.05,186159.9,189121.6626,191010.911572,187604.29873,,,,189452.627,193757.297285,186675.799314,187648.3485,189386.756456,185877.588058,,Calibrated radiocarbon years BP,per mille,per mille,per mille,per mille,,,,,,,,,,,,,,,,,,,,,,,,,,,,,,,,,m,m,,,degrees decimal,degrees decimal,meters a.s.l. ,,,,,,,,,1,10.1038/srep24374,"Kathayat, G., Cheng, H., Sinha, A., Spötl, C., Edwards, R. L., Zhang, H., Li, X., Yi, L., Ning, Y., Cai, Y., Lui, W. L. and Breitenbach, S. F. M.: Indian monsoon variability on millennial-orbital timescales, Sci. Rep., 6(1), 2016.",NOAA,"d13C, d18O, mineralogy_petrology_fabric",,,,,,,5753.076554,3378.966472,2593.828491,2391.835672,1847.05,1297.1,1889.248972,1517.36387,,,4304.670285,2776.827686,1738.407956,1770.760442,SISAL_SiteID: 1; SISAL_EntityID: 5
1,Bittoo cave,30.7903,77.7764,3000.0,yes,,5,BT-2.4,current,,1-BT24,from top,limestone,Pleistocene,discontinuous carbonate,unknown,unknown,"closed forest, evergreen needle leaf",unknown,30.0,no,no,32.4,stalagmite,unknown,,yes,yes,Vienna-PDB,unknown,,no,no,yes,no,no,no,no,no,,,,,no,,,,,no,,,,,no,,,,,no,,,,,no,,,no,,no,"Cheng, Hai",https://www.ncdc.noaa.gov/paleo/study/20449,237.6,,SISAL_SampleID: 289834,,,,,,,,,,,,,,,,,,,,,,,,,,,,,,,,,,,,,,,,,,,,237.6,calcite,not applicable,,,,,,,,,,,,,,-5.76,0.08,-9.36,0.04,188941.0,,,StalAge,not applicable,not applicable,190253.7929,196294.601118,186732.245909,188652.2447,191268.491355,186245.30113,187495.0,189400.05,186176.75,189179.8061,191102.921842,187648.267342,,,,189670.1589,194269.463358,186708.691939,187700.6446,189453.544124,185908.179616,,Calibrated radiocarbon years BP,per mille,per mille,per mille,per mille,,,,,,,,,,,,,,,,,,,,,,,,,,,,,,,,,m,m,,,degrees decimal,degrees decimal,meters a.s.l. ,,,,,,,,,1,10.1038/srep24374,"Kathayat, G., Cheng, H., Sinha, A., Spötl, C., Edwards, R. L., Zhang, H., Li, X., Yi, L., Ning, Y., Cai, Y., Lui, W. L. and Breitenbach, S. F. M.: Indian monsoon variability on millennial-orbital timescales, Sci. Rep., 6(1), 2016.",NOAA,"d13C, d18O, mineralogy_petrology_fabric",,,,,,,6040.808218,3521.546991,2616.246655,2406.94357,1905.05,1318.25,1923.115742,1531.538758,,,4599.304458,2961.466961,1752.899524,1792.464984,SISAL_SiteID: 1; SISAL_EntityID: 5
1,Bittoo cave,30.7903,77.7764,3000.0,yes,,5,BT-2.4,current,,1-BT24,from top,limestone,Pleistocene,discontinuous carbonate,unknown,unknown,"closed forest, evergreen needle leaf",unknown,30.0,no,no,32.4,stalagmite,unknown,,yes,yes,Vienna-PDB,unknown,,no,no,yes,no,no,no,no,no,,,,,no,,,,,no,,,,,no,,,,,no,,,,,no,,,no,,no,"Cheng, Hai",https://www.ncdc.noaa.gov/paleo/study/20449,238.8,,SISAL_SampleID: 289835,,,,,,,,,,,,,,,,,,,,,,,,,,,,,,,,,,,,,,,,,,,,238.8,calcite,not applicable,,,,,,,,,,,,,,-6.38,0.08,-9.37,0.04,189073.0,,,StalAge,not applicable,not applicable,190419.2927,196739.583083,186748.890739,188700.2122,191336.613765,186275.934499,187522.5,189494.2,186192.9,189239.4351,191191.318354,187685.45469,,,,189887.6818,194808.246461,186749.737167,187763.8593,189516.57593,185932.289318,,Calibrated radiocarbon years BP,per mille,per mille,per mille,per mille,,,,,,,,,,,,,,,,,,,,,,,,,,,,,,,,,m,m,,,degrees decimal,degrees decimal,meters a.s.l. ,,,,,,,,,1,10.1038/srep24374,"Kathayat, G., Cheng, H., Sinha, A., Spötl, C., Edwards, R. L., Zhang, H., Li, X., Yi, L., Ning, Y., Cai, Y., Lui, W. L. and Breitenbach, S. F. M.: Indian monsoon variability on millennial-orbital timescales, Sci. Rep., 6(1), 2016.",NOAA,"d13C, d18O, mineralogy_petrology_fabric",,,,,,,6320.290383,3670.401961,2636.401565,2424.277701,1971.7,1329.6,1951.883254,1553.98041,,,4920.564661,3137.944633,1752.71663,1831.569982,SISAL_SiteID: 1; SISAL_EntityID: 5
1,Bittoo cave,30.7903,77.7764,3000.0,yes,,5,BT-2.4,current,,1-BT24,from top,limestone,Pleistocene,discontinuous carbonate,unknown,unknown,"closed forest, evergreen needle leaf",unknown,30.0,no,no,32.4,stalagmite,unknown,,yes,yes,Vienna-PDB,unknown,,no,no,yes,no,no,no,no,no,,,,,no,,,,,no,,,,,no,,,,,no,,,,,no,,,no,,no,"Cheng, Hai",https://www.ncdc.noaa.gov/paleo/study/20449,240.0,,SISAL_SampleID: 289836,,,,,,,,,,,,,,,,,,,,,,,,,,,,,,,,,,,,,,,,,,,,240.0,calcite,not applicable,,,,,,,,,,,,,,-5.66,0.08,-9.1,0.04,189205.0,,,StalAge,not applicable,not applicable,190577.9635,197129.22044300003,186773.648751,188748.2883,191404.736208,186306.567902,187557.5,189589.3,186235.7,189300.411,191285.97974,187721.58975,,,,190111.9767,195349.228672,186772.38823,187824.6244,189575.81067,185956.339712,,Calibrated radiocarbon years BP,per mille,per mille,per mille,per mille,,,,,,,,,,,,,,,,,,,,,,,,,,,,,,,,,m,m,,,degrees decimal,degrees decimal,meters a.s.l. ,,,,,,,,,1,10.1038/srep24374,"Kathayat, G., Cheng, H., Sinha, A., Spötl, C., Edwards, R. L., Zhang, H., Li, X., Yi, L., Ning, Y., Cai, Y., Lui, W. L. and Breitenbach, S. F. M.: Indian monsoon variability on millennial-orbital timescales, Sci. Rep., 6(1), 2016.",NOAA,"d13C, d18O, mineralogy_petrology_fabric",,,,,,,6551.256943,3804.314749,2656.447908,2441.720398,2031.8,1321.8,1985.56874,1578.82125,,,5237.251972,3339.58847,1751.18627,1868.284688,SISAL_SiteID: 1; SISAL_EntityID: 5
1,Bittoo cave,30.7903,77.7764,3000.0,yes,,5,BT-2.4,current,,1-BT24,from top,limestone,Pleistocene,discontinuous carbonate,unknown,unknown,"closed forest, evergreen needle leaf",unknown,30.0,no,no,32.4,stalagmite,unknown,,yes,yes,Vienna-PDB,unknown,,no,no,yes,no,no,no,no,no,,,,,no,,,,,no,,,,,no,,,,,no,,,,,no,,,no,,no,"Cheng, Hai",https://www.ncdc.noaa.gov/paleo/study/20449,241.2,,SISAL_SampleID: 289837,,,,,,,,,,,,,,,,,,,,,,,,,,,,,,,,,,,,,,,,,,,,241.2,calcite,not applicable,,,,,,,,,,,,,,-6.27,0.08,-9.53,0.04,189337.0,,,StalAge,not applicable,not applicable,190739.2028,197554.676528,186791.425663,188796.2535,191472.858631,186337.136455,187597.0,189683.45,186251.9,189358.6918,191343.580612,187779.02225,,,,190354.0979,195877.689307,186816.036995,187875.481,189634.44275,185984.195447,,Calibrated radiocarbon years BP,per mille,per mille,per mille,per mille,,,,,,,,,,,,,,,,,,,,,,,,,,,,,,,,,m,m,,,degrees decimal,degrees decimal,meters a.s.l. ,,,,,,,,,1,10.1038/srep24374,"Kathayat, G., Cheng, H., Sinha, A., Spötl, C., Edwards, R. L., Zhang, H., Li, X., Yi, L., Ning, Y., Cai, Y., Lui, W. L. and Breitenbach, S. F. M.: Indian monsoon variability on millennial-orbital timescales, Sci. Rep., 6(1), 2016.",NOAA,"d13C, d18O, mineralogy_petrology_fabric",,,,,,,6815.473728,3947.777137,2676.605131,2459.117045,2086.45,1345.1,1984.888812,1579.66955,,,5523.591407,3538.060905,1758.96175,1891.285553,SISAL_SiteID: 1; SISAL_EntityID: 5
1,Bittoo cave,30.7903,77.7764,3000.0,yes,,5,BT-2.4,current,,1-BT24,from top,limestone,Pleistocene,discontinuous carbonate,unknown,unknown,"closed forest, evergreen needle leaf",unknown,30.0,no,no,32.4,stalagmite,unknown,,yes,yes,Vienna-PDB,unknown,,no,no,yes,no,no,no,no,no,,,,,no,,,,,no,,,,,no,,,,,no,,,,,no,,,no,,no,"Cheng, Hai",https://www.ncdc.noaa.gov/paleo/study/20449,242.4,,SISAL_SampleID: 289838,,,,,,,,,,,,,,,,,,,,,,,,,,,,,,,,,,,,,,,,,,,,242.4,calcite,not applicable,,,,,,,,,,,,,,-6.17,0.08,-9.29,0.04,189469.0,,,StalAge,not applicable,not applicable,190897.3475,197964.596619,186812.625209,188843.6357,191541.239266,186364.181738,187638.0,189791.45,186270.6,189416.3425,191409.089958,187838.00245,,,,190577.7535,196408.563349,186847.346264,187926.1518,189699.914249,186008.603781,,Calibrated radiocarbon years BP,per mille,per mille,per mille,per mille,,,,,,,,,,,,,,,,,,,,,,,,,,,,,,,,,m,m,,,degrees decimal,degrees decimal,meters a.s.l. ,,,,,,,,,1,10.1038/srep24374,"Kathayat, G., Cheng, H., Sinha, A., Spötl, C., Edwards, R. L., Zhang, H., Li, X., Yi, L., Ning, Y., Cai, Y., Lui, W. L. and Breitenbach, S. F. M.: Indian monsoon variability on millennial-orbital timescales, Sci. Rep., 6(1), 2016.",NOAA,"d13C, d18O, mineralogy_petrology_fabric",,,,,,,7067.249119,4084.722291,2697.603566,2479.453962,2153.45,1367.4,1992.747458,1578.34005,,,5830.809849,3730.407236,1773.762449,1917.548019,SISAL_SiteID: 1; SISAL_EntityID: 5
1,Bittoo cave,30.7903,77.7764,3000.0,yes,,5,BT-2.4,current,,1-BT24,from top,limestone,Pleistocene,discontinuous carbonate,unknown,unknown,"closed forest, evergreen needle leaf",unknown,30.0,no,no,32.4,stalagmite,unknown,,yes,yes,Vienna-PDB,unknown,,no,no,yes,no,no,no,no,no,,,,,no,,,,,no,,,,,no,,,,,no,,,,,no,,,no,,no,"Cheng, Hai",https://www.ncdc.noaa.gov/paleo/study/20449,243.6,,SISAL_SampleID: 289839,,,,,,,,,,,,,,,,,,,,,,,,,,,,,,,,,,,,,,,,,,,,243.6,calcite,not applicable,,,,,,,,,,,,,,-5.39,0.08,-9.36,0.04,189601.0,,,StalAge,not applicable,not applicable,191055.4623,198357.196559,186836.438313,188890.3961,191609.194895,186391.226935,187689.5,189884.15,186289.75,189479.6217,191482.741216,187888.707144,,,,190797.4446,196942.665328,186881.512631,187981.2469,189767.939184,186032.889245,,Calibrated radiocarbon years BP,per mille,per mille,per mille,per mille,,,,,,,,,,,,,,,,,,,,,,,,,,,,,,,,,m,m,,,degrees decimal,degrees decimal,meters a.s.l. ,,,,,,,,,1,10.1038/srep24374,"Kathayat, G., Cheng, H., Sinha, A., Spötl, C., Edwards, R. L., Zhang, H., Li, X., Yi, L., Ning, Y., Cai, Y., Lui, W. L. and Breitenbach, S. F. M.: Indian monsoon variability on millennial-orbital timescales, Sci. Rep., 6(1), 2016.",NOAA,"d13C, d18O, mineralogy_petrology_fabric",,,,,,,7301.734259,4219.023987,2718.798795,2499.169165,2194.65,1399.75,2003.119516,1590.914556,,,6145.220728,3915.931969,1786.692284,1948.357655,SISAL_SiteID: 1; SISAL_EntityID: 5
1,Bittoo cave,30.7903,77.7764,3000.0,yes,,5,BT-2.4,current,,1-BT24,from top,limestone,Pleistocene,discontinuous carbonate,unknown,unknown,"closed forest, evergreen needle leaf",unknown,30.0,no,no,32.4,stalagmite,unknown,,yes,yes,Vienna-PDB,unknown,,no,no,yes,no,no,no,no,no,,,,,no,,,,,no,,,,,no,,,,,no,,,,,no,,,no,,no,"Cheng, Hai",https://www.ncdc.noaa.gov/paleo/study/20449,244.8,,SISAL_SampleID: 289840,,,,,,,,,,,,,,,,,,,,,,,,,,,,,,,,,,,,,,,,,,,,244.8,calcite,not applicable,,,,,,,,,,,,,,-5.15,0.08,-9.73,0.04,189733.0,,,StalAge,not applicable,not applicable,191206.1473,198756.733778,186865.45561,188937.1566,191676.485235,186418.272233,187724.0,189978.05,186330.25,189539.8053,191561.01114,187942.648466,,,,191018.6495,197439.601705,186921.411062,188039.4014,189829.516978,186064.749021,,Calibrated radiocarbon years BP,per mille,per mille,per mille,per mille,,,,,,,,,,,,,,,,,,,,,,,,,,,,,,,,,m,m,,,degrees decimal,degrees decimal,meters a.s.l. ,,,,,,,,,1,10.1038/srep24374,"Kathayat, G., Cheng, H., Sinha, A., Spötl, C., Edwards, R. L., Zhang, H., Li, X., Yi, L., Ning, Y., Cai, Y., Lui, W. L. and Breitenbach, S. F. M.: Indian monsoon variability on millennial-orbital timescales, Sci. Rep., 6(1), 2016.",NOAA,"d13C, d18O, mineralogy_petrology_fabric",,,,,,,7550.586478,4340.69169,2739.328635,2518.884367,2254.05,1393.75,2021.20584,1597.156834,,,6420.952205,4097.238438,1790.115578,1974.652379,SISAL_SiteID: 1; SISAL_EntityID: 5
1,Bittoo cave,30.7903,77.7764,3000.0,yes,,5,BT-2.4,current,,1-BT24,from top,limestone,Pleistocene,discontinuous carbonate,unknown,unknown,"closed forest, evergreen needle leaf",unknown,30.0,no,no,32.4,stalagmite,unknown,,yes,yes,Vienna-PDB,unknown,,no,no,yes,no,no,no,no,no,,,,,no,,,,,no,,,,,no,,,,,no,,,,,no,,,no,,no,"Cheng, Hai",https://www.ncdc.noaa.gov/paleo/study/20449,246.0,,SISAL_SampleID: 289841,,,,,,,,,,,,,,,,,,,,,,,,,,,,,,,,,,,,,,,,,,,,246.0,calcite,not applicable,,,,,,,,,,,,,,-5.38,0.08,-9.76,0.04,189865.0,,,StalAge,not applicable,not applicable,191363.9781,199204.880045,186879.270607,188982.9738,191744.589346,186445.317473,187768.5,190065.15,186351.9,189601.5394,191644.92287,187975.888508,,,,191249.1239,197960.752371,186952.559158,188092.5824,189888.103054,186099.609987,,Calibrated radiocarbon years BP,per mille,per mille,per mille,per mille,,,,,,,,,,,,,,,,,,,,,,,,,,,,,,,,,m,m,,,degrees decimal,degrees decimal,meters a.s.l. ,,,,,,,,,1,10.1038/srep24374,"Kathayat, G., Cheng, H., Sinha, A., Spötl, C., Edwards, R. L., Zhang, H., Li, X., Yi, L., Ning, Y., Cai, Y., Lui, W. L. and Breitenbach, S. F. M.: Indian monsoon variability on millennial-orbital timescales, Sci. Rep., 6(1), 2016.",NOAA,"d13C, d18O, mineralogy_petrology_fabric",,,,,,,7840.901945,4484.707493,2761.615546,2537.656327,2296.65,1416.6,2043.38347,1625.650892,,,6711.628471,4296.564742,1795.520654,1992.972413,SISAL_SiteID: 1; SISAL_EntityID: 5
1,Bittoo cave,30.7903,77.7764,3000.0,yes,,5,BT-2.4,current,,1-BT24,from top,limestone,Pleistocene,discontinuous carbonate,unknown,unknown,"closed forest, evergreen needle leaf",unknown,30.0,no,no,32.4,stalagmite,unknown,,yes,yes,Vienna-PDB,unknown,,no,no,yes,no,no,no,no,no,,,,,no,,,,,no,,,,,no,,,,,no,,,,,no,,,no,,no,"Cheng, Hai",https://www.ncdc.noaa.gov/paleo/study/20449,247.2,,SISAL_SampleID: 289842,,,,,,,,,,,,,,,,,,,,,,,,,,,,,,,,,,,,,,,,,,,,247.2,calcite,not applicable,,,,,,,,,,,,,,-5.18,0.08,-9.22,0.04,189997.0,,,StalAge,not applicable,not applicable,191529.3544,199651.567946,186909.351816,189029.1846,191812.69347,186472.362727,187823.0,190164.7,186383.8,189664.1165,191720.473924,188019.698386,,,,191465.25,198510.663298,187001.54682,188141.3214,189950.664607,186135.924932,,Calibrated radiocarbon years BP,per mille,per mille,per mille,per mille,,,,,,,,,,,,,,,,,,,,,,,,,,,,,,,,,m,m,,,degrees decimal,degrees decimal,meters a.s.l. ,,,,,,,,,1,10.1038/srep24374,"Kathayat, G., Cheng, H., Sinha, A., Spötl, C., Edwards, R. L., Zhang, H., Li, X., Yi, L., Ning, Y., Cai, Y., Lui, W. L. and Breitenbach, S. F. M.: Indian monsoon variability on millennial-orbital timescales, Sci. Rep., 6(1), 2016.",NOAA,"d13C, d18O, mineralogy_petrology_fabric",,,,,,,8122.213546,4620.002584,2783.50887,2556.821873,2341.7,1439.2,2056.357424,1644.418114,,,7045.413298,4463.70318,1809.343207,2005.396468,SISAL_SiteID: 1; SISAL_EntityID: 5
1,Bittoo cave,30.7903,77.7764,3000.0,yes,,5,BT-2.4,current,,1-BT24,from top,limestone,Pleistocene,discontinuous carbonate,unknown,unknown,"closed forest, evergreen needle leaf",unknown,30.0,no,no,32.4,stalagmite,unknown,,yes,yes,Vienna-PDB,unknown,,no,no,yes,no,no,no,no,no,,,,,no,,,,,no,,,,,no,,,,,no,,,,,no,,,no,,no,"Cheng, Hai",https://www.ncdc.noaa.gov/paleo/study/20449,248.4,,SISAL_SampleID: 289843,,,,,,,,,,,,,,,,,,,,,,,,,,,,,,,,,,,,,,,,,,,,248.4,calcite,not applicable,,,,,,,,,,,,,,-5.9,0.08,-9.58,0.04,190129.0,,,StalAge,not applicable,not applicable,191680.5469,200070.572785,186936.828335,189076.2487,191880.797564,186500.006338,187889.5,190275.15,186440.45,189727.2348,191817.976993,188053.243954,,,,191692.8352,199060.363246,187040.991458,188199.8853,190023.329506,186180.171233,,Calibrated radiocarbon years BP,per mille,per mille,per mille,per mille,,,,,,,,,,,,,,,,,,,,,,,,,,,,,,,,,m,m,,,degrees decimal,degrees decimal,meters a.s.l. ,,,,,,,,,1,10.1038/srep24374,"Kathayat, G., Cheng, H., Sinha, A., Spötl, C., Edwards, R. L., Zhang, H., Li, X., Yi, L., Ning, Y., Cai, Y., Lui, W. L. and Breitenbach, S. F. M.: Indian monsoon variability on millennial-orbital timescales, Sci. Rep., 6(1), 2016.",NOAA,"d13C, d18O, mineralogy_petrology_fabric",,,,,,,8390.025885,4743.718565,2804.548864,2576.242362,2385.65,1449.05,2090.742193,1673.990846,,,7367.528046,4651.843742,1823.444206,2019.714067,SISAL_SiteID: 1; SISAL_EntityID: 5
1,Bittoo cave,30.7903,77.7764,3000.0,yes,,5,BT-2.4,current,,1-BT24,from top,limestone,Pleistocene,discontinuous carbonate,unknown,unknown,"closed forest, evergreen needle leaf",unknown,30.0,no,no,32.4,stalagmite,unknown,,yes,yes,Vienna-PDB,unknown,,no,no,yes,no,no,no,no,no,,,,,no,,,,,no,,,,,no,,,,,no,,,,,no,,,no,,no,"Cheng, Hai",https://www.ncdc.noaa.gov/paleo/study/20449,248.8,,SISAL_SampleID: 289844,MC-ICP-MS U/Th,,BT2-8,calcite,,,190373.0,6673.0,6673.0,,,yes,202.5,0.9,1259.0,25.0,,,494.1917019,10.0007421,1.0065,0.0054,1.178687488,0.012676428,0.814430125,0.407215062,Cheng et al. 2013,190174.0,196837.0,183511.0,yes,yes,yes,yes,,yes,yes,,,,,,,248.8,calcite,not applicable,,,,,,,,,,,,,,-6.13,0.08,-9.26,0.04,190173.0,,,StalAge,not applicable,not applicable,191739.0742,200204.141847,186942.744558,189091.5548,191903.498954,186509.225063,187926.0,190312.05,186449.5,189743.8631,191841.092624,188068.032414,,,,191764.5738,199241.481163,187057.5277,188220.7323,190048.546192,186195.459846,,Calibrated radiocarbon years BP,per mille,per mille,per mille,per mille,,,,,,,,,,,,,,,,,,,ppb,ppb (2-sigma uncertainty),ppt,ppt (2-sigma uncertainty),,,activity ratio,2 Standard Deviations,activity ratio,2 Standard Deviations,activity ratio,2 Standard Deviations,activity ratio,2 Standard Deviations,m,m,,,degrees decimal,degrees decimal,meters a.s.l. ,,,year,year,year,year,year,year,1,10.1038/srep24374,"Kathayat, G., Cheng, H., Sinha, A., Spötl, C., Edwards, R. L., Zhang, H., Li, X., Yi, L., Ning, Y., Cai, Y., Lui, W. L. and Breitenbach, S. F. M.: Indian monsoon variability on millennial-orbital timescales, Sci. Rep., 6(1), 2016.",NOAA,"d13C, d18O, mineralogy_petrology_fabric",6663.0,6663.0,,,,,8465.067647,4796.329642,2811.944154,2582.329737,2386.05,1476.5,2097.229524,1675.830686,,,7476.907363,4707.0461,1827.813892,2025.272454,SISAL_SiteID: 1; SISAL_EntityID: 5
1,Bittoo cave,30.7903,77.7764,3000.0,yes,,5,BT-2.4,current,,1-BT24,from top,limestone,Pleistocene,discontinuous carbonate,unknown,unknown,"closed forest, evergreen needle leaf",unknown,30.0,no,no,32.4,stalagmite,unknown,,yes,yes,Vienna-PDB,unknown,,no,no,yes,no,no,no,no,no,,,,,no,,,,,no,,,,,no,,,,,no,,,,,no,,,no,,no,"Cheng, Hai",https://www.ncdc.noaa.gov/paleo/study/20449,249.6,,SISAL_SampleID: 289845,,,,,,,,,,,,,,,,,,,,,,,,,,,,,,,,,,,,,,,,,,,,249.6,calcite,not applicable,,,,,,,,,,,,,,-6.43,0.08,-9.83,0.04,190261.0,,,StalAge,not applicable,not applicable,191854.3444,200471.279873,186954.750723,189122.1509,191948.901713,186527.662491,187984.5,190353.0,186457.7,189779.6341,191910.28913,188094.73381,,,,191882.734,199482.31929,187080.56909,188258.7759,190095.911335,186222.109499,,Calibrated radiocarbon years BP,per mille,per mille,per mille,per mille,,,,,,,,,,,,,,,,,,,,,,,,,,,,,,,,,m,m,,,degrees decimal,degrees decimal,meters a.s.l. ,,,,,,,,,1,10.1038/srep24374,"Kathayat, G., Cheng, H., Sinha, A., Spötl, C., Edwards, R. L., Zhang, H., Li, X., Yi, L., Ning, Y., Cai, Y., Lui, W. L. and Breitenbach, S. F. M.: Indian monsoon variability on millennial-orbital timescales, Sci. Rep., 6(1), 2016.",NOAA,"d13C, d18O, mineralogy_petrology_fabric",,,,,,,8616.935473,4899.593677,2826.750813,2594.488409,2368.5,1526.8,2130.65503,1684.90029,,,7599.58529,4802.16491,1837.135435,2036.666401,SISAL_SiteID: 1; SISAL_EntityID: 5
1,Bittoo cave,30.7903,77.7764,3000.0,yes,,5,BT-2.4,current,,1-BT24,from top,limestone,Pleistocene,discontinuous carbonate,unknown,unknown,"closed forest, evergreen needle leaf",unknown,30.0,no,no,32.4,stalagmite,unknown,,yes,yes,Vienna-PDB,unknown,,no,no,yes,no,no,no,no,no,,,,,no,,,,,no,,,,,no,,,,,no,,,,,no,,,no,,no,"Cheng, Hai",https://www.ncdc.noaa.gov/paleo/study/20449,250.8,,SISAL_SampleID: 289846,,,,,,,,,,,,,,,,,,,,,,,,,,,,,,,,,,,,,,,,,,,,250.8,calcite,not applicable,,,,,,,,,,,,,,-5.87,0.08,-9.88,0.04,190393.0,,,StalAge,not applicable,not applicable,192019.0142,200871.986811,186981.206418,189169.1255,192017.005802,186555.318583,188034.0,190476.4,186507.75,189839.2475,191972.159102,188134.935828,,,,192045.3205,199849.618596,187108.100037,188299.8977,190153.792423,186246.137705,,Calibrated radiocarbon years BP,per mille,per mille,per mille,per mille,,,,,,,,,,,,,,,,,,,,,,,,,,,,,,,,,m,m,,,degrees decimal,degrees decimal,meters a.s.l. ,,,,,,,,,1,10.1038/srep24374,"Kathayat, G., Cheng, H., Sinha, A., Spötl, C., Edwards, R. L., Zhang, H., Li, X., Yi, L., Ning, Y., Cai, Y., Lui, W. L. and Breitenbach, S. F. M.: Indian monsoon variability on millennial-orbital timescales, Sci. Rep., 6(1), 2016.",NOAA,"d13C, d18O, mineralogy_petrology_fabric",,,,,,,8852.972611,5037.807782,2847.880302,2613.806917,2442.4,1526.25,2132.911602,1704.311672,,,7804.298096,4937.220463,1853.894723,2053.759995,SISAL_SiteID: 1; SISAL_EntityID: 5
1,Bittoo cave,30.7903,77.7764,3000.0,yes,,5,BT-2.4,current,,1-BT24,from top,limestone,Pleistocene,discontinuous carbonate,unknown,unknown,"closed forest, evergreen needle leaf",unknown,30.0,no,no,32.4,stalagmite,unknown,,yes,yes,Vienna-PDB,unknown,,no,no,yes,no,no,no,no,no,,,,,no,,,,,no,,,,,no,,,,,no,,,,,no,,,no,,no,"Cheng, Hai",https://www.ncdc.noaa.gov/paleo/study/20449,252.0,,SISAL_SampleID: 289847,,,,,,,,,,,,,,,,,,,,,,,,,,,,,,,,,,,,,,,,,,,,252.0,calcite,not applicable,,,,,,,,,,,,,,-5.76,0.08,-9.0,0.04,190525.0,,,StalAge,not applicable,not applicable,192177.9325,201302.475883,186990.876288,189216.209,192085.109935,186582.974719,188078.5,190584.0,186525.0,189898.6608,192048.78219,188192.07131,,,,192199.8184,200230.227572,187142.530725,188335.1937,190206.55514,186260.200547,,Calibrated radiocarbon years BP,per mille,per mille,per mille,per mille,,,,,,,,,,,,,,,,,,,,,,,,,,,,,,,,,m,m,,,degrees decimal,degrees decimal,meters a.s.l. ,,,,,,,,,1,10.1038/srep24374,"Kathayat, G., Cheng, H., Sinha, A., Spötl, C., Edwards, R. L., Zhang, H., Li, X., Yi, L., Ning, Y., Cai, Y., Lui, W. L. and Breitenbach, S. F. M.: Indian monsoon variability on millennial-orbital timescales, Sci. Rep., 6(1), 2016.",NOAA,"d13C, d18O, mineralogy_petrology_fabric",,,,,,,9124.543383,5187.056212,2868.900935,2633.234281,2505.5,1553.5,2150.12139,1706.58949,,,8030.409172,5057.287675,1871.36144,2074.993153,SISAL_SiteID: 1; SISAL_EntityID: 5
1,Bittoo cave,30.7903,77.7764,3000.0,yes,,5,BT-2.4,current,,1-BT24,from top,limestone,Pleistocene,discontinuous carbonate,unknown,unknown,"closed forest, evergreen needle leaf",unknown,30.0,no,no,32.4,stalagmite,unknown,,yes,yes,Vienna-PDB,unknown,,no,no,yes,no,no,no,no,no,,,,,no,,,,,no,,,,,no,,,,,no,,,,,no,,,no,,no,"Cheng, Hai",https://www.ncdc.noaa.gov/paleo/study/20449,253.2,,SISAL_SampleID: 289848,,,,,,,,,,,,,,,,,,,,,,,,,,,,,,,,,,,,,,,,,,,,253.2,calcite,not applicable,,,,,,,,,,,,,,-4.04,0.08,-7.35,0.04,190657.0,,,StalAge,not applicable,not applicable,192342.3623,201735.616973,187027.811806,189263.0117,192153.214108,186610.630896,188137.0,190672.5,186540.0,189960.108,192123.168736,188251.18449,,,,192361.9535,200610.836489,187166.490166,188374.6448,190262.363805,186274.010988,,Calibrated radiocarbon years BP,per mille,per mille,per mille,per mille,,,,,,,,,,,,,,,,,,,,,,,,,,,,,,,,,m,m,,,degrees decimal,degrees decimal,meters a.s.l. ,,,,,,,,,1,10.1038/srep24374,"Kathayat, G., Cheng, H., Sinha, A., Spötl, C., Edwards, R. L., Zhang, H., Li, X., Yi, L., Ning, Y., Cai, Y., Lui, W. L. and Breitenbach, S. F. M.: Indian monsoon variability on millennial-orbital timescales, Sci. Rep., 6(1), 2016.",NOAA,"d13C, d18O, mineralogy_petrology_fabric",,,,,,,9393.254673,5314.550494,2890.202408,2652.380804,2535.5,1597.0,2163.060736,1708.92351,,,8248.882989,5195.463334,1887.719005,2100.633812,SISAL_SiteID: 1; SISAL_EntityID: 5
1,Bittoo cave,30.7903,77.7764,3000.0,yes,,5,BT-2.4,current,,1-BT24,from top,limestone,Pleistocene,discontinuous carbonate,unknown,unknown,"closed forest, evergreen needle leaf",unknown,30.0,no,no,32.4,stalagmite,unknown,,yes,yes,Vienna-PDB,unknown,,no,no,yes,no,no,no,no,no,,,,,no,,,,,no,,,,,no,,,,,no,,,,,no,,,no,,no,"Cheng, Hai",https://www.ncdc.noaa.gov/paleo/study/20449,254.4,,SISAL_SampleID: 289849,,,,,,,,,,,,,,,,,,,,,,,,,,,,,,,,,,,,,,,,,,,,254.4,calcite,not applicable,,,,,,,,,,,,,,-3.56,0.08,-7.53,0.04,190789.0,,,StalAge,not applicable,not applicable,192496.6782,202168.758036,187051.087264,189309.4982,192221.31825,186639.48258,188175.0,190750.9,186577.95,190019.1092,192192.156974,188295.14208,,,,192520.0023,200991.445466,187179.129492,188413.7704,190318.109723,186290.544087,,Calibrated radiocarbon years BP,per mille,per mille,per mille,per mille,,,,,,,,,,,,,,,,,,,,,,,,,,,,,,,,,m,m,,,degrees decimal,degrees decimal,meters a.s.l. ,,,,,,,,,1,10.1038/srep24374,"Kathayat, G., Cheng, H., Sinha, A., Spötl, C., Edwards, R. L., Zhang, H., Li, X., Yi, L., Ning, Y., Cai, Y., Lui, W. L. and Breitenbach, S. F. M.: Indian monsoon variability on millennial-orbital timescales, Sci. Rep., 6(1), 2016.",NOAA,"d13C, d18O, mineralogy_petrology_fabric",,,,,,,9672.079836,5445.590936,2911.82005,2670.01562,2575.9,1597.05,2173.047774,1723.96712,,,8471.443166,5340.872808,1904.339323,2123.226313,SISAL_SiteID: 1; SISAL_EntityID: 5
1,Bittoo cave,30.7903,77.7764,3000.0,yes,,5,BT-2.4,current,,1-BT24,from top,limestone,Pleistocene,discontinuous carbonate,unknown,unknown,"closed forest, evergreen needle leaf",unknown,30.0,no,no,32.4,stalagmite,unknown,,yes,yes,Vienna-PDB,unknown,,no,no,yes,no,no,no,no,no,,,,,no,,,,,no,,,,,no,,,,,no,,,,,no,,,no,,no,"Cheng, Hai",https://www.ncdc.noaa.gov/paleo/study/20449,255.6,,SISAL_SampleID: 289850,,,,,,,,,,,,,,,,,,,,,,,,,,,,,,,,,,,,,,,,,,,,255.6,calcite,not applicable,,,,,,,,,,,,,,-3.98,0.08,-7.79,0.04,190921.0,,,StalAge,not applicable,not applicable,192661.2576,202599.511099,187064.201414,189355.9847,192289.422393,186671.682929,188216.5,190821.6,186612.95,190077.0482,192269.113918,188348.260199,,,,192681.4545,201371.489532,187191.454167,188451.3122,190374.563008,186309.270538,,Calibrated radiocarbon years BP,per mille,per mille,per mille,per mille,,,,,,,,,,,,,,,,,,,,,,,,,,,,,,,,,m,m,,,degrees decimal,degrees decimal,meters a.s.l. ,,,,,,,,,1,10.1038/srep24374,"Kathayat, G., Cheng, H., Sinha, A., Spötl, C., Edwards, R. L., Zhang, H., Li, X., Yi, L., Ning, Y., Cai, Y., Lui, W. L. and Breitenbach, S. F. M.: Indian monsoon variability on millennial-orbital timescales, Sci. Rep., 6(1), 2016.",NOAA,"d13C, d18O, mineralogy_petrology_fabric",,,,,,,9938.253499,5597.056186,2933.437693,2684.301771,2605.1,1603.55,2192.065718,1728.788001,,,8690.035032,5490.000333,1923.250808,2142.041662,SISAL_SiteID: 1; SISAL_EntityID: 5
1,Bittoo cave,30.7903,77.7764,3000.0,yes,,5,BT-2.4,current,,1-BT24,from top,limestone,Pleistocene,discontinuous carbonate,unknown,unknown,"closed forest, evergreen needle leaf",unknown,30.0,no,no,32.4,stalagmite,unknown,,yes,yes,Vienna-PDB,unknown,,no,no,yes,no,no,no,no,no,,,,,no,,,,,no,,,,,no,,,,,no,,,,,no,,,no,,no,"Cheng, Hai",https://www.ncdc.noaa.gov/paleo/study/20449,256.8,,SISAL_SampleID: 289851,,,,,,,,,,,,,,,,,,,,,,,,,,,,,,,,,,,,,,,,,,,,256.8,calcite,not applicable,,,,,,,,,,,,,,-4.25,0.08,-7.48,0.04,191053.0,,,StalAge,not applicable,not applicable,192814.5848,203019.65883,187089.033624,189402.4712,192357.526535,186701.586231,188263.5,190861.85,186643.25,190133.1833,192334.50303,188391.267417,,,,192840.6658,201749.188912,187213.862789,188488.9463,190434.15181,186327.154459,,Calibrated radiocarbon years BP,per mille,per mille,per mille,per mille,,,,,,,,,,,,,,,,,,,,,,,,,,,,,,,,,m,m,,,degrees decimal,degrees decimal,meters a.s.l. ,,,,,,,,,1,10.1038/srep24374,"Kathayat, G., Cheng, H., Sinha, A., Spötl, C., Edwards, R. L., Zhang, H., Li, X., Yi, L., Ning, Y., Cai, Y., Lui, W. L. and Breitenbach, S. F. M.: Indian monsoon variability on millennial-orbital timescales, Sci. Rep., 6(1), 2016.",NOAA,"d13C, d18O, mineralogy_petrology_fabric",,,,,,,10205.07403,5725.551176,2955.055335,2700.884969,2598.35,1620.25,2201.31973,1741.915883,,,8908.523112,5626.803011,1945.20551,2161.791841,SISAL_SiteID: 1; SISAL_EntityID: 5
1,Bittoo cave,30.7903,77.7764,3000.0,yes,,5,BT-2.4,current,,1-BT24,from top,limestone,Pleistocene,discontinuous carbonate,unknown,unknown,"closed forest, evergreen needle leaf",unknown,30.0,no,no,32.4,stalagmite,unknown,,yes,yes,Vienna-PDB,unknown,,no,no,yes,no,no,no,no,no,,,,,no,,,,,no,,,,,no,,,,,no,,,,,no,,,no,,no,"Cheng, Hai",https://www.ncdc.noaa.gov/paleo/study/20449,258.0,,SISAL_SampleID: 289852,,,,,,,,,,,,,,,,,,,,,,,,,,,,,,,,,,,,,,,,,,,,258.0,calcite,not applicable,,,,,,,,,,,,,,-11.22,0.08,-4.52,0.04,191185.0,,,StalAge,not applicable,not applicable,192968.4734,203432.29284,187122.995981,189450.0317,192425.630582,186730.727977,188291.0,190878.15,186660.45,190192.932,192408.60596,188430.04457,,,,193001.7465,202118.244346,187232.051988,188528.4816,190493.468018,186338.805208,,Calibrated radiocarbon years BP,per mille,per mille,per mille,per mille,,,,,,,,,,,,,,,,,,,,,,,,,,,,,,,,,m,m,,,degrees decimal,degrees decimal,meters a.s.l. ,,,,,,,,,1,10.1038/srep24374,"Kathayat, G., Cheng, H., Sinha, A., Spötl, C., Edwards, R. L., Zhang, H., Li, X., Yi, L., Ning, Y., Cai, Y., Lui, W. L. and Breitenbach, S. F. M.: Indian monsoon variability on millennial-orbital timescales, Sci. Rep., 6(1), 2016.",NOAA,"d13C, d18O, mineralogy_petrology_fabric",,,,,,,10463.81944,5845.477419,2975.598882,2719.303723,2587.15,1630.55,2215.67396,1762.88743,,,9116.497846,5769.694512,1964.986418,2189.676392,SISAL_SiteID: 1; SISAL_EntityID: 5
1,Bittoo cave,30.7903,77.7764,3000.0,yes,,5,BT-2.4,current,,1-BT24,from top,limestone,Pleistocene,discontinuous carbonate,unknown,unknown,"closed forest, evergreen needle leaf",unknown,30.0,no,no,32.4,stalagmite,unknown,,yes,yes,Vienna-PDB,unknown,,no,no,yes,no,no,no,no,no,,,,,no,,,,,no,,,,,no,,,,,no,,,,,no,,,no,,no,"Cheng, Hai",https://www.ncdc.noaa.gov/paleo/study/20449,259.2,,SISAL_SampleID: 289853,,,,,,,,,,,,,,,,,,,,,,,,,,,,,,,,,,,,,,,,,,,,259.2,calcite,not applicable,,,,,,,,,,,,,,-11.39,0.08,-4.65,0.04,191317.0,,,StalAge,not applicable,not applicable,193140.7433,203830.63312,187148.41353,189496.6132,192493.734729,186761.188247,188310.0,190974.3,186677.55,190257.1274,192486.328598,188473.973918,,,,193170.6242,202501.583258,187249.480152,188569.1755,190552.588129,186344.074329,,Calibrated radiocarbon years BP,per mille,per mille,per mille,per mille,,,,,,,,,,,,,,,,,,,,,,,,,,,,,,,,,m,m,,,degrees decimal,degrees decimal,meters a.s.l. ,,,,,,,,,1,10.1038/srep24374,"Kathayat, G., Cheng, H., Sinha, A., Spötl, C., Edwards, R. L., Zhang, H., Li, X., Yi, L., Ning, Y., Cai, Y., Lui, W. L. and Breitenbach, S. F. M.: Indian monsoon variability on millennial-orbital timescales, Sci. Rep., 6(1), 2016.",NOAA,"d13C, d18O, mineralogy_petrology_fabric",,,,,,,10689.88982,5992.32977,2997.121529,2735.424953,2664.3,1632.45,2229.201198,1783.153482,,,9330.959058,5921.144048,1983.412629,2225.101171,SISAL_SiteID: 1; SISAL_EntityID: 5
1,Bittoo cave,30.7903,77.7764,3000.0,yes,,5,BT-2.4,current,,1-BT24,from top,limestone,Pleistocene,discontinuous carbonate,unknown,unknown,"closed forest, evergreen needle leaf",unknown,30.0,no,no,32.4,stalagmite,unknown,,yes,yes,Vienna-PDB,unknown,,no,no,yes,no,no,no,no,no,,,,,no,,,,,no,,,,,no,,,,,no,,,,,no,,,no,,no,"Cheng, Hai",https://www.ncdc.noaa.gov/paleo/study/20449,260.4,,SISAL_SampleID: 289854,,,,,,,,,,,,,,,,,,,,,,,,,,,,,,,,,,,,,,,,,,,,260.4,calcite,not applicable,,,,,,,,,,,,,,-11.73,0.08,-4.19,0.04,191449.0,,,StalAge,not applicable,not applicable,193298.423,204228.9733,187168.845003,189542.8434,192561.838906,186792.309226,188332.5,190992.75,186700.8,190314.3309,192567.284298,188516.702704,,,,193327.4152,202891.850564,187263.568505,188606.6959,190618.242664,186351.059233,,Calibrated radiocarbon years BP,per mille,per mille,per mille,per mille,,,,,,,,,,,,,,,,,,,,,,,,,,,,,,,,,m,m,,,degrees decimal,degrees decimal,meters a.s.l. ,,,,,,,,,1,10.1038/srep24374,"Kathayat, G., Cheng, H., Sinha, A., Spötl, C., Edwards, R. L., Zhang, H., Li, X., Yi, L., Ning, Y., Cai, Y., Lui, W. L. and Breitenbach, S. F. M.: Indian monsoon variability on millennial-orbital timescales, Sci. Rep., 6(1), 2016.",NOAA,"d13C, d18O, mineralogy_petrology_fabric",,,,,,,10930.5503,6129.577997,3018.995506,2750.534174,2660.25,1631.7,2252.953398,1797.628196,,,9564.435364,6063.846695,2011.546764,2255.636667,SISAL_SiteID: 1; SISAL_EntityID: 5
